group,run_name,run_dir,seed,test_acc,test_macro_f1,test_teacher_agreement,dataset_npz
ablation1_student_only_tcn_attn,ablation1_student_only_tcn_attn_weld_seam_windows_ws5_tf75_pg0_h1_ep80_lr0.0003_bs128_seed154,ablation_experiments/h1/results/run_20260327_131013/ablation1_sweep/trials/trial_0001_A/ablation1_student_only_tcn_attn_weld_seam_windows_ws5_tf75_pg0_h1_ep80_lr0.0003_bs128_seed154,154,0.9213,0.902456,-1.0,Data/processed_data/weld_seam_windows_ws5_tf75_pg0_h1.npz
ablation1_student_only_tcn_attn,ablation1_student_only_tcn_attn_weld_seam_windows_ws5_tf75_pg0_h1_ep80_lr0.0002_bs96_seed152,ablation_experiments/h1/results/run_20260327_131013/ablation1_sweep/trials/trial_0002_A/ablation1_student_only_tcn_attn_weld_seam_windows_ws5_tf75_pg0_h1_ep80_lr0.0002_bs96_seed152,152,0.8848,0.850471,-1.0,Data/processed_data/weld_seam_windows_ws5_tf75_pg0_h1.npz
ablation1_student_only_tcn_attn,ablation1_student_only_tcn_attn_weld_seam_windows_ws5_tf75_pg0_h1_ep80_lr0.00025_bs128_seed136,ablation_experiments/h1/results/run_20260327_131013/ablation1_sweep/trials/trial_0003_A/ablation1_student_only_tcn_attn_weld_seam_windows_ws5_tf75_pg0_h1_ep80_lr0.00025_bs128_seed136,136,0.8792,0.838587,-1.0,Data/processed_data/weld_seam_windows_ws5_tf75_pg0_h1.npz
ablation1_student_only_tcn_attn,ablation1_student_only_tcn_attn_weld_seam_windows_ws5_tf75_pg0_h1_ep80_lr0.00015_bs96_seed156,ablation_experiments/h1/results/run_20260327_131013/ablation1_sweep/trials/trial_0004_A/ablation1_student_only_tcn_attn_weld_seam_windows_ws5_tf75_pg0_h1_ep80_lr0.00015_bs96_seed156,156,0.9831,0.977795,-1.0,Data/processed_data/weld_seam_windows_ws5_tf75_pg0_h1.npz
ablation1_student_only_tcn_attn,ablation1_student_only_tcn_attn_weld_seam_windows_ws5_tf75_pg0_h1_ep80_lr0.00025_bs64_seed105,ablation_experiments/h1/results/run_20260327_131013/ablation1_sweep/trials/trial_0005_A/ablation1_student_only_tcn_attn_weld_seam_windows_ws5_tf75_pg0_h1_ep80_lr0.00025_bs64_seed105,105,0.9213,0.891846,-1.0,Data/processed_data/weld_seam_windows_ws5_tf75_pg0_h1.npz
ablation1_student_only_tcn_attn,ablation1_student_only_tcn_attn_weld_seam_windows_ws5_tf75_pg0_h1_ep80_lr0.00015_bs128_seed108,ablation_experiments/h1/results/run_20260327_131013/ablation1_sweep/trials/trial_0006_A/ablation1_student_only_tcn_attn_weld_seam_windows_ws5_tf75_pg0_h1_ep80_lr0.00015_bs128_seed108,108,0.8371,0.792489,-1.0,Data/processed_data/weld_seam_windows_ws5_tf75_pg0_h1.npz
ablation1_student_only_tcn_attn,ablation1_student_only_tcn_attn_weld_seam_windows_ws5_tf75_pg0_h1_ep80_lr0.0001_bs96_seed113,ablation_experiments/h1/results/run_20260327_131013/ablation1_sweep/trials/trial_0007_A/ablation1_student_only_tcn_attn_weld_seam_windows_ws5_tf75_pg0_h1_ep80_lr0.0001_bs96_seed113,113,0.9803000000000001,0.973757,-1.0,Data/processed_data/weld_seam_windows_ws5_tf75_pg0_h1.npz
ablation1_student_only_tcn_attn,ablation1_student_only_tcn_attn_weld_seam_windows_ws5_tf75_pg0_h1_ep80_lr0.0001_bs96_seed133,ablation_experiments/h1/results/run_20260327_131013/ablation1_sweep/trials/trial_0008_A/ablation1_student_only_tcn_attn_weld_seam_windows_ws5_tf75_pg0_h1_ep80_lr0.0001_bs96_seed133,133,0.8511,0.811401,-1.0,Data/processed_data/weld_seam_windows_ws5_tf75_pg0_h1.npz
ablation1_student_only_tcn_attn,ablation1_student_only_tcn_attn_weld_seam_windows_ws5_tf75_pg0_h1_ep80_lr0.0003_bs96_seed107,ablation_experiments/h1/results/run_20260327_131013/ablation1_sweep/trials/trial_0009_A/ablation1_student_only_tcn_attn_weld_seam_windows_ws5_tf75_pg0_h1_ep80_lr0.0003_bs96_seed107,107,0.8708,0.830423,-1.0,Data/processed_data/weld_seam_windows_ws5_tf75_pg0_h1.npz
ablation1_student_only_tcn_attn,ablation1_student_only_tcn_attn_weld_seam_windows_ws5_tf75_pg0_h1_ep80_lr0.0001_bs96_seed146,ablation_experiments/h1/results/run_20260327_131013/ablation1_sweep/trials/trial_0010_A/ablation1_student_only_tcn_attn_weld_seam_windows_ws5_tf75_pg0_h1_ep80_lr0.0001_bs96_seed146,146,0.9157,0.900109,-1.0,Data/processed_data/weld_seam_windows_ws5_tf75_pg0_h1.npz
ablation1_student_only_tcn_attn,ablation1_student_only_tcn_attn_weld_seam_windows_ws5_tf75_pg0_h1_ep80_lr0.0001_bs64_seed106,ablation_experiments/h1/results/run_20260327_131013/ablation1_sweep/trials/trial_0011_A/ablation1_student_only_tcn_attn_weld_seam_windows_ws5_tf75_pg0_h1_ep80_lr0.0001_bs64_seed106,106,0.8876000000000001,0.867423,-1.0,Data/processed_data/weld_seam_windows_ws5_tf75_pg0_h1.npz
ablation1_student_only_tcn_attn,ablation1_student_only_tcn_attn_weld_seam_windows_ws5_tf75_pg0_h1_ep80_lr0.0001_bs96_seed114,ablation_experiments/h1/results/run_20260327_131013/ablation1_sweep/trials/trial_0012_A/ablation1_student_only_tcn_attn_weld_seam_windows_ws5_tf75_pg0_h1_ep80_lr0.0001_bs96_seed114,114,0.8454999999999999,0.799491,-1.0,Data/processed_data/weld_seam_windows_ws5_tf75_pg0_h1.npz
ablation1_student_only_tcn_attn,ablation1_student_only_tcn_attn_weld_seam_windows_ws5_tf75_pg0_h1_ep80_lr0.00015_bs128_seed131,ablation_experiments/h1/results/run_20260327_131013/ablation1_sweep/trials/trial_0013_A/ablation1_student_only_tcn_attn_weld_seam_windows_ws5_tf75_pg0_h1_ep80_lr0.00015_bs128_seed131,131,0.8736,0.843088,-1.0,Data/processed_data/weld_seam_windows_ws5_tf75_pg0_h1.npz
ablation1_student_only_tcn_attn,ablation1_student_only_tcn_attn_weld_seam_windows_ws5_tf75_pg0_h1_ep80_lr0.0004_bs64_seed144,ablation_experiments/h1/results/run_20260327_131013/ablation1_sweep/trials/trial_0014_A/ablation1_student_only_tcn_attn_weld_seam_windows_ws5_tf75_pg0_h1_ep80_lr0.0004_bs64_seed144,144,0.9017000000000001,0.878827,-1.0,Data/processed_data/weld_seam_windows_ws5_tf75_pg0_h1.npz
ablation1_student_only_tcn_attn,ablation1_student_only_tcn_attn_weld_seam_windows_ws5_tf75_pg0_h1_ep80_lr0.00015_bs64_seed109,ablation_experiments/h1/results/run_20260327_131013/ablation1_sweep/trials/trial_0015_A/ablation1_student_only_tcn_attn_weld_seam_windows_ws5_tf75_pg0_h1_ep80_lr0.00015_bs64_seed109,109,0.8427,0.79789,-1.0,Data/processed_data/weld_seam_windows_ws5_tf75_pg0_h1.npz
ablation1_student_only_tcn_attn,ablation1_student_only_tcn_attn_weld_seam_windows_ws5_tf75_pg0_h1_ep80_lr0.0004_bs128_seed120,ablation_experiments/h1/results/run_20260327_131013/ablation1_sweep/trials/trial_0016_A/ablation1_student_only_tcn_attn_weld_seam_windows_ws5_tf75_pg0_h1_ep80_lr0.0004_bs128_seed120,120,0.8427,0.785167,-1.0,Data/processed_data/weld_seam_windows_ws5_tf75_pg0_h1.npz
ablation1_student_only_tcn_attn,ablation1_student_only_tcn_attn_weld_seam_windows_ws5_tf75_pg0_h1_ep80_lr0.00025_bs128_seed152,ablation_experiments/h1/results/run_20260327_131013/ablation1_sweep/trials/trial_0017_A/ablation1_student_only_tcn_attn_weld_seam_windows_ws5_tf75_pg0_h1_ep80_lr0.00025_bs128_seed152,152,0.8933,0.861503,-1.0,Data/processed_data/weld_seam_windows_ws5_tf75_pg0_h1.npz
ablation1_student_only_tcn_attn,ablation1_student_only_tcn_attn_weld_seam_windows_ws5_tf75_pg0_h1_ep80_lr0.00015_bs64_seed117,ablation_experiments/h1/results/run_20260327_131013/ablation1_sweep/trials/trial_0018_A/ablation1_student_only_tcn_attn_weld_seam_windows_ws5_tf75_pg0_h1_ep80_lr0.00015_bs64_seed117,117,0.8118000000000001,0.778226,-1.0,Data/processed_data/weld_seam_windows_ws5_tf75_pg0_h1.npz
ablation1_student_only_tcn_attn,ablation1_student_only_tcn_attn_weld_seam_windows_ws5_tf75_pg0_h1_ep80_lr0.0001_bs64_seed137,ablation_experiments/h1/results/run_20260327_131013/ablation1_sweep/trials/trial_0019_A/ablation1_student_only_tcn_attn_weld_seam_windows_ws5_tf75_pg0_h1_ep80_lr0.0001_bs64_seed137,137,0.8904000000000001,0.863405,-1.0,Data/processed_data/weld_seam_windows_ws5_tf75_pg0_h1.npz
ablation1_student_only_tcn_attn,ablation1_student_only_tcn_attn_weld_seam_windows_ws5_tf75_pg0_h1_ep80_lr0.00025_bs96_seed155,ablation_experiments/h1/results/run_20260327_131013/ablation1_sweep/trials/trial_0020_A/ablation1_student_only_tcn_attn_weld_seam_windows_ws5_tf75_pg0_h1_ep80_lr0.00025_bs96_seed155,155,0.9185,0.879642,-1.0,Data/processed_data/weld_seam_windows_ws5_tf75_pg0_h1.npz
ablation1_student_only_tcn_attn,ablation1_student_only_tcn_attn_weld_seam_windows_ws5_tf75_pg0_h1_ep80_lr0.00015_bs128_seed127,ablation_experiments/h1/results/run_20260327_131013/ablation1_sweep/trials/trial_0021_A/ablation1_student_only_tcn_attn_weld_seam_windows_ws5_tf75_pg0_h1_ep80_lr0.00015_bs128_seed127,127,0.9073,0.877887,-1.0,Data/processed_data/weld_seam_windows_ws5_tf75_pg0_h1.npz
ablation1_student_only_tcn_attn,ablation1_student_only_tcn_attn_weld_seam_windows_ws5_tf75_pg0_h1_ep80_lr0.0002_bs128_seed122,ablation_experiments/h1/results/run_20260327_131013/ablation1_sweep/trials/trial_0022_A/ablation1_student_only_tcn_attn_weld_seam_windows_ws5_tf75_pg0_h1_ep80_lr0.0002_bs128_seed122,122,0.9045000000000001,0.861749,-1.0,Data/processed_data/weld_seam_windows_ws5_tf75_pg0_h1.npz
ablation1_student_only_tcn_attn,ablation1_student_only_tcn_attn_weld_seam_windows_ws5_tf75_pg0_h1_ep80_lr0.0002_bs96_seed136,ablation_experiments/h1/results/run_20260327_131013/ablation1_sweep/trials/trial_0023_A/ablation1_student_only_tcn_attn_weld_seam_windows_ws5_tf75_pg0_h1_ep80_lr0.0002_bs96_seed136,136,0.8876000000000001,0.867258,-1.0,Data/processed_data/weld_seam_windows_ws5_tf75_pg0_h1.npz
ablation1_student_only_tcn_attn,ablation1_student_only_tcn_attn_weld_seam_windows_ws5_tf75_pg0_h1_ep80_lr0.00025_bs96_seed114,ablation_experiments/h1/results/run_20260327_131013/ablation1_sweep/trials/trial_0024_A/ablation1_student_only_tcn_attn_weld_seam_windows_ws5_tf75_pg0_h1_ep80_lr0.00025_bs96_seed114,114,0.9101,0.889018,-1.0,Data/processed_data/weld_seam_windows_ws5_tf75_pg0_h1.npz
ablation1_student_only_tcn_attn,ablation1_student_only_tcn_attn_weld_seam_windows_ws5_tf75_pg0_h1_ep80_lr0.0003_bs96_seed114,ablation_experiments/h1/results/run_20260327_131013/ablation1_sweep/trials/trial_0025_A/ablation1_student_only_tcn_attn_weld_seam_windows_ws5_tf75_pg0_h1_ep80_lr0.0003_bs96_seed114,114,0.8961,0.868504,-1.0,Data/processed_data/weld_seam_windows_ws5_tf75_pg0_h1.npz
ablation1_student_only_tcn_attn,ablation1_student_only_tcn_attn_weld_seam_windows_ws5_tf75_pg0_h1_ep80_lr0.0004_bs64_seed121,ablation_experiments/h1/results/run_20260327_131013/ablation1_sweep/trials/trial_0026_A/ablation1_student_only_tcn_attn_weld_seam_windows_ws5_tf75_pg0_h1_ep80_lr0.0004_bs64_seed121,121,0.9017000000000001,0.879826,-1.0,Data/processed_data/weld_seam_windows_ws5_tf75_pg0_h1.npz
ablation1_student_only_tcn_attn,ablation1_student_only_tcn_attn_weld_seam_windows_ws5_tf75_pg0_h1_ep80_lr0.0001_bs128_seed121,ablation_experiments/h1/results/run_20260327_131013/ablation1_sweep/trials/trial_0027_A/ablation1_student_only_tcn_attn_weld_seam_windows_ws5_tf75_pg0_h1_ep80_lr0.0001_bs128_seed121,121,0.8876000000000001,0.8637,-1.0,Data/processed_data/weld_seam_windows_ws5_tf75_pg0_h1.npz
ablation1_student_only_tcn_attn,ablation1_student_only_tcn_attn_weld_seam_windows_ws5_tf75_pg0_h1_ep80_lr0.00025_bs64_seed119,ablation_experiments/h1/results/run_20260327_131013/ablation1_sweep/trials/trial_0028_A/ablation1_student_only_tcn_attn_weld_seam_windows_ws5_tf75_pg0_h1_ep80_lr0.00025_bs64_seed119,119,0.9354,0.914906,-1.0,Data/processed_data/weld_seam_windows_ws5_tf75_pg0_h1.npz
ablation1_student_only_tcn_attn,ablation1_student_only_tcn_attn_weld_seam_windows_ws5_tf75_pg0_h1_ep80_lr0.00025_bs64_seed101,ablation_experiments/h1/results/run_20260327_131013/ablation1_sweep/trials/trial_0029_A/ablation1_student_only_tcn_attn_weld_seam_windows_ws5_tf75_pg0_h1_ep80_lr0.00025_bs64_seed101,101,0.868,0.840049,-1.0,Data/processed_data/weld_seam_windows_ws5_tf75_pg0_h1.npz
ablation1_student_only_tcn_attn,ablation1_student_only_tcn_attn_weld_seam_windows_ws5_tf75_pg0_h1_ep80_lr0.0002_bs128_seed116,ablation_experiments/h1/results/run_20260327_131013/ablation1_sweep/trials/trial_0030_A/ablation1_student_only_tcn_attn_weld_seam_windows_ws5_tf75_pg0_h1_ep80_lr0.0002_bs128_seed116,116,0.8933,0.87117,-1.0,Data/processed_data/weld_seam_windows_ws5_tf75_pg0_h1.npz
ablation1_student_only_tcn_attn,ablation1_student_only_tcn_attn_weld_seam_windows_ws5_tf75_pg0_h1_ep80_lr0.0001_bs64_seed144,ablation_experiments/h1/results/run_20260327_131013/ablation1_sweep/trials/trial_0031_A/ablation1_student_only_tcn_attn_weld_seam_windows_ws5_tf75_pg0_h1_ep80_lr0.0001_bs64_seed144,144,0.9466,0.936082,-1.0,Data/processed_data/weld_seam_windows_ws5_tf75_pg0_h1.npz
ablation1_student_only_tcn_attn,ablation1_student_only_tcn_attn_weld_seam_windows_ws5_tf75_pg0_h1_ep80_lr0.00015_bs96_seed125,ablation_experiments/h1/results/run_20260327_131013/ablation1_sweep/trials/trial_0032_A/ablation1_student_only_tcn_attn_weld_seam_windows_ws5_tf75_pg0_h1_ep80_lr0.00015_bs96_seed125,125,0.9129,0.866791,-1.0,Data/processed_data/weld_seam_windows_ws5_tf75_pg0_h1.npz
ablation1_student_only_tcn_attn,ablation1_student_only_tcn_attn_weld_seam_windows_ws5_tf75_pg0_h1_ep80_lr0.0003_bs128_seed142,ablation_experiments/h1/results/run_20260327_131013/ablation1_sweep/trials/trial_0033_A/ablation1_student_only_tcn_attn_weld_seam_windows_ws5_tf75_pg0_h1_ep80_lr0.0003_bs128_seed142,142,0.927,0.910804,-1.0,Data/processed_data/weld_seam_windows_ws5_tf75_pg0_h1.npz
ablation1_student_only_tcn_attn,ablation1_student_only_tcn_attn_weld_seam_windows_ws5_tf75_pg0_h1_ep80_lr0.0003_bs96_seed157,ablation_experiments/h1/results/run_20260327_131013/ablation1_sweep/trials/trial_0034_A/ablation1_student_only_tcn_attn_weld_seam_windows_ws5_tf75_pg0_h1_ep80_lr0.0003_bs96_seed157,157,0.9298000000000001,0.914045,-1.0,Data/processed_data/weld_seam_windows_ws5_tf75_pg0_h1.npz
ablation1_student_only_tcn_attn,ablation1_student_only_tcn_attn_weld_seam_windows_ws5_tf75_pg0_h1_ep80_lr0.0004_bs128_seed137,ablation_experiments/h1/results/run_20260327_131013/ablation1_sweep/trials/trial_0035_A/ablation1_student_only_tcn_attn_weld_seam_windows_ws5_tf75_pg0_h1_ep80_lr0.0004_bs128_seed137,137,0.8482999999999999,0.798962,-1.0,Data/processed_data/weld_seam_windows_ws5_tf75_pg0_h1.npz
ablation1_student_only_tcn_attn,ablation1_student_only_tcn_attn_weld_seam_windows_ws5_tf75_pg0_h1_ep80_lr0.0003_bs128_seed143,ablation_experiments/h1/results/run_20260327_131013/ablation1_sweep/trials/trial_0036_A/ablation1_student_only_tcn_attn_weld_seam_windows_ws5_tf75_pg0_h1_ep80_lr0.0003_bs128_seed143,143,0.882,0.842004,-1.0,Data/processed_data/weld_seam_windows_ws5_tf75_pg0_h1.npz
ablation1_student_only_tcn_attn,ablation1_student_only_tcn_attn_weld_seam_windows_ws5_tf75_pg0_h1_ep80_lr0.0003_bs64_seed128,ablation_experiments/h1/results/run_20260327_131013/ablation1_sweep/trials/trial_0037_A/ablation1_student_only_tcn_attn_weld_seam_windows_ws5_tf75_pg0_h1_ep80_lr0.0003_bs64_seed128,128,0.9129,0.899723,-1.0,Data/processed_data/weld_seam_windows_ws5_tf75_pg0_h1.npz
ablation1_student_only_tcn_attn,ablation1_student_only_tcn_attn_weld_seam_windows_ws5_tf75_pg0_h1_ep80_lr0.0002_bs128_seed110,ablation_experiments/h1/results/run_20260327_131013/ablation1_sweep/trials/trial_0038_A/ablation1_student_only_tcn_attn_weld_seam_windows_ws5_tf75_pg0_h1_ep80_lr0.0002_bs128_seed110,110,0.8006,0.743684,-1.0,Data/processed_data/weld_seam_windows_ws5_tf75_pg0_h1.npz
ablation1_student_only_tcn_attn,ablation1_student_only_tcn_attn_weld_seam_windows_ws5_tf75_pg0_h1_ep80_lr0.0003_bs64_seed113,ablation_experiments/h1/results/run_20260327_131013/ablation1_sweep/trials/trial_0039_A/ablation1_student_only_tcn_attn_weld_seam_windows_ws5_tf75_pg0_h1_ep80_lr0.0003_bs64_seed113,113,0.9354,0.921418,-1.0,Data/processed_data/weld_seam_windows_ws5_tf75_pg0_h1.npz
ablation1_student_only_tcn_attn,ablation1_student_only_tcn_attn_weld_seam_windows_ws5_tf75_pg0_h1_ep80_lr0.0004_bs64_seed149,ablation_experiments/h1/results/run_20260327_131013/ablation1_sweep/trials/trial_0040_A/ablation1_student_only_tcn_attn_weld_seam_windows_ws5_tf75_pg0_h1_ep80_lr0.0004_bs64_seed149,149,0.8989,0.874733,-1.0,Data/processed_data/weld_seam_windows_ws5_tf75_pg0_h1.npz
ablation1_student_only_tcn_attn,ablation1_student_only_tcn_attn_weld_seam_windows_ws5_tf75_pg0_h1_ep80_lr0.00025_bs96_seed145,ablation_experiments/h1/results/run_20260327_131013/ablation1_sweep/trials/trial_0041_B/ablation1_student_only_tcn_attn_weld_seam_windows_ws5_tf75_pg0_h1_ep80_lr0.00025_bs96_seed145,145,0.8848,0.850218,-1.0,Data/processed_data/weld_seam_windows_ws5_tf75_pg0_h1.npz
ablation1_student_only_tcn_attn,ablation1_student_only_tcn_attn_weld_seam_windows_ws5_tf75_pg0_h1_ep80_lr0.00024_bs96_seed148,ablation_experiments/h1/results/run_20260327_131013/ablation1_sweep/trials/trial_0042_B/ablation1_student_only_tcn_attn_weld_seam_windows_ws5_tf75_pg0_h1_ep80_lr0.00024_bs96_seed148,148,0.9579000000000001,0.949754,-1.0,Data/processed_data/weld_seam_windows_ws5_tf75_pg0_h1.npz
ablation1_student_only_tcn_attn,ablation1_student_only_tcn_attn_weld_seam_windows_ws5_tf75_pg0_h1_ep80_lr0.0003_bs128_seed114,ablation_experiments/h1/results/run_20260327_131013/ablation1_sweep/trials/trial_0043_B/ablation1_student_only_tcn_attn_weld_seam_windows_ws5_tf75_pg0_h1_ep80_lr0.0003_bs128_seed114,114,0.8315,0.770011,-1.0,Data/processed_data/weld_seam_windows_ws5_tf75_pg0_h1.npz
ablation1_student_only_tcn_attn,ablation1_student_only_tcn_attn_weld_seam_windows_ws5_tf75_pg0_h1_ep80_lr8e-05_bs128_seed122,ablation_experiments/h1/results/run_20260327_131013/ablation1_sweep/trials/trial_0044_B/ablation1_student_only_tcn_attn_weld_seam_windows_ws5_tf75_pg0_h1_ep80_lr8e-05_bs128_seed122,122,0.9354,0.915732,-1.0,Data/processed_data/weld_seam_windows_ws5_tf75_pg0_h1.npz
ablation1_student_only_tcn_attn,ablation1_student_only_tcn_attn_weld_seam_windows_ws5_tf75_pg0_h1_ep80_lr0.00024_bs128_seed141,ablation_experiments/h1/results/run_20260327_131013/ablation1_sweep/trials/trial_0045_B/ablation1_student_only_tcn_attn_weld_seam_windows_ws5_tf75_pg0_h1_ep80_lr0.00024_bs128_seed141,141,0.9381999999999999,0.918257,-1.0,Data/processed_data/weld_seam_windows_ws5_tf75_pg0_h1.npz
ablation1_student_only_tcn_attn,ablation1_student_only_tcn_attn_weld_seam_windows_ws5_tf75_pg0_h1_ep80_lr8e-05_bs96_seed102,ablation_experiments/h1/results/run_20260327_131013/ablation1_sweep/trials/trial_0046_B/ablation1_student_only_tcn_attn_weld_seam_windows_ws5_tf75_pg0_h1_ep80_lr8e-05_bs96_seed102,102,0.9551000000000001,0.937497,-1.0,Data/processed_data/weld_seam_windows_ws5_tf75_pg0_h1.npz
ablation1_student_only_tcn_attn,ablation1_student_only_tcn_attn_weld_seam_windows_ws5_tf75_pg0_h1_ep80_lr0.00024_bs64_seed119,ablation_experiments/h1/results/run_20260327_131013/ablation1_sweep/trials/trial_0047_B/ablation1_student_only_tcn_attn_weld_seam_windows_ws5_tf75_pg0_h1_ep80_lr0.00024_bs64_seed119,119,0.8848,0.848305,-1.0,Data/processed_data/weld_seam_windows_ws5_tf75_pg0_h1.npz
ablation1_student_only_tcn_attn,ablation1_student_only_tcn_attn_weld_seam_windows_ws5_tf75_pg0_h1_ep80_lr0.0003_bs96_seed123,ablation_experiments/h1/results/run_20260327_131013/ablation1_sweep/trials/trial_0048_B/ablation1_student_only_tcn_attn_weld_seam_windows_ws5_tf75_pg0_h1_ep80_lr0.0003_bs96_seed123,123,0.8904000000000001,0.86428,-1.0,Data/processed_data/weld_seam_windows_ws5_tf75_pg0_h1.npz
ablation1_student_only_tcn_attn,ablation1_student_only_tcn_attn_weld_seam_windows_ws5_tf75_pg0_h1_ep80_lr0.00024_bs128_seed102,ablation_experiments/h1/results/run_20260327_131013/ablation1_sweep/trials/trial_0049_B/ablation1_student_only_tcn_attn_weld_seam_windows_ws5_tf75_pg0_h1_ep80_lr0.00024_bs128_seed102,102,0.9579000000000001,0.944956,-1.0,Data/processed_data/weld_seam_windows_ws5_tf75_pg0_h1.npz
ablation1_student_only_tcn_attn,ablation1_student_only_tcn_attn_weld_seam_windows_ws5_tf75_pg0_h1_ep80_lr0.0003_bs64_seed130,ablation_experiments/h1/results/run_20260327_131013/ablation1_sweep/trials/trial_0050_B/ablation1_student_only_tcn_attn_weld_seam_windows_ws5_tf75_pg0_h1_ep80_lr0.0003_bs64_seed130,130,0.8287,0.789649,-1.0,Data/processed_data/weld_seam_windows_ws5_tf75_pg0_h1.npz
ablation1_student_only_tcn_attn,ablation1_student_only_tcn_attn_weld_seam_windows_ws5_tf75_pg0_h1_ep80_lr0.00024_bs64_seed111,ablation_experiments/h1/results/run_20260327_131013/ablation1_sweep/trials/trial_0051_B/ablation1_student_only_tcn_attn_weld_seam_windows_ws5_tf75_pg0_h1_ep80_lr0.00024_bs64_seed111,111,0.9551000000000001,0.935797,-1.0,Data/processed_data/weld_seam_windows_ws5_tf75_pg0_h1.npz
ablation1_student_only_tcn_attn,ablation1_student_only_tcn_attn_weld_seam_windows_ws5_tf75_pg0_h1_ep80_lr0.00025_bs64_seed128,ablation_experiments/h1/results/run_20260327_131013/ablation1_sweep/trials/trial_0052_B/ablation1_student_only_tcn_attn_weld_seam_windows_ws5_tf75_pg0_h1_ep80_lr0.00025_bs64_seed128,128,0.9101,0.896672,-1.0,Data/processed_data/weld_seam_windows_ws5_tf75_pg0_h1.npz
ablation1_student_only_tcn_attn,ablation1_student_only_tcn_attn_weld_seam_windows_ws5_tf75_pg0_h1_ep80_lr0.00015_bs64_seed146,ablation_experiments/h1/results/run_20260327_131013/ablation1_sweep/trials/trial_0053_B/ablation1_student_only_tcn_attn_weld_seam_windows_ws5_tf75_pg0_h1_ep80_lr0.00015_bs64_seed146,146,0.9719,0.965852,-1.0,Data/processed_data/weld_seam_windows_ws5_tf75_pg0_h1.npz
ablation1_student_only_tcn_attn,ablation1_student_only_tcn_attn_weld_seam_windows_ws5_tf75_pg0_h1_ep80_lr8e-05_bs64_seed112,ablation_experiments/h1/results/run_20260327_131013/ablation1_sweep/trials/trial_0054_B/ablation1_student_only_tcn_attn_weld_seam_windows_ws5_tf75_pg0_h1_ep80_lr8e-05_bs64_seed112,112,0.9017000000000001,0.873771,-1.0,Data/processed_data/weld_seam_windows_ws5_tf75_pg0_h1.npz
ablation1_student_only_tcn_attn,ablation1_student_only_tcn_attn_weld_seam_windows_ws5_tf75_pg0_h1_ep80_lr0.0002_bs128_seed139,ablation_experiments/h1/results/run_20260327_131013/ablation1_sweep/trials/trial_0055_B/ablation1_student_only_tcn_attn_weld_seam_windows_ws5_tf75_pg0_h1_ep80_lr0.0002_bs128_seed139,139,0.9381999999999999,0.934698,-1.0,Data/processed_data/weld_seam_windows_ws5_tf75_pg0_h1.npz
ablation1_student_only_tcn_attn,ablation1_student_only_tcn_attn_weld_seam_windows_ws5_tf75_pg0_h1_ep80_lr0.0003_bs96_seed119,ablation_experiments/h1/results/run_20260327_131013/ablation1_sweep/trials/trial_0056_B/ablation1_student_only_tcn_attn_weld_seam_windows_ws5_tf75_pg0_h1_ep80_lr0.0003_bs96_seed119,119,0.882,0.832857,-1.0,Data/processed_data/weld_seam_windows_ws5_tf75_pg0_h1.npz
ablation1_student_only_tcn_attn,ablation1_student_only_tcn_attn_weld_seam_windows_ws5_tf75_pg0_h1_ep80_lr0.00024_bs128_seed149,ablation_experiments/h1/results/run_20260327_131013/ablation1_sweep/trials/trial_0057_B/ablation1_student_only_tcn_attn_weld_seam_windows_ws5_tf75_pg0_h1_ep80_lr0.00024_bs128_seed149,149,0.8287,0.780171,-1.0,Data/processed_data/weld_seam_windows_ws5_tf75_pg0_h1.npz
ablation1_student_only_tcn_attn,ablation1_student_only_tcn_attn_weld_seam_windows_ws5_tf75_pg0_h1_ep80_lr0.0001_bs96_seed150,ablation_experiments/h1/results/run_20260327_131013/ablation1_sweep/trials/trial_0058_B/ablation1_student_only_tcn_attn_weld_seam_windows_ws5_tf75_pg0_h1_ep80_lr0.0001_bs96_seed150,150,0.9213,0.89589,-1.0,Data/processed_data/weld_seam_windows_ws5_tf75_pg0_h1.npz
ablation1_student_only_tcn_attn,ablation1_student_only_tcn_attn_weld_seam_windows_ws5_tf75_pg0_h1_ep80_lr0.00012_bs64_seed116,ablation_experiments/h1/results/run_20260327_131013/ablation1_sweep/trials/trial_0059_B/ablation1_student_only_tcn_attn_weld_seam_windows_ws5_tf75_pg0_h1_ep80_lr0.00012_bs64_seed116,116,0.8652,0.831478,-1.0,Data/processed_data/weld_seam_windows_ws5_tf75_pg0_h1.npz
ablation1_student_only_tcn_attn,ablation1_student_only_tcn_attn_weld_seam_windows_ws5_tf75_pg0_h1_ep80_lr0.00036_bs128_seed157,ablation_experiments/h1/results/run_20260327_131013/ablation1_sweep/trials/trial_0060_B/ablation1_student_only_tcn_attn_weld_seam_windows_ws5_tf75_pg0_h1_ep80_lr0.00036_bs128_seed157,157,0.9242,0.901334,-1.0,Data/processed_data/weld_seam_windows_ws5_tf75_pg0_h1.npz
ablation2_teacher_student_lstm,ablation2_distill_lstm_weld_seam_windows_ws5_tf75_pg0_h1_ep80_lr0.0001_bs128_T2.0_lce0.9_lkd1.1_lf0.0_seed14,ablation_experiments/h1/results/run_20260327_131013/ablation2_teacher_student_lstm/students/ablation2_h1_scan90_run_20260327_131013/stage0/s0_l1_o0_c0/ablation2_distill_lstm_weld_seam_windows_ws5_tf75_pg0_h1_ep80_lr0.0001_bs128_T2.0_lce0.9_lkd1.1_lf0.0_seed14,14,0.8623999999999999,0.860359,0.8708,Data/processed_data/weld_seam_windows_ws5_tf75_pg0_h1.npz
ablation2_teacher_student_lstm,ablation2_distill_lstm_weld_seam_windows_ws5_tf75_pg0_h1_ep80_lr0.0001_bs128_T2.0_lce0.9_lkd1.1_lf0.0_seed14,ablation_experiments/h1/results/run_20260327_131013/ablation2_teacher_student_lstm/students/ablation2_h1_scan90_run_20260327_131013/stage0/s0_l1_o0_c1/ablation2_distill_lstm_weld_seam_windows_ws5_tf75_pg0_h1_ep80_lr0.0001_bs128_T2.0_lce0.9_lkd1.1_lf0.0_seed14,14,0.8848,0.835916,0.9606999999999999,Data/processed_data/weld_seam_windows_ws5_tf75_pg0_h1.npz
ablation2_teacher_student_lstm,ablation2_distill_lstm_weld_seam_windows_ws5_tf75_pg0_h1_ep80_lr0.00015_bs128_T2.0_lce0.9_lkd1.1_lf0.0_seed14,ablation_experiments/h1/results/run_20260327_131013/ablation2_teacher_student_lstm/students/ablation2_h1_scan90_run_20260327_131013/stage0/s0_l1_o1_c0/ablation2_distill_lstm_weld_seam_windows_ws5_tf75_pg0_h1_ep80_lr0.00015_bs128_T2.0_lce0.9_lkd1.1_lf0.0_seed14,14,0.8848,0.860582,0.9381999999999999,Data/processed_data/weld_seam_windows_ws5_tf75_pg0_h1.npz
ablation2_teacher_student_lstm,ablation2_distill_lstm_weld_seam_windows_ws5_tf75_pg0_h1_ep80_lr0.00015_bs128_T2.0_lce0.9_lkd1.1_lf0.0_seed14,ablation_experiments/h1/results/run_20260327_131013/ablation2_teacher_student_lstm/students/ablation2_h1_scan90_run_20260327_131013/stage0/s0_l1_o1_c1/ablation2_distill_lstm_weld_seam_windows_ws5_tf75_pg0_h1_ep80_lr0.00015_bs128_T2.0_lce0.9_lkd1.1_lf0.0_seed14,14,0.8933,0.848265,0.9691,Data/processed_data/weld_seam_windows_ws5_tf75_pg0_h1.npz
ablation2_teacher_student_lstm,ablation2_distill_lstm_weld_seam_windows_ws5_tf75_pg0_h1_ep80_lr0.0001_bs128_T2.5_lce0.9_lkd1.1_lf0.0_seed14,ablation_experiments/h1/results/run_20260327_131013/ablation2_teacher_student_lstm/students/ablation2_h1_scan90_run_20260327_131013/stage0/s0_l2_o0_c0/ablation2_distill_lstm_weld_seam_windows_ws5_tf75_pg0_h1_ep80_lr0.0001_bs128_T2.5_lce0.9_lkd1.1_lf0.0_seed14,14,0.8764,0.843717,0.941,Data/processed_data/weld_seam_windows_ws5_tf75_pg0_h1.npz
ablation2_teacher_student_lstm,ablation2_distill_lstm_weld_seam_windows_ws5_tf75_pg0_h1_ep80_lr0.0001_bs128_T2.5_lce0.9_lkd1.1_lf0.0_seed14,ablation_experiments/h1/results/run_20260327_131013/ablation2_teacher_student_lstm/students/ablation2_h1_scan90_run_20260327_131013/stage0/s0_l2_o0_c1/ablation2_distill_lstm_weld_seam_windows_ws5_tf75_pg0_h1_ep80_lr0.0001_bs128_T2.5_lce0.9_lkd1.1_lf0.0_seed14,14,0.8904000000000001,0.845281,0.9662999999999999,Data/processed_data/weld_seam_windows_ws5_tf75_pg0_h1.npz
ablation2_teacher_student_lstm,ablation2_distill_lstm_weld_seam_windows_ws5_tf75_pg0_h1_ep80_lr0.00015_bs128_T2.5_lce0.9_lkd1.1_lf0.0_seed14,ablation_experiments/h1/results/run_20260327_131013/ablation2_teacher_student_lstm/students/ablation2_h1_scan90_run_20260327_131013/stage0/s0_l2_o1_c0/ablation2_distill_lstm_weld_seam_windows_ws5_tf75_pg0_h1_ep80_lr0.00015_bs128_T2.5_lce0.9_lkd1.1_lf0.0_seed14,14,0.8961,0.858748,0.9606999999999999,Data/processed_data/weld_seam_windows_ws5_tf75_pg0_h1.npz
ablation2_teacher_student_lstm,ablation2_distill_lstm_weld_seam_windows_ws5_tf75_pg0_h1_ep80_lr0.00015_bs128_T2.5_lce0.9_lkd1.1_lf0.0_seed14,ablation_experiments/h1/results/run_20260327_131013/ablation2_teacher_student_lstm/students/ablation2_h1_scan90_run_20260327_131013/stage0/s0_l2_o1_c1/ablation2_distill_lstm_weld_seam_windows_ws5_tf75_pg0_h1_ep80_lr0.00015_bs128_T2.5_lce0.9_lkd1.1_lf0.0_seed14,14,0.8933,0.848265,0.9691,Data/processed_data/weld_seam_windows_ws5_tf75_pg0_h1.npz
ablation2_teacher_student_lstm,ablation2_distill_lstm_weld_seam_windows_ws5_tf75_pg0_h1_ep80_lr0.0001_bs128_T2.0_lce0.9_lkd1.1_lf0.0_seed14,ablation_experiments/h1/results/run_20260327_131013/ablation2_teacher_student_lstm/students/ablation2_h1_scan90_run_20260327_131013/stage1/s1_l1_o0_c0/ablation2_distill_lstm_weld_seam_windows_ws5_tf75_pg0_h1_ep80_lr0.0001_bs128_T2.0_lce0.9_lkd1.1_lf0.0_seed14,14,0.8623999999999999,0.860359,0.8708,Data/processed_data/weld_seam_windows_ws5_tf75_pg0_h1.npz
ablation2_teacher_student_lstm,ablation2_distill_lstm_weld_seam_windows_ws5_tf75_pg0_h1_ep80_lr0.0001_bs128_T2.0_lce0.9_lkd1.1_lf0.0_seed14,ablation_experiments/h1/results/run_20260327_131013/ablation2_teacher_student_lstm/students/ablation2_h1_scan90_run_20260327_131013/stage1/s1_l1_o0_c1/ablation2_distill_lstm_weld_seam_windows_ws5_tf75_pg0_h1_ep80_lr0.0001_bs128_T2.0_lce0.9_lkd1.1_lf0.0_seed14,14,0.8848,0.835916,0.9606999999999999,Data/processed_data/weld_seam_windows_ws5_tf75_pg0_h1.npz
ablation2_teacher_student_lstm,ablation2_distill_lstm_weld_seam_windows_ws5_tf75_pg0_h1_ep80_lr0.00015_bs128_T2.0_lce0.9_lkd1.1_lf0.0_seed14,ablation_experiments/h1/results/run_20260327_131013/ablation2_teacher_student_lstm/students/ablation2_h1_scan90_run_20260327_131013/stage1/s1_l1_o1_c0/ablation2_distill_lstm_weld_seam_windows_ws5_tf75_pg0_h1_ep80_lr0.00015_bs128_T2.0_lce0.9_lkd1.1_lf0.0_seed14,14,0.8848,0.860582,0.9381999999999999,Data/processed_data/weld_seam_windows_ws5_tf75_pg0_h1.npz
ablation2_teacher_student_lstm,ablation2_distill_lstm_weld_seam_windows_ws5_tf75_pg0_h1_ep80_lr0.00015_bs128_T2.0_lce0.9_lkd1.1_lf0.0_seed14,ablation_experiments/h1/results/run_20260327_131013/ablation2_teacher_student_lstm/students/ablation2_h1_scan90_run_20260327_131013/stage1/s1_l1_o1_c1/ablation2_distill_lstm_weld_seam_windows_ws5_tf75_pg0_h1_ep80_lr0.00015_bs128_T2.0_lce0.9_lkd1.1_lf0.0_seed14,14,0.8933,0.848265,0.9691,Data/processed_data/weld_seam_windows_ws5_tf75_pg0_h1.npz
ablation2_teacher_student_lstm,ablation2_distill_lstm_weld_seam_windows_ws5_tf75_pg0_h1_ep80_lr0.0002_bs128_T2.0_lce0.9_lkd1.1_lf0.0_seed14,ablation_experiments/h1/results/run_20260327_131013/ablation2_teacher_student_lstm/students/ablation2_h1_scan90_run_20260327_131013/stage1/s1_l1_o2_c0/ablation2_distill_lstm_weld_seam_windows_ws5_tf75_pg0_h1_ep80_lr0.0002_bs128_T2.0_lce0.9_lkd1.1_lf0.0_seed14,14,0.8933,0.853574,0.9634999999999999,Data/processed_data/weld_seam_windows_ws5_tf75_pg0_h1.npz
ablation2_teacher_student_lstm,ablation2_distill_lstm_weld_seam_windows_ws5_tf75_pg0_h1_ep80_lr0.0002_bs128_T2.0_lce0.9_lkd1.1_lf0.0_seed14,ablation_experiments/h1/results/run_20260327_131013/ablation2_teacher_student_lstm/students/ablation2_h1_scan90_run_20260327_131013/stage1/s1_l1_o2_c1/ablation2_distill_lstm_weld_seam_windows_ws5_tf75_pg0_h1_ep80_lr0.0002_bs128_T2.0_lce0.9_lkd1.1_lf0.0_seed14,14,0.8904000000000001,0.843597,0.9662999999999999,Data/processed_data/weld_seam_windows_ws5_tf75_pg0_h1.npz
ablation2_teacher_student_lstm,ablation2_distill_lstm_weld_seam_windows_ws5_tf75_pg0_h1_ep80_lr0.0003_bs128_T2.0_lce0.9_lkd1.1_lf0.0_seed14,ablation_experiments/h1/results/run_20260327_131013/ablation2_teacher_student_lstm/students/ablation2_h1_scan90_run_20260327_131013/stage1/s1_l1_o3_c0/ablation2_distill_lstm_weld_seam_windows_ws5_tf75_pg0_h1_ep80_lr0.0003_bs128_T2.0_lce0.9_lkd1.1_lf0.0_seed14,14,0.8848,0.852267,0.9606999999999999,Data/processed_data/weld_seam_windows_ws5_tf75_pg0_h1.npz
ablation2_teacher_student_lstm,ablation2_distill_lstm_weld_seam_windows_ws5_tf75_pg0_h1_ep80_lr0.0003_bs128_T2.0_lce0.9_lkd1.1_lf0.0_seed14,ablation_experiments/h1/results/run_20260327_131013/ablation2_teacher_student_lstm/students/ablation2_h1_scan90_run_20260327_131013/stage1/s1_l1_o3_c1/ablation2_distill_lstm_weld_seam_windows_ws5_tf75_pg0_h1_ep80_lr0.0003_bs128_T2.0_lce0.9_lkd1.1_lf0.0_seed14,14,0.8876000000000001,0.842277,0.9747,Data/processed_data/weld_seam_windows_ws5_tf75_pg0_h1.npz
ablation2_teacher_student_lstm,ablation2_distill_lstm_weld_seam_windows_ws5_tf75_pg0_h1_ep80_lr0.0001_bs128_T2.5_lce0.9_lkd1.1_lf0.0_seed14,ablation_experiments/h1/results/run_20260327_131013/ablation2_teacher_student_lstm/students/ablation2_h1_scan90_run_20260327_131013/stage1/s1_l2_o0_c0/ablation2_distill_lstm_weld_seam_windows_ws5_tf75_pg0_h1_ep80_lr0.0001_bs128_T2.5_lce0.9_lkd1.1_lf0.0_seed14,14,0.8764,0.843717,0.941,Data/processed_data/weld_seam_windows_ws5_tf75_pg0_h1.npz
ablation2_teacher_student_lstm,ablation2_distill_lstm_weld_seam_windows_ws5_tf75_pg0_h1_ep80_lr0.0001_bs128_T2.5_lce0.9_lkd1.1_lf0.0_seed14,ablation_experiments/h1/results/run_20260327_131013/ablation2_teacher_student_lstm/students/ablation2_h1_scan90_run_20260327_131013/stage1/s1_l2_o0_c1/ablation2_distill_lstm_weld_seam_windows_ws5_tf75_pg0_h1_ep80_lr0.0001_bs128_T2.5_lce0.9_lkd1.1_lf0.0_seed14,14,0.8904000000000001,0.845281,0.9662999999999999,Data/processed_data/weld_seam_windows_ws5_tf75_pg0_h1.npz
ablation2_teacher_student_lstm,ablation2_distill_lstm_weld_seam_windows_ws5_tf75_pg0_h1_ep80_lr0.00015_bs128_T2.5_lce0.9_lkd1.1_lf0.0_seed14,ablation_experiments/h1/results/run_20260327_131013/ablation2_teacher_student_lstm/students/ablation2_h1_scan90_run_20260327_131013/stage1/s1_l2_o1_c0/ablation2_distill_lstm_weld_seam_windows_ws5_tf75_pg0_h1_ep80_lr0.00015_bs128_T2.5_lce0.9_lkd1.1_lf0.0_seed14,14,0.8961,0.858748,0.9606999999999999,Data/processed_data/weld_seam_windows_ws5_tf75_pg0_h1.npz
ablation2_teacher_student_lstm,ablation2_distill_lstm_weld_seam_windows_ws5_tf75_pg0_h1_ep80_lr0.00015_bs128_T2.5_lce0.9_lkd1.1_lf0.0_seed14,ablation_experiments/h1/results/run_20260327_131013/ablation2_teacher_student_lstm/students/ablation2_h1_scan90_run_20260327_131013/stage1/s1_l2_o1_c1/ablation2_distill_lstm_weld_seam_windows_ws5_tf75_pg0_h1_ep80_lr0.00015_bs128_T2.5_lce0.9_lkd1.1_lf0.0_seed14,14,0.8933,0.848265,0.9691,Data/processed_data/weld_seam_windows_ws5_tf75_pg0_h1.npz
ablation2_teacher_student_lstm,ablation2_distill_lstm_weld_seam_windows_ws5_tf75_pg0_h1_ep80_lr0.0002_bs128_T2.5_lce0.9_lkd1.1_lf0.0_seed14,ablation_experiments/h1/results/run_20260327_131013/ablation2_teacher_student_lstm/students/ablation2_h1_scan90_run_20260327_131013/stage1/s1_l2_o2_c0/ablation2_distill_lstm_weld_seam_windows_ws5_tf75_pg0_h1_ep80_lr0.0002_bs128_T2.5_lce0.9_lkd1.1_lf0.0_seed14,14,0.8961,0.856517,0.9606999999999999,Data/processed_data/weld_seam_windows_ws5_tf75_pg0_h1.npz
ablation2_teacher_student_lstm,ablation2_distill_lstm_weld_seam_windows_ws5_tf75_pg0_h1_ep80_lr0.0002_bs128_T2.5_lce0.9_lkd1.1_lf0.0_seed14,ablation_experiments/h1/results/run_20260327_131013/ablation2_teacher_student_lstm/students/ablation2_h1_scan90_run_20260327_131013/stage1/s1_l2_o2_c1/ablation2_distill_lstm_weld_seam_windows_ws5_tf75_pg0_h1_ep80_lr0.0002_bs128_T2.5_lce0.9_lkd1.1_lf0.0_seed14,14,0.8961,0.852898,0.9719,Data/processed_data/weld_seam_windows_ws5_tf75_pg0_h1.npz
ablation2_teacher_student_lstm,ablation2_distill_lstm_weld_seam_windows_ws5_tf75_pg0_h1_ep80_lr0.0003_bs128_T2.5_lce0.9_lkd1.1_lf0.0_seed14,ablation_experiments/h1/results/run_20260327_131013/ablation2_teacher_student_lstm/students/ablation2_h1_scan90_run_20260327_131013/stage1/s1_l2_o3_c0/ablation2_distill_lstm_weld_seam_windows_ws5_tf75_pg0_h1_ep80_lr0.0003_bs128_T2.5_lce0.9_lkd1.1_lf0.0_seed14,14,0.8904000000000001,0.849194,0.9775,Data/processed_data/weld_seam_windows_ws5_tf75_pg0_h1.npz
ablation2_teacher_student_lstm,ablation2_distill_lstm_weld_seam_windows_ws5_tf75_pg0_h1_ep80_lr0.0003_bs128_T2.5_lce0.9_lkd1.1_lf0.0_seed14,ablation_experiments/h1/results/run_20260327_131013/ablation2_teacher_student_lstm/students/ablation2_h1_scan90_run_20260327_131013/stage1/s1_l2_o3_c1/ablation2_distill_lstm_weld_seam_windows_ws5_tf75_pg0_h1_ep80_lr0.0003_bs128_T2.5_lce0.9_lkd1.1_lf0.0_seed14,14,0.8876000000000001,0.842277,0.9747,Data/processed_data/weld_seam_windows_ws5_tf75_pg0_h1.npz
ablation2_teacher_student_lstm,ablation2_distill_lstm_weld_seam_windows_ws5_tf75_pg0_h1_ep80_lr0.0001_bs128_T3.0_lce0.8_lkd1.2_lf0.2_seed14,ablation_experiments/h1/results/run_20260327_131013/ablation2_teacher_student_lstm/students/ablation2_h1_scan90_run_20260327_131013/stage1/s1_l3_o0_c0/ablation2_distill_lstm_weld_seam_windows_ws5_tf75_pg0_h1_ep80_lr0.0001_bs128_T3.0_lce0.8_lkd1.2_lf0.2_seed14,14,0.882,0.852391,0.9466,Data/processed_data/weld_seam_windows_ws5_tf75_pg0_h1.npz
ablation2_teacher_student_lstm,ablation2_distill_lstm_weld_seam_windows_ws5_tf75_pg0_h1_ep80_lr0.0001_bs128_T3.0_lce0.8_lkd1.2_lf0.2_seed14,ablation_experiments/h1/results/run_20260327_131013/ablation2_teacher_student_lstm/students/ablation2_h1_scan90_run_20260327_131013/stage1/s1_l3_o0_c1/ablation2_distill_lstm_weld_seam_windows_ws5_tf75_pg0_h1_ep80_lr0.0001_bs128_T3.0_lce0.8_lkd1.2_lf0.2_seed14,14,0.8933,0.849909,0.9691,Data/processed_data/weld_seam_windows_ws5_tf75_pg0_h1.npz
ablation2_teacher_student_lstm,ablation2_distill_lstm_weld_seam_windows_ws5_tf75_pg0_h1_ep80_lr0.00015_bs128_T3.0_lce0.8_lkd1.2_lf0.2_seed14,ablation_experiments/h1/results/run_20260327_131013/ablation2_teacher_student_lstm/students/ablation2_h1_scan90_run_20260327_131013/stage1/s1_l3_o1_c0/ablation2_distill_lstm_weld_seam_windows_ws5_tf75_pg0_h1_ep80_lr0.00015_bs128_T3.0_lce0.8_lkd1.2_lf0.2_seed14,14,0.8961,0.858748,0.9606999999999999,Data/processed_data/weld_seam_windows_ws5_tf75_pg0_h1.npz
ablation2_teacher_student_lstm,ablation2_distill_lstm_weld_seam_windows_ws5_tf75_pg0_h1_ep80_lr0.00015_bs128_T3.0_lce0.8_lkd1.2_lf0.2_seed14,ablation_experiments/h1/results/run_20260327_131013/ablation2_teacher_student_lstm/students/ablation2_h1_scan90_run_20260327_131013/stage1/s1_l3_o1_c1/ablation2_distill_lstm_weld_seam_windows_ws5_tf75_pg0_h1_ep80_lr0.00015_bs128_T3.0_lce0.8_lkd1.2_lf0.2_seed14,14,0.8961,0.852898,0.9719,Data/processed_data/weld_seam_windows_ws5_tf75_pg0_h1.npz
ablation2_teacher_student_lstm,ablation2_distill_lstm_weld_seam_windows_ws5_tf75_pg0_h1_ep80_lr0.0002_bs128_T3.0_lce0.8_lkd1.2_lf0.2_seed14,ablation_experiments/h1/results/run_20260327_131013/ablation2_teacher_student_lstm/students/ablation2_h1_scan90_run_20260327_131013/stage1/s1_l3_o2_c0/ablation2_distill_lstm_weld_seam_windows_ws5_tf75_pg0_h1_ep80_lr0.0002_bs128_T3.0_lce0.8_lkd1.2_lf0.2_seed14,14,0.8989,0.861043,0.9634999999999999,Data/processed_data/weld_seam_windows_ws5_tf75_pg0_h1.npz
ablation2_teacher_student_lstm,ablation2_distill_lstm_weld_seam_windows_ws5_tf75_pg0_h1_ep80_lr0.0002_bs128_T3.0_lce0.8_lkd1.2_lf0.2_seed14,ablation_experiments/h1/results/run_20260327_131013/ablation2_teacher_student_lstm/students/ablation2_h1_scan90_run_20260327_131013/stage1/s1_l3_o2_c1/ablation2_distill_lstm_weld_seam_windows_ws5_tf75_pg0_h1_ep80_lr0.0002_bs128_T3.0_lce0.8_lkd1.2_lf0.2_seed14,14,0.8989,0.857496,0.9747,Data/processed_data/weld_seam_windows_ws5_tf75_pg0_h1.npz
ablation2_teacher_student_lstm,ablation2_distill_lstm_weld_seam_windows_ws5_tf75_pg0_h1_ep80_lr0.0003_bs128_T3.0_lce0.8_lkd1.2_lf0.2_seed14,ablation_experiments/h1/results/run_20260327_131013/ablation2_teacher_student_lstm/students/ablation2_h1_scan90_run_20260327_131013/stage1/s1_l3_o3_c0/ablation2_distill_lstm_weld_seam_windows_ws5_tf75_pg0_h1_ep80_lr0.0003_bs128_T3.0_lce0.8_lkd1.2_lf0.2_seed14,14,0.8933,0.853736,0.9803000000000001,Data/processed_data/weld_seam_windows_ws5_tf75_pg0_h1.npz
ablation2_teacher_student_lstm,ablation2_distill_lstm_weld_seam_windows_ws5_tf75_pg0_h1_ep80_lr0.0003_bs128_T3.0_lce0.8_lkd1.2_lf0.2_seed14,ablation_experiments/h1/results/run_20260327_131013/ablation2_teacher_student_lstm/students/ablation2_h1_scan90_run_20260327_131013/stage1/s1_l3_o3_c1/ablation2_distill_lstm_weld_seam_windows_ws5_tf75_pg0_h1_ep80_lr0.0003_bs128_T3.0_lce0.8_lkd1.2_lf0.2_seed14,14,0.8876000000000001,0.842277,0.9747,Data/processed_data/weld_seam_windows_ws5_tf75_pg0_h1.npz
ablation2_teacher_student_lstm,ablation2_distill_lstm_weld_seam_windows_ws5_tf75_pg0_h1_ep80_lr0.0001_bs128_T3.5_lce0.7_lkd1.4_lf0.3_seed14,ablation_experiments/h1/results/run_20260327_131013/ablation2_teacher_student_lstm/students/ablation2_h1_scan90_run_20260327_131013/stage1/s1_l4_o0_c0/ablation2_distill_lstm_weld_seam_windows_ws5_tf75_pg0_h1_ep80_lr0.0001_bs128_T3.5_lce0.7_lkd1.4_lf0.3_seed14,14,0.8876000000000001,0.860945,0.9466,Data/processed_data/weld_seam_windows_ws5_tf75_pg0_h1.npz
ablation2_teacher_student_lstm,ablation2_distill_lstm_weld_seam_windows_ws5_tf75_pg0_h1_ep80_lr0.0001_bs128_T3.5_lce0.7_lkd1.4_lf0.3_seed14,ablation_experiments/h1/results/run_20260327_131013/ablation2_teacher_student_lstm/students/ablation2_h1_scan90_run_20260327_131013/stage1/s1_l4_o0_c1/ablation2_distill_lstm_weld_seam_windows_ws5_tf75_pg0_h1_ep80_lr0.0001_bs128_T3.5_lce0.7_lkd1.4_lf0.3_seed14,14,0.8904000000000001,0.845281,0.9662999999999999,Data/processed_data/weld_seam_windows_ws5_tf75_pg0_h1.npz
ablation2_teacher_student_lstm,ablation2_distill_lstm_weld_seam_windows_ws5_tf75_pg0_h1_ep80_lr0.00015_bs128_T3.5_lce0.7_lkd1.4_lf0.3_seed14,ablation_experiments/h1/results/run_20260327_131013/ablation2_teacher_student_lstm/students/ablation2_h1_scan90_run_20260327_131013/stage1/s1_l4_o1_c0/ablation2_distill_lstm_weld_seam_windows_ws5_tf75_pg0_h1_ep80_lr0.00015_bs128_T3.5_lce0.7_lkd1.4_lf0.3_seed14,14,0.8961,0.860281,0.9662999999999999,Data/processed_data/weld_seam_windows_ws5_tf75_pg0_h1.npz
ablation2_teacher_student_lstm,ablation2_distill_lstm_weld_seam_windows_ws5_tf75_pg0_h1_ep80_lr0.00015_bs128_T3.5_lce0.7_lkd1.4_lf0.3_seed14,ablation_experiments/h1/results/run_20260327_131013/ablation2_teacher_student_lstm/students/ablation2_h1_scan90_run_20260327_131013/stage1/s1_l4_o1_c1/ablation2_distill_lstm_weld_seam_windows_ws5_tf75_pg0_h1_ep80_lr0.00015_bs128_T3.5_lce0.7_lkd1.4_lf0.3_seed14,14,0.9017000000000001,0.862062,0.9775,Data/processed_data/weld_seam_windows_ws5_tf75_pg0_h1.npz
ablation2_teacher_student_lstm,ablation2_distill_lstm_weld_seam_windows_ws5_tf75_pg0_h1_ep80_lr0.0002_bs128_T3.5_lce0.7_lkd1.4_lf0.3_seed14,ablation_experiments/h1/results/run_20260327_131013/ablation2_teacher_student_lstm/students/ablation2_h1_scan90_run_20260327_131013/stage1/s1_l4_o2_c0/ablation2_distill_lstm_weld_seam_windows_ws5_tf75_pg0_h1_ep80_lr0.0002_bs128_T3.5_lce0.7_lkd1.4_lf0.3_seed14,14,0.8961,0.865884,0.9606999999999999,Data/processed_data/weld_seam_windows_ws5_tf75_pg0_h1.npz
ablation2_teacher_student_lstm,ablation2_distill_lstm_weld_seam_windows_ws5_tf75_pg0_h1_ep80_lr0.0002_bs128_T3.5_lce0.7_lkd1.4_lf0.3_seed14,ablation_experiments/h1/results/run_20260327_131013/ablation2_teacher_student_lstm/students/ablation2_h1_scan90_run_20260327_131013/stage1/s1_l4_o2_c1/ablation2_distill_lstm_weld_seam_windows_ws5_tf75_pg0_h1_ep80_lr0.0002_bs128_T3.5_lce0.7_lkd1.4_lf0.3_seed14,14,0.9017000000000001,0.862062,0.9775,Data/processed_data/weld_seam_windows_ws5_tf75_pg0_h1.npz
ablation2_teacher_student_lstm,ablation2_distill_lstm_weld_seam_windows_ws5_tf75_pg0_h1_ep80_lr0.0003_bs128_T3.5_lce0.7_lkd1.4_lf0.3_seed14,ablation_experiments/h1/results/run_20260327_131013/ablation2_teacher_student_lstm/students/ablation2_h1_scan90_run_20260327_131013/stage1/s1_l4_o3_c0/ablation2_distill_lstm_weld_seam_windows_ws5_tf75_pg0_h1_ep80_lr0.0003_bs128_T3.5_lce0.7_lkd1.4_lf0.3_seed14,14,0.8961,0.856748,0.9775,Data/processed_data/weld_seam_windows_ws5_tf75_pg0_h1.npz
ablation2_teacher_student_lstm,ablation2_distill_lstm_weld_seam_windows_ws5_tf75_pg0_h1_ep80_lr0.0003_bs128_T3.5_lce0.7_lkd1.4_lf0.3_seed14,ablation_experiments/h1/results/run_20260327_131013/ablation2_teacher_student_lstm/students/ablation2_h1_scan90_run_20260327_131013/stage1/s1_l4_o3_c1/ablation2_distill_lstm_weld_seam_windows_ws5_tf75_pg0_h1_ep80_lr0.0003_bs128_T3.5_lce0.7_lkd1.4_lf0.3_seed14,14,0.8933,0.849909,0.9747,Data/processed_data/weld_seam_windows_ws5_tf75_pg0_h1.npz
ablation2_teacher_student_lstm,ablation2_distill_lstm_weld_seam_windows_ws5_tf75_pg0_h1_ep80_lr0.00015000000000000001_bs128_T3.0_lce0.8_lkd1.2_lf0.2_seed14,ablation_experiments/h1/results/run_20260327_131013/ablation2_teacher_student_lstm/students/ablation2_h1_scan90_run_20260327_131013/stage2/s2_s1_l3_o2_c0_r1/ablation2_distill_lstm_weld_seam_windows_ws5_tf75_pg0_h1_ep80_lr0.00015000000000000001_bs128_T3.0_lce0.8_lkd1.2_lf0.2_seed14,14,0.8961,0.858748,0.9606999999999999,Data/processed_data/weld_seam_windows_ws5_tf75_pg0_h1.npz
ablation2_teacher_student_lstm,ablation2_distill_lstm_weld_seam_windows_ws5_tf75_pg0_h1_ep80_lr0.00025_bs128_T3.0_lce0.8_lkd1.3_lf0.30000000000000004_seed42,ablation_experiments/h1/results/run_20260327_131013/ablation2_teacher_student_lstm/students/ablation2_h1_scan90_run_20260327_131013/stage2/s2_s1_l3_o2_c0_r2/ablation2_distill_lstm_weld_seam_windows_ws5_tf75_pg0_h1_ep80_lr0.00025_bs128_T3.0_lce0.8_lkd1.3_lf0.30000000000000004_seed42,42,0.9579000000000001,0.953406,0.8989,Data/processed_data/weld_seam_windows_ws5_tf75_pg0_h1.npz
ablation2_teacher_student_lstm,ablation2_distill_lstm_weld_seam_windows_ws5_tf75_pg0_h1_ep80_lr0.00015000000000000001_bs128_T3.0_lce0.8_lkd1.2_lf0.2_seed14,ablation_experiments/h1/results/run_20260327_131013/ablation2_teacher_student_lstm/students/ablation2_h1_scan90_run_20260327_131013/stage2/s2_s1_l3_o2_c1_r1/ablation2_distill_lstm_weld_seam_windows_ws5_tf75_pg0_h1_ep80_lr0.00015000000000000001_bs128_T3.0_lce0.8_lkd1.2_lf0.2_seed14,14,0.8961,0.852898,0.9719,Data/processed_data/weld_seam_windows_ws5_tf75_pg0_h1.npz
ablation2_teacher_student_lstm,ablation2_distill_lstm_weld_seam_windows_ws5_tf75_pg0_h1_ep80_lr0.00025_bs128_T3.0_lce0.8_lkd1.3_lf0.30000000000000004_seed42,ablation_experiments/h1/results/run_20260327_131013/ablation2_teacher_student_lstm/students/ablation2_h1_scan90_run_20260327_131013/stage2/s2_s1_l3_o2_c1_r2/ablation2_distill_lstm_weld_seam_windows_ws5_tf75_pg0_h1_ep80_lr0.00025_bs128_T3.0_lce0.8_lkd1.3_lf0.30000000000000004_seed42,42,0.9521999999999999,0.945404,0.8652,Data/processed_data/weld_seam_windows_ws5_tf75_pg0_h1.npz
ablation2_teacher_student_lstm,ablation2_distill_lstm_weld_seam_windows_ws5_tf75_pg0_h1_ep80_lr9.999999999999999e-05_bs128_T3.5_lce0.7_lkd1.4_lf0.3_seed14,ablation_experiments/h1/results/run_20260327_131013/ablation2_teacher_student_lstm/students/ablation2_h1_scan90_run_20260327_131013/stage2/s2_s1_l4_o1_c1_r1/ablation2_distill_lstm_weld_seam_windows_ws5_tf75_pg0_h1_ep80_lr9.999999999999999e-05_bs128_T3.5_lce0.7_lkd1.4_lf0.3_seed14,14,0.8904000000000001,0.845281,0.9662999999999999,Data/processed_data/weld_seam_windows_ws5_tf75_pg0_h1.npz
ablation2_teacher_student_lstm,ablation2_distill_lstm_weld_seam_windows_ws5_tf75_pg0_h1_ep80_lr0.00019999999999999998_bs128_T3.5_lce0.7_lkd1.5_lf0.4_seed42,ablation_experiments/h1/results/run_20260327_131013/ablation2_teacher_student_lstm/students/ablation2_h1_scan90_run_20260327_131013/stage2/s2_s1_l4_o1_c1_r2/ablation2_distill_lstm_weld_seam_windows_ws5_tf75_pg0_h1_ep80_lr0.00019999999999999998_bs128_T3.5_lce0.7_lkd1.5_lf0.4_seed42,42,0.9494,0.942104,0.8623999999999999,Data/processed_data/weld_seam_windows_ws5_tf75_pg0_h1.npz
ablation2_teacher_student_lstm,ablation2_distill_lstm_weld_seam_windows_ws5_tf75_pg0_h1_ep80_lr0.00015000000000000001_bs128_T3.5_lce0.7_lkd1.4_lf0.3_seed14,ablation_experiments/h1/results/run_20260327_131013/ablation2_teacher_student_lstm/students/ablation2_h1_scan90_run_20260327_131013/stage2/s2_s1_l4_o2_c1_r1/ablation2_distill_lstm_weld_seam_windows_ws5_tf75_pg0_h1_ep80_lr0.00015000000000000001_bs128_T3.5_lce0.7_lkd1.4_lf0.3_seed14,14,0.9017000000000001,0.862062,0.9775,Data/processed_data/weld_seam_windows_ws5_tf75_pg0_h1.npz
ablation2_teacher_student_lstm,ablation2_distill_lstm_weld_seam_windows_ws5_tf75_pg0_h1_ep80_lr0.00025_bs128_T3.5_lce0.7_lkd1.5_lf0.4_seed42,ablation_experiments/h1/results/run_20260327_131013/ablation2_teacher_student_lstm/students/ablation2_h1_scan90_run_20260327_131013/stage2/s2_s1_l4_o2_c1_r2/ablation2_distill_lstm_weld_seam_windows_ws5_tf75_pg0_h1_ep80_lr0.00025_bs128_T3.5_lce0.7_lkd1.5_lf0.4_seed42,42,0.9494,0.942104,0.8623999999999999,Data/processed_data/weld_seam_windows_ws5_tf75_pg0_h1.npz
ablation2_teacher_student_lstm,ablation2_distill_lstm_weld_seam_windows_ws5_tf75_pg0_h1_ep80_lr0.00025_bs128_T3.0_lce0.8_lkd1.3_lf0.30000000000000004_seed122,ablation_experiments/h1/results/run_20260327_131013/ablation2_teacher_student_lstm/students/ablation2_h1_scan90_run_20260327_131013/stage3/s3_s2_s1_l3_o2_c0_r2/seed_122/ablation2_distill_lstm_weld_seam_windows_ws5_tf75_pg0_h1_ep80_lr0.00025_bs128_T3.0_lce0.8_lkd1.3_lf0.30000000000000004_seed122,122,0.9045000000000001,0.872902,0.9634999999999999,Data/processed_data/weld_seam_windows_ws5_tf75_pg0_h1.npz
ablation2_teacher_student_lstm,ablation2_distill_lstm_weld_seam_windows_ws5_tf75_pg0_h1_ep80_lr0.00025_bs128_T3.0_lce0.8_lkd1.3_lf0.30000000000000004_seed183,ablation_experiments/h1/results/run_20260327_131013/ablation2_teacher_student_lstm/students/ablation2_h1_scan90_run_20260327_131013/stage3/s3_s2_s1_l3_o2_c0_r2/seed_183/ablation2_distill_lstm_weld_seam_windows_ws5_tf75_pg0_h1_ep80_lr0.00025_bs128_T3.0_lce0.8_lkd1.3_lf0.30000000000000004_seed183,183,0.9719,0.966781,0.9017000000000001,Data/processed_data/weld_seam_windows_ws5_tf75_pg0_h1.npz
ablation2_teacher_student_lstm,ablation2_distill_lstm_weld_seam_windows_ws5_tf75_pg0_h1_ep80_lr0.00025_bs128_T3.0_lce0.8_lkd1.3_lf0.30000000000000004_seed230,ablation_experiments/h1/results/run_20260327_131013/ablation2_teacher_student_lstm/students/ablation2_h1_scan90_run_20260327_131013/stage3/s3_s2_s1_l3_o2_c0_r2/seed_230/ablation2_distill_lstm_weld_seam_windows_ws5_tf75_pg0_h1_ep80_lr0.00025_bs128_T3.0_lce0.8_lkd1.3_lf0.30000000000000004_seed230,230,0.9326000000000001,0.92841,0.9073,Data/processed_data/weld_seam_windows_ws5_tf75_pg0_h1.npz
ablation2_teacher_student_lstm,ablation2_distill_lstm_weld_seam_windows_ws5_tf75_pg0_h1_ep80_lr0.00025_bs128_T3.0_lce0.8_lkd1.3_lf0.30000000000000004_seed77,ablation_experiments/h1/results/run_20260327_131013/ablation2_teacher_student_lstm/students/ablation2_h1_scan90_run_20260327_131013/stage3/s3_s2_s1_l3_o2_c0_r2/seed_77/ablation2_distill_lstm_weld_seam_windows_ws5_tf75_pg0_h1_ep80_lr0.00025_bs128_T3.0_lce0.8_lkd1.3_lf0.30000000000000004_seed77,77,0.9579000000000001,0.948886,0.8876000000000001,Data/processed_data/weld_seam_windows_ws5_tf75_pg0_h1.npz
ablation2_teacher_student_lstm,ablation2_distill_lstm_weld_seam_windows_ws5_tf75_pg0_h1_ep80_lr0.00025_bs128_T3.0_lce0.8_lkd1.3_lf0.30000000000000004_seed122,ablation_experiments/h1/results/run_20260327_131013/ablation2_teacher_student_lstm/students/ablation2_h1_scan90_run_20260327_131013/stage3/s3_s2_s1_l3_o2_c1_r2/seed_122/ablation2_distill_lstm_weld_seam_windows_ws5_tf75_pg0_h1_ep80_lr0.00025_bs128_T3.0_lce0.8_lkd1.3_lf0.30000000000000004_seed122,122,0.9213,0.880769,0.9521999999999999,Data/processed_data/weld_seam_windows_ws5_tf75_pg0_h1.npz
ablation2_teacher_student_lstm,ablation2_distill_lstm_weld_seam_windows_ws5_tf75_pg0_h1_ep80_lr0.00025_bs128_T3.0_lce0.8_lkd1.3_lf0.30000000000000004_seed183,ablation_experiments/h1/results/run_20260327_131013/ablation2_teacher_student_lstm/students/ablation2_h1_scan90_run_20260327_131013/stage3/s3_s2_s1_l3_o2_c1_r2/seed_183/ablation2_distill_lstm_weld_seam_windows_ws5_tf75_pg0_h1_ep80_lr0.00025_bs128_T3.0_lce0.8_lkd1.3_lf0.30000000000000004_seed183,183,0.9045000000000001,0.870607,0.9466,Data/processed_data/weld_seam_windows_ws5_tf75_pg0_h1.npz
ablation2_teacher_student_lstm,ablation2_distill_lstm_weld_seam_windows_ws5_tf75_pg0_h1_ep80_lr0.00025_bs128_T3.0_lce0.8_lkd1.3_lf0.30000000000000004_seed230,ablation_experiments/h1/results/run_20260327_131013/ablation2_teacher_student_lstm/students/ablation2_h1_scan90_run_20260327_131013/stage3/s3_s2_s1_l3_o2_c1_r2/seed_230/ablation2_distill_lstm_weld_seam_windows_ws5_tf75_pg0_h1_ep80_lr0.00025_bs128_T3.0_lce0.8_lkd1.3_lf0.30000000000000004_seed230,230,0.9944,0.992959,0.9073,Data/processed_data/weld_seam_windows_ws5_tf75_pg0_h1.npz
ablation2_teacher_student_lstm,ablation2_distill_lstm_weld_seam_windows_ws5_tf75_pg0_h1_ep80_lr0.00025_bs128_T3.0_lce0.8_lkd1.3_lf0.30000000000000004_seed77,ablation_experiments/h1/results/run_20260327_131013/ablation2_teacher_student_lstm/students/ablation2_h1_scan90_run_20260327_131013/stage3/s3_s2_s1_l3_o2_c1_r2/seed_77/ablation2_distill_lstm_weld_seam_windows_ws5_tf75_pg0_h1_ep80_lr0.00025_bs128_T3.0_lce0.8_lkd1.3_lf0.30000000000000004_seed77,77,0.927,0.894788,0.9579000000000001,Data/processed_data/weld_seam_windows_ws5_tf75_pg0_h1.npz
ablation3_joint_teacher_student_tcn_attn,ablation3_joint_tcn_attn_weld_seam_windows_ws5_tf75_pg0_h1_ep80_lrt0.0001_lrs0.0003_bs128_T3.0_lce0.8_lkd1.1_lf0.0_seed14,ablation_experiments/h1/results/run_20260327_131013/ablation3_joint_tcn_attn/ablation3_h1_scan90_run_20260327_131013_rerun/stage0/s0_l3_c0/ablation3_joint_tcn_attn_weld_seam_windows_ws5_tf75_pg0_h1_ep80_lrt0.0001_lrs0.0003_bs128_T3.0_lce0.8_lkd1.1_lf0.0_seed14,14,0.9775,0.971053,0.9662999999999999,Data/processed_data/weld_seam_windows_ws5_tf75_pg0_h1.npz
ablation3_joint_teacher_student_tcn_attn,ablation3_joint_tcn_attn_weld_seam_windows_ws5_tf75_pg0_h1_ep80_lrt0.0001_lrs0.0003_bs128_T3.0_lce0.8_lkd1.1_lf0.0_seed14,ablation_experiments/h1/results/run_20260327_131013/ablation3_joint_tcn_attn/ablation3_h1_scan90_run_20260327_131013_rerun/stage0/s0_l3_c7/ablation3_joint_tcn_attn_weld_seam_windows_ws5_tf75_pg0_h1_ep80_lrt0.0001_lrs0.0003_bs128_T3.0_lce0.8_lkd1.1_lf0.0_seed14,14,0.9775,0.971053,0.9662999999999999,Data/processed_data/weld_seam_windows_ws5_tf75_pg0_h1.npz
ablation3_joint_teacher_student_tcn_attn,ablation3_joint_tcn_attn_weld_seam_windows_ws5_tf75_pg0_h1_ep80_lrt0.0001_lrs0.0003_bs128_T2.5_lce0.9_lkd1.1_lf0.0_seed14,ablation_experiments/h1/results/run_20260327_131013/ablation3_joint_tcn_attn/ablation3_h1_scan90_run_20260327_131013_rerun/stage0/s0_l4_c0/ablation3_joint_tcn_attn_weld_seam_windows_ws5_tf75_pg0_h1_ep80_lrt0.0001_lrs0.0003_bs128_T2.5_lce0.9_lkd1.1_lf0.0_seed14,14,0.9775,0.971053,0.9662999999999999,Data/processed_data/weld_seam_windows_ws5_tf75_pg0_h1.npz
ablation3_joint_teacher_student_tcn_attn,ablation3_joint_tcn_attn_weld_seam_windows_ws5_tf75_pg0_h1_ep80_lrt0.0001_lrs0.0003_bs128_T2.5_lce0.9_lkd1.1_lf0.0_seed14,ablation_experiments/h1/results/run_20260327_131013/ablation3_joint_tcn_attn/ablation3_h1_scan90_run_20260327_131013_rerun/stage0/s0_l4_c7/ablation3_joint_tcn_attn_weld_seam_windows_ws5_tf75_pg0_h1_ep80_lrt0.0001_lrs0.0003_bs128_T2.5_lce0.9_lkd1.1_lf0.0_seed14,14,0.9775,0.971053,0.9662999999999999,Data/processed_data/weld_seam_windows_ws5_tf75_pg0_h1.npz
ablation3_joint_teacher_student_tcn_attn,ablation3_joint_tcn_attn_weld_seam_windows_ws5_tf75_pg0_h1_ep80_lrt0.0001_lrs0.0003_bs128_T2.0_lce0.9_lkd1.2_lf0.1_seed14,ablation_experiments/h1/results/run_20260327_131013/ablation3_joint_tcn_attn/ablation3_h1_scan90_run_20260327_131013_rerun/stage0/s0_l4p_c0/ablation3_joint_tcn_attn_weld_seam_windows_ws5_tf75_pg0_h1_ep80_lrt0.0001_lrs0.0003_bs128_T2.0_lce0.9_lkd1.2_lf0.1_seed14,14,0.9831,0.976478,0.9719,Data/processed_data/weld_seam_windows_ws5_tf75_pg0_h1.npz
ablation3_joint_teacher_student_tcn_attn,ablation3_joint_tcn_attn_weld_seam_windows_ws5_tf75_pg0_h1_ep80_lrt0.0001_lrs0.0003_bs128_T2.0_lce0.9_lkd1.2_lf0.1_seed14,ablation_experiments/h1/results/run_20260327_131013/ablation3_joint_tcn_attn/ablation3_h1_scan90_run_20260327_131013_rerun/stage0/s0_l4p_c7/ablation3_joint_tcn_attn_weld_seam_windows_ws5_tf75_pg0_h1_ep80_lrt0.0001_lrs0.0003_bs128_T2.0_lce0.9_lkd1.2_lf0.1_seed14,14,0.9831,0.976478,0.9719,Data/processed_data/weld_seam_windows_ws5_tf75_pg0_h1.npz
ablation3_joint_teacher_student_tcn_attn,ablation3_joint_tcn_attn_weld_seam_windows_ws5_tf75_pg0_h1_ep80_lrt0.0001_lrs0.0002_bs128_T3.0_lce0.8_lkd1.1_lf0.0_seed14,ablation_experiments/h1/results/run_20260327_131013/ablation3_joint_tcn_attn/ablation3_h1_scan90_run_20260327_131013_rerun/stage1/s1_l3_o1_c0/ablation3_joint_tcn_attn_weld_seam_windows_ws5_tf75_pg0_h1_ep80_lrt0.0001_lrs0.0002_bs128_T3.0_lce0.8_lkd1.1_lf0.0_seed14,14,0.9662999999999999,0.95248,0.9606999999999999,Data/processed_data/weld_seam_windows_ws5_tf75_pg0_h1.npz
ablation3_joint_teacher_student_tcn_attn,ablation3_joint_tcn_attn_weld_seam_windows_ws5_tf75_pg0_h1_ep80_lrt0.0001_lrs0.0002_bs128_T3.0_lce0.8_lkd1.1_lf0.0_seed14,ablation_experiments/h1/results/run_20260327_131013/ablation3_joint_tcn_attn/ablation3_h1_scan90_run_20260327_131013_rerun/stage1/s1_l3_o1_c7/ablation3_joint_tcn_attn_weld_seam_windows_ws5_tf75_pg0_h1_ep80_lrt0.0001_lrs0.0002_bs128_T3.0_lce0.8_lkd1.1_lf0.0_seed14,14,0.9662999999999999,0.95248,0.9606999999999999,Data/processed_data/weld_seam_windows_ws5_tf75_pg0_h1.npz
ablation3_joint_teacher_student_tcn_attn,ablation3_joint_tcn_attn_weld_seam_windows_ws5_tf75_pg0_h1_ep80_lrt0.0001_lrs0.0003_bs128_T3.0_lce0.8_lkd1.1_lf0.0_seed14,ablation_experiments/h1/results/run_20260327_131013/ablation3_joint_tcn_attn/ablation3_h1_scan90_run_20260327_131013_rerun/stage1/s1_l3_o2_c0/ablation3_joint_tcn_attn_weld_seam_windows_ws5_tf75_pg0_h1_ep80_lrt0.0001_lrs0.0003_bs128_T3.0_lce0.8_lkd1.1_lf0.0_seed14,14,0.9691,0.955364,0.9606999999999999,Data/processed_data/weld_seam_windows_ws5_tf75_pg0_h1.npz
ablation3_joint_teacher_student_tcn_attn,ablation3_joint_tcn_attn_weld_seam_windows_ws5_tf75_pg0_h1_ep80_lrt0.0001_lrs0.0003_bs128_T3.0_lce0.8_lkd1.1_lf0.0_seed14,ablation_experiments/h1/results/run_20260327_131013/ablation3_joint_tcn_attn/ablation3_h1_scan90_run_20260327_131013_rerun/stage1/s1_l3_o2_c7/ablation3_joint_tcn_attn_weld_seam_windows_ws5_tf75_pg0_h1_ep80_lrt0.0001_lrs0.0003_bs128_T3.0_lce0.8_lkd1.1_lf0.0_seed14,14,0.9691,0.955364,0.9606999999999999,Data/processed_data/weld_seam_windows_ws5_tf75_pg0_h1.npz
ablation3_joint_teacher_student_tcn_attn,ablation3_joint_tcn_attn_weld_seam_windows_ws5_tf75_pg0_h1_ep80_lrt0.0002_lrs0.0003_bs128_T3.0_lce0.8_lkd1.1_lf0.0_seed14,ablation_experiments/h1/results/run_20260327_131013/ablation3_joint_tcn_attn/ablation3_h1_scan90_run_20260327_131013_rerun/stage1/s1_l3_o3_c0/ablation3_joint_tcn_attn_weld_seam_windows_ws5_tf75_pg0_h1_ep80_lrt0.0002_lrs0.0003_bs128_T3.0_lce0.8_lkd1.1_lf0.0_seed14,14,0.9691,0.955364,0.9606999999999999,Data/processed_data/weld_seam_windows_ws5_tf75_pg0_h1.npz
ablation3_joint_teacher_student_tcn_attn,ablation3_joint_tcn_attn_weld_seam_windows_ws5_tf75_pg0_h1_ep80_lrt0.0002_lrs0.0003_bs128_T3.0_lce0.8_lkd1.1_lf0.0_seed14,ablation_experiments/h1/results/run_20260327_131013/ablation3_joint_tcn_attn/ablation3_h1_scan90_run_20260327_131013_rerun/stage1/s1_l3_o3_c7/ablation3_joint_tcn_attn_weld_seam_windows_ws5_tf75_pg0_h1_ep80_lrt0.0002_lrs0.0003_bs128_T3.0_lce0.8_lkd1.1_lf0.0_seed14,14,0.9691,0.955364,0.9606999999999999,Data/processed_data/weld_seam_windows_ws5_tf75_pg0_h1.npz
ablation3_joint_teacher_student_tcn_attn,ablation3_joint_tcn_attn_weld_seam_windows_ws5_tf75_pg0_h1_ep80_lrt0.0001_lrs0.0002_bs128_T2.5_lce0.9_lkd1.1_lf0.0_seed14,ablation_experiments/h1/results/run_20260327_131013/ablation3_joint_tcn_attn/ablation3_h1_scan90_run_20260327_131013_rerun/stage1/s1_l4_o1_c0/ablation3_joint_tcn_attn_weld_seam_windows_ws5_tf75_pg0_h1_ep80_lrt0.0001_lrs0.0002_bs128_T2.5_lce0.9_lkd1.1_lf0.0_seed14,14,0.9662999999999999,0.95248,0.9606999999999999,Data/processed_data/weld_seam_windows_ws5_tf75_pg0_h1.npz
ablation3_joint_teacher_student_tcn_attn,ablation3_joint_tcn_attn_weld_seam_windows_ws5_tf75_pg0_h1_ep80_lrt0.0001_lrs0.0002_bs128_T2.5_lce0.9_lkd1.1_lf0.0_seed14,ablation_experiments/h1/results/run_20260327_131013/ablation3_joint_tcn_attn/ablation3_h1_scan90_run_20260327_131013_rerun/stage1/s1_l4_o1_c7/ablation3_joint_tcn_attn_weld_seam_windows_ws5_tf75_pg0_h1_ep80_lrt0.0001_lrs0.0002_bs128_T2.5_lce0.9_lkd1.1_lf0.0_seed14,14,0.9662999999999999,0.95248,0.9606999999999999,Data/processed_data/weld_seam_windows_ws5_tf75_pg0_h1.npz
ablation3_joint_teacher_student_tcn_attn,ablation3_joint_tcn_attn_weld_seam_windows_ws5_tf75_pg0_h1_ep80_lrt0.0001_lrs0.0003_bs128_T2.5_lce0.9_lkd1.1_lf0.0_seed14,ablation_experiments/h1/results/run_20260327_131013/ablation3_joint_tcn_attn/ablation3_h1_scan90_run_20260327_131013_rerun/stage1/s1_l4_o2_c0/ablation3_joint_tcn_attn_weld_seam_windows_ws5_tf75_pg0_h1_ep80_lrt0.0001_lrs0.0003_bs128_T2.5_lce0.9_lkd1.1_lf0.0_seed14,14,0.9691,0.955364,0.9606999999999999,Data/processed_data/weld_seam_windows_ws5_tf75_pg0_h1.npz
ablation3_joint_teacher_student_tcn_attn,ablation3_joint_tcn_attn_weld_seam_windows_ws5_tf75_pg0_h1_ep80_lrt0.0001_lrs0.0003_bs128_T2.5_lce0.9_lkd1.1_lf0.0_seed14,ablation_experiments/h1/results/run_20260327_131013/ablation3_joint_tcn_attn/ablation3_h1_scan90_run_20260327_131013_rerun/stage1/s1_l4_o2_c7/ablation3_joint_tcn_attn_weld_seam_windows_ws5_tf75_pg0_h1_ep80_lrt0.0001_lrs0.0003_bs128_T2.5_lce0.9_lkd1.1_lf0.0_seed14,14,0.9691,0.955364,0.9606999999999999,Data/processed_data/weld_seam_windows_ws5_tf75_pg0_h1.npz
ablation3_joint_teacher_student_tcn_attn,ablation3_joint_tcn_attn_weld_seam_windows_ws5_tf75_pg0_h1_ep80_lrt0.0002_lrs0.0003_bs128_T2.5_lce0.9_lkd1.1_lf0.0_seed14,ablation_experiments/h1/results/run_20260327_131013/ablation3_joint_tcn_attn/ablation3_h1_scan90_run_20260327_131013_rerun/stage1/s1_l4_o3_c0/ablation3_joint_tcn_attn_weld_seam_windows_ws5_tf75_pg0_h1_ep80_lrt0.0002_lrs0.0003_bs128_T2.5_lce0.9_lkd1.1_lf0.0_seed14,14,0.9634999999999999,0.949576,0.9551000000000001,Data/processed_data/weld_seam_windows_ws5_tf75_pg0_h1.npz
ablation3_joint_teacher_student_tcn_attn,ablation3_joint_tcn_attn_weld_seam_windows_ws5_tf75_pg0_h1_ep80_lrt0.0002_lrs0.0003_bs128_T2.5_lce0.9_lkd1.1_lf0.0_seed14,ablation_experiments/h1/results/run_20260327_131013/ablation3_joint_tcn_attn/ablation3_h1_scan90_run_20260327_131013_rerun/stage1/s1_l4_o3_c7/ablation3_joint_tcn_attn_weld_seam_windows_ws5_tf75_pg0_h1_ep80_lrt0.0002_lrs0.0003_bs128_T2.5_lce0.9_lkd1.1_lf0.0_seed14,14,0.9634999999999999,0.949576,0.9551000000000001,Data/processed_data/weld_seam_windows_ws5_tf75_pg0_h1.npz
ablation3_joint_teacher_student_tcn_attn,ablation3_joint_tcn_attn_weld_seam_windows_ws5_tf75_pg0_h1_ep80_lrt0.0001_lrs0.0002_bs128_T2.0_lce0.9_lkd1.2_lf0.1_seed14,ablation_experiments/h1/results/run_20260327_131013/ablation3_joint_tcn_attn/ablation3_h1_scan90_run_20260327_131013_rerun/stage1/s1_l4p_o1_c0/ablation3_joint_tcn_attn_weld_seam_windows_ws5_tf75_pg0_h1_ep80_lrt0.0001_lrs0.0002_bs128_T2.0_lce0.9_lkd1.2_lf0.1_seed14,14,0.9634999999999999,0.949576,0.9579000000000001,Data/processed_data/weld_seam_windows_ws5_tf75_pg0_h1.npz
ablation3_joint_teacher_student_tcn_attn,ablation3_joint_tcn_attn_weld_seam_windows_ws5_tf75_pg0_h1_ep80_lrt0.0001_lrs0.0002_bs128_T2.0_lce0.9_lkd1.2_lf0.1_seed14,ablation_experiments/h1/results/run_20260327_131013/ablation3_joint_tcn_attn/ablation3_h1_scan90_run_20260327_131013_rerun/stage1/s1_l4p_o1_c7/ablation3_joint_tcn_attn_weld_seam_windows_ws5_tf75_pg0_h1_ep80_lrt0.0001_lrs0.0002_bs128_T2.0_lce0.9_lkd1.2_lf0.1_seed14,14,0.9634999999999999,0.949576,0.9579000000000001,Data/processed_data/weld_seam_windows_ws5_tf75_pg0_h1.npz
ablation3_joint_teacher_student_tcn_attn,ablation3_joint_tcn_attn_weld_seam_windows_ws5_tf75_pg0_h1_ep80_lrt0.0001_lrs0.0003_bs128_T2.0_lce0.9_lkd1.2_lf0.1_seed14,ablation_experiments/h1/results/run_20260327_131013/ablation3_joint_tcn_attn/ablation3_h1_scan90_run_20260327_131013_rerun/stage1/s1_l4p_o2_c0/ablation3_joint_tcn_attn_weld_seam_windows_ws5_tf75_pg0_h1_ep80_lrt0.0001_lrs0.0003_bs128_T2.0_lce0.9_lkd1.2_lf0.1_seed14,14,0.9691,0.953997,0.9606999999999999,Data/processed_data/weld_seam_windows_ws5_tf75_pg0_h1.npz
ablation3_joint_teacher_student_tcn_attn,ablation3_joint_tcn_attn_weld_seam_windows_ws5_tf75_pg0_h1_ep80_lrt0.0001_lrs0.0003_bs128_T2.0_lce0.9_lkd1.2_lf0.1_seed14,ablation_experiments/h1/results/run_20260327_131013/ablation3_joint_tcn_attn/ablation3_h1_scan90_run_20260327_131013_rerun/stage1/s1_l4p_o2_c7/ablation3_joint_tcn_attn_weld_seam_windows_ws5_tf75_pg0_h1_ep80_lrt0.0001_lrs0.0003_bs128_T2.0_lce0.9_lkd1.2_lf0.1_seed14,14,0.9691,0.953997,0.9606999999999999,Data/processed_data/weld_seam_windows_ws5_tf75_pg0_h1.npz
ablation3_joint_teacher_student_tcn_attn,ablation3_joint_tcn_attn_weld_seam_windows_ws5_tf75_pg0_h1_ep80_lrt0.0002_lrs0.0003_bs128_T2.0_lce0.9_lkd1.2_lf0.1_seed14,ablation_experiments/h1/results/run_20260327_131013/ablation3_joint_tcn_attn/ablation3_h1_scan90_run_20260327_131013_rerun/stage1/s1_l4p_o3_c0/ablation3_joint_tcn_attn_weld_seam_windows_ws5_tf75_pg0_h1_ep80_lrt0.0002_lrs0.0003_bs128_T2.0_lce0.9_lkd1.2_lf0.1_seed14,14,0.9691,0.953997,0.9606999999999999,Data/processed_data/weld_seam_windows_ws5_tf75_pg0_h1.npz
ablation3_joint_teacher_student_tcn_attn,ablation3_joint_tcn_attn_weld_seam_windows_ws5_tf75_pg0_h1_ep80_lrt0.0002_lrs0.0003_bs128_T2.0_lce0.9_lkd1.2_lf0.1_seed14,ablation_experiments/h1/results/run_20260327_131013/ablation3_joint_tcn_attn/ablation3_h1_scan90_run_20260327_131013_rerun/stage1/s1_l4p_o3_c7/ablation3_joint_tcn_attn_weld_seam_windows_ws5_tf75_pg0_h1_ep80_lrt0.0002_lrs0.0003_bs128_T2.0_lce0.9_lkd1.2_lf0.1_seed14,14,0.9691,0.953997,0.9606999999999999,Data/processed_data/weld_seam_windows_ws5_tf75_pg0_h1.npz
ablation3_joint_teacher_student_tcn_attn,ablation3_joint_tcn_attn_weld_seam_windows_ws5_tf75_pg0_h1_ep80_lrt0.0001_lrs0.00024999999999999995_bs128_T2.5_lce0.9_lkd1.1_lf0.0_seed42,ablation_experiments/h1/results/run_20260327_131013/ablation3_joint_tcn_attn/ablation3_h1_scan90_run_20260327_131013_rerun/stage2/s2_s0_l4_c0_r1/ablation3_joint_tcn_attn_weld_seam_windows_ws5_tf75_pg0_h1_ep80_lrt0.0001_lrs0.00024999999999999995_bs128_T2.5_lce0.9_lkd1.1_lf0.0_seed42,42,0.8399,0.813174,0.8848,Data/processed_data/weld_seam_windows_ws5_tf75_pg0_h1.npz
ablation3_joint_teacher_student_tcn_attn,ablation3_joint_tcn_attn_weld_seam_windows_ws5_tf75_pg0_h1_ep80_lrt0.0001_lrs0.00035_bs128_T2.5_lce0.9_lkd1.2000000000000002_lf0.1_seed122,ablation_experiments/h1/results/run_20260327_131013/ablation3_joint_tcn_attn/ablation3_h1_scan90_run_20260327_131013_rerun/stage2/s2_s0_l4_c0_r2/ablation3_joint_tcn_attn_weld_seam_windows_ws5_tf75_pg0_h1_ep80_lrt0.0001_lrs0.00035_bs128_T2.5_lce0.9_lkd1.2000000000000002_lf0.1_seed122,122,0.9073,0.867539,0.941,Data/processed_data/weld_seam_windows_ws5_tf75_pg0_h1.npz
ablation3_joint_teacher_student_tcn_attn,ablation3_joint_tcn_attn_weld_seam_windows_ws5_tf75_pg0_h1_ep80_lrt0.0001_lrs0.00024999999999999995_bs128_T2.5_lce0.9_lkd1.1_lf0.0_seed14,ablation_experiments/h1/results/run_20260327_131013/ablation3_joint_tcn_attn/ablation3_h1_scan90_run_20260327_131013_rerun/stage2/s2_s0_l4_c7_r1/ablation3_joint_tcn_attn_weld_seam_windows_ws5_tf75_pg0_h1_ep80_lrt0.0001_lrs0.00024999999999999995_bs128_T2.5_lce0.9_lkd1.1_lf0.0_seed14,14,0.9551000000000001,0.939485,0.9494,Data/processed_data/weld_seam_windows_ws5_tf75_pg0_h1.npz
ablation3_joint_teacher_student_tcn_attn,ablation3_joint_tcn_attn_weld_seam_windows_ws5_tf75_pg0_h1_ep80_lrt0.0001_lrs0.00035_bs128_T2.5_lce0.9_lkd1.2000000000000002_lf0.1_seed42,ablation_experiments/h1/results/run_20260327_131013/ablation3_joint_tcn_attn/ablation3_h1_scan90_run_20260327_131013_rerun/stage2/s2_s0_l4_c7_r2/ablation3_joint_tcn_attn_weld_seam_windows_ws5_tf75_pg0_h1_ep80_lrt0.0001_lrs0.00035_bs128_T2.5_lce0.9_lkd1.2000000000000002_lf0.1_seed42,42,0.8454999999999999,0.813392,0.8848,Data/processed_data/weld_seam_windows_ws5_tf75_pg0_h1.npz
ablation3_joint_teacher_student_tcn_attn,ablation3_joint_tcn_attn_weld_seam_windows_ws5_tf75_pg0_h1_ep80_lrt0.0001_lrs0.00024999999999999995_bs128_T2.0_lce0.9_lkd1.2_lf0.1_seed14,ablation_experiments/h1/results/run_20260327_131013/ablation3_joint_tcn_attn/ablation3_h1_scan90_run_20260327_131013_rerun/stage2/s2_s0_l4p_c0_r1/ablation3_joint_tcn_attn_weld_seam_windows_ws5_tf75_pg0_h1_ep80_lrt0.0001_lrs0.00024999999999999995_bs128_T2.0_lce0.9_lkd1.2_lf0.1_seed14,14,0.9551000000000001,0.939464,0.9521999999999999,Data/processed_data/weld_seam_windows_ws5_tf75_pg0_h1.npz
ablation3_joint_teacher_student_tcn_attn,ablation3_joint_tcn_attn_weld_seam_windows_ws5_tf75_pg0_h1_ep80_lrt0.0001_lrs0.00035_bs128_T2.0_lce0.9_lkd1.3_lf0.2_seed42,ablation_experiments/h1/results/run_20260327_131013/ablation3_joint_tcn_attn/ablation3_h1_scan90_run_20260327_131013_rerun/stage2/s2_s0_l4p_c0_r2/ablation3_joint_tcn_attn_weld_seam_windows_ws5_tf75_pg0_h1_ep80_lrt0.0001_lrs0.00035_bs128_T2.0_lce0.9_lkd1.3_lf0.2_seed42,42,0.8454999999999999,0.817645,0.8736,Data/processed_data/weld_seam_windows_ws5_tf75_pg0_h1.npz
ablation3_joint_teacher_student_tcn_attn,ablation3_joint_tcn_attn_weld_seam_windows_ws5_tf75_pg0_h1_ep80_lrt0.0001_lrs0.00024999999999999995_bs128_T2.0_lce0.9_lkd1.2_lf0.1_seed122,ablation_experiments/h1/results/run_20260327_131013/ablation3_joint_tcn_attn/ablation3_h1_scan90_run_20260327_131013_rerun/stage2/s2_s0_l4p_c7_r1/ablation3_joint_tcn_attn_weld_seam_windows_ws5_tf75_pg0_h1_ep80_lrt0.0001_lrs0.00024999999999999995_bs128_T2.0_lce0.9_lkd1.2_lf0.1_seed122,122,0.8904000000000001,0.845991,0.9073,Data/processed_data/weld_seam_windows_ws5_tf75_pg0_h1.npz
ablation3_joint_teacher_student_tcn_attn,ablation3_joint_tcn_attn_weld_seam_windows_ws5_tf75_pg0_h1_ep80_lrt0.0001_lrs0.00035_bs128_T2.0_lce0.9_lkd1.3_lf0.2_seed14,ablation_experiments/h1/results/run_20260327_131013/ablation3_joint_tcn_attn/ablation3_h1_scan90_run_20260327_131013_rerun/stage2/s2_s0_l4p_c7_r2/ablation3_joint_tcn_attn_weld_seam_windows_ws5_tf75_pg0_h1_ep80_lrt0.0001_lrs0.00035_bs128_T2.0_lce0.9_lkd1.3_lf0.2_seed14,14,0.9662999999999999,0.94975,0.9579000000000001,Data/processed_data/weld_seam_windows_ws5_tf75_pg0_h1.npz
ablation3_joint_teacher_student_tcn_attn,ablation3_joint_tcn_attn_weld_seam_windows_ws5_tf75_pg0_h1_ep80_lrt0.0001_lrs0.0003_bs128_T2.0_lce0.9_lkd1.2_lf0.1_seed132,ablation_experiments/h1/results/run_20260327_131013/ablation3_joint_tcn_attn/ablation3_h1_scan90_run_20260327_131013_rerun/stage3/s3_s0_l4p_c0/seed_132/ablation3_joint_tcn_attn_weld_seam_windows_ws5_tf75_pg0_h1_ep80_lrt0.0001_lrs0.0003_bs128_T2.0_lce0.9_lkd1.2_lf0.1_seed132,132,0.9551000000000001,0.937809,0.9521999999999999,Data/processed_data/weld_seam_windows_ws5_tf75_pg0_h1.npz
ablation3_joint_teacher_student_tcn_attn,ablation3_joint_tcn_attn_weld_seam_windows_ws5_tf75_pg0_h1_ep80_lrt0.0001_lrs0.0003_bs128_T2.0_lce0.9_lkd1.2_lf0.1_seed230,ablation_experiments/h1/results/run_20260327_131013/ablation3_joint_tcn_attn/ablation3_h1_scan90_run_20260327_131013_rerun/stage3/s3_s0_l4p_c0/seed_230/ablation3_joint_tcn_attn_weld_seam_windows_ws5_tf75_pg0_h1_ep80_lrt0.0001_lrs0.0003_bs128_T2.0_lce0.9_lkd1.2_lf0.1_seed230,230,0.9298000000000001,0.905478,0.9521999999999999,Data/processed_data/weld_seam_windows_ws5_tf75_pg0_h1.npz
ablation3_joint_teacher_student_tcn_attn,ablation3_joint_tcn_attn_weld_seam_windows_ws5_tf75_pg0_h1_ep80_lrt0.0001_lrs0.0003_bs128_T2.0_lce0.9_lkd1.2_lf0.1_seed314,ablation_experiments/h1/results/run_20260327_131013/ablation3_joint_tcn_attn/ablation3_h1_scan90_run_20260327_131013_rerun/stage3/s3_s0_l4p_c0/seed_314/ablation3_joint_tcn_attn_weld_seam_windows_ws5_tf75_pg0_h1_ep80_lrt0.0001_lrs0.0003_bs128_T2.0_lce0.9_lkd1.2_lf0.1_seed314,314,0.9551000000000001,0.941085,0.9606999999999999,Data/processed_data/weld_seam_windows_ws5_tf75_pg0_h1.npz
ablation3_joint_teacher_student_tcn_attn,ablation3_joint_tcn_attn_weld_seam_windows_ws5_tf75_pg0_h1_ep80_lrt0.0001_lrs0.0003_bs128_T2.0_lce0.9_lkd1.2_lf0.1_seed512,ablation_experiments/h1/results/run_20260327_131013/ablation3_joint_tcn_attn/ablation3_h1_scan90_run_20260327_131013_rerun/stage3/s3_s0_l4p_c0/seed_512/ablation3_joint_tcn_attn_weld_seam_windows_ws5_tf75_pg0_h1_ep80_lrt0.0001_lrs0.0003_bs128_T2.0_lce0.9_lkd1.2_lf0.1_seed512,512,0.8792,0.845857,0.8933,Data/processed_data/weld_seam_windows_ws5_tf75_pg0_h1.npz
ablation3_joint_teacher_student_tcn_attn,ablation3_joint_tcn_attn_weld_seam_windows_ws5_tf75_pg0_h1_ep80_lrt0.0001_lrs0.0003_bs128_T2.0_lce0.9_lkd1.2_lf0.1_seed132,ablation_experiments/h1/results/run_20260327_131013/ablation3_joint_tcn_attn/ablation3_h1_scan90_run_20260327_131013_rerun/stage3/s3_s0_l4p_c7/seed_132/ablation3_joint_tcn_attn_weld_seam_windows_ws5_tf75_pg0_h1_ep80_lrt0.0001_lrs0.0003_bs128_T2.0_lce0.9_lkd1.2_lf0.1_seed132,132,0.9551000000000001,0.937809,0.9521999999999999,Data/processed_data/weld_seam_windows_ws5_tf75_pg0_h1.npz
ablation3_joint_teacher_student_tcn_attn,ablation3_joint_tcn_attn_weld_seam_windows_ws5_tf75_pg0_h1_ep80_lrt0.0001_lrs0.0003_bs128_T2.0_lce0.9_lkd1.2_lf0.1_seed230,ablation_experiments/h1/results/run_20260327_131013/ablation3_joint_tcn_attn/ablation3_h1_scan90_run_20260327_131013_rerun/stage3/s3_s0_l4p_c7/seed_230/ablation3_joint_tcn_attn_weld_seam_windows_ws5_tf75_pg0_h1_ep80_lrt0.0001_lrs0.0003_bs128_T2.0_lce0.9_lkd1.2_lf0.1_seed230,230,0.9298000000000001,0.905478,0.9521999999999999,Data/processed_data/weld_seam_windows_ws5_tf75_pg0_h1.npz
ablation3_joint_teacher_student_tcn_attn,ablation3_joint_tcn_attn_weld_seam_windows_ws5_tf75_pg0_h1_ep80_lrt0.0001_lrs0.0003_bs128_T2.0_lce0.9_lkd1.2_lf0.1_seed314,ablation_experiments/h1/results/run_20260327_131013/ablation3_joint_tcn_attn/ablation3_h1_scan90_run_20260327_131013_rerun/stage3/s3_s0_l4p_c7/seed_314/ablation3_joint_tcn_attn_weld_seam_windows_ws5_tf75_pg0_h1_ep80_lrt0.0001_lrs0.0003_bs128_T2.0_lce0.9_lkd1.2_lf0.1_seed314,314,0.9551000000000001,0.941085,0.9606999999999999,Data/processed_data/weld_seam_windows_ws5_tf75_pg0_h1.npz
ablation3_joint_teacher_student_tcn_attn,ablation3_joint_tcn_attn_weld_seam_windows_ws5_tf75_pg0_h1_ep80_lrt0.0001_lrs0.0003_bs128_T2.0_lce0.9_lkd1.2_lf0.1_seed512,ablation_experiments/h1/results/run_20260327_131013/ablation3_joint_tcn_attn/ablation3_h1_scan90_run_20260327_131013_rerun/stage3/s3_s0_l4p_c7/seed_512/ablation3_joint_tcn_attn_weld_seam_windows_ws5_tf75_pg0_h1_ep80_lrt0.0001_lrs0.0003_bs128_T2.0_lce0.9_lkd1.2_lf0.1_seed512,512,0.8792,0.845857,0.8933,Data/processed_data/weld_seam_windows_ws5_tf75_pg0_h1.npz
