model_name,model_family,protocol,class_id,class_name,metric,value,source_run_dir
Exploratory Teacher Best,teacher,exploratory,0,S0,precision,1.0,/home/huang_kai/wind_turbine_phm/PHOENIX-main/autoencoder_benchmark/outputs/teacher_h1_scan98_gpu1_v2/runs/single_tcn_attn_weld_seam_windows_ws5_tf75_pg0_h1_ep60_lr0.0003_bs128_k3_l3_d0.08_lat64_wd0.00015_seed14
Exploratory Teacher Best,teacher,exploratory,0,S0,recall,0.9615,/home/huang_kai/wind_turbine_phm/PHOENIX-main/autoencoder_benchmark/outputs/teacher_h1_scan98_gpu1_v2/runs/single_tcn_attn_weld_seam_windows_ws5_tf75_pg0_h1_ep60_lr0.0003_bs128_k3_l3_d0.08_lat64_wd0.00015_seed14
Exploratory Teacher Best,teacher,exploratory,0,S0,f1,0.9804,/home/huang_kai/wind_turbine_phm/PHOENIX-main/autoencoder_benchmark/outputs/teacher_h1_scan98_gpu1_v2/runs/single_tcn_attn_weld_seam_windows_ws5_tf75_pg0_h1_ep60_lr0.0003_bs128_k3_l3_d0.08_lat64_wd0.00015_seed14
Exploratory Teacher Best,teacher,exploratory,1,S1,precision,0.9326,/home/huang_kai/wind_turbine_phm/PHOENIX-main/autoencoder_benchmark/outputs/teacher_h1_scan98_gpu1_v2/runs/single_tcn_attn_weld_seam_windows_ws5_tf75_pg0_h1_ep60_lr0.0003_bs128_k3_l3_d0.08_lat64_wd0.00015_seed14
Exploratory Teacher Best,teacher,exploratory,1,S1,recall,1.0,/home/huang_kai/wind_turbine_phm/PHOENIX-main/autoencoder_benchmark/outputs/teacher_h1_scan98_gpu1_v2/runs/single_tcn_attn_weld_seam_windows_ws5_tf75_pg0_h1_ep60_lr0.0003_bs128_k3_l3_d0.08_lat64_wd0.00015_seed14
Exploratory Teacher Best,teacher,exploratory,1,S1,f1,0.9651,/home/huang_kai/wind_turbine_phm/PHOENIX-main/autoencoder_benchmark/outputs/teacher_h1_scan98_gpu1_v2/runs/single_tcn_attn_weld_seam_windows_ws5_tf75_pg0_h1_ep60_lr0.0003_bs128_k3_l3_d0.08_lat64_wd0.00015_seed14
Exploratory Teacher Best,teacher,exploratory,2,S2,precision,1.0,/home/huang_kai/wind_turbine_phm/PHOENIX-main/autoencoder_benchmark/outputs/teacher_h1_scan98_gpu1_v2/runs/single_tcn_attn_weld_seam_windows_ws5_tf75_pg0_h1_ep60_lr0.0003_bs128_k3_l3_d0.08_lat64_wd0.00015_seed14
Exploratory Teacher Best,teacher,exploratory,2,S2,recall,0.9846,/home/huang_kai/wind_turbine_phm/PHOENIX-main/autoencoder_benchmark/outputs/teacher_h1_scan98_gpu1_v2/runs/single_tcn_attn_weld_seam_windows_ws5_tf75_pg0_h1_ep60_lr0.0003_bs128_k3_l3_d0.08_lat64_wd0.00015_seed14
Exploratory Teacher Best,teacher,exploratory,2,S2,f1,0.9922,/home/huang_kai/wind_turbine_phm/PHOENIX-main/autoencoder_benchmark/outputs/teacher_h1_scan98_gpu1_v2/runs/single_tcn_attn_weld_seam_windows_ws5_tf75_pg0_h1_ep60_lr0.0003_bs128_k3_l3_d0.08_lat64_wd0.00015_seed14
Best Student Distill,student,exploratory,0,S0,precision,1.0,/home/huang_kai/wind_turbine_phm/PHOENIX-main/autoencoder_benchmark/ablation_experiments/h1/results/comparison_18d_baselines/teacher_student_reference/student_h1_sweep/student_h1_scan96_20260326/extension/extension_s3_s2_s1_l4_o4_c7_r3/distill_tcn_attn_weld_seam_windows_ws5_tf75_pg0_h1_ep80_lr0.0003_bs128_T2.5_lce0.9_lkd1.1_lf0.0_seed132
Best Student Distill,student,exploratory,0,S0,recall,0.9615,/home/huang_kai/wind_turbine_phm/PHOENIX-main/autoencoder_benchmark/ablation_experiments/h1/results/comparison_18d_baselines/teacher_student_reference/student_h1_sweep/student_h1_scan96_20260326/extension/extension_s3_s2_s1_l4_o4_c7_r3/distill_tcn_attn_weld_seam_windows_ws5_tf75_pg0_h1_ep80_lr0.0003_bs128_T2.5_lce0.9_lkd1.1_lf0.0_seed132
Best Student Distill,student,exploratory,0,S0,f1,0.9804,/home/huang_kai/wind_turbine_phm/PHOENIX-main/autoencoder_benchmark/ablation_experiments/h1/results/comparison_18d_baselines/teacher_student_reference/student_h1_sweep/student_h1_scan96_20260326/extension/extension_s3_s2_s1_l4_o4_c7_r3/distill_tcn_attn_weld_seam_windows_ws5_tf75_pg0_h1_ep80_lr0.0003_bs128_T2.5_lce0.9_lkd1.1_lf0.0_seed132
Best Student Distill,student,exploratory,1,S1,precision,0.9647,/home/huang_kai/wind_turbine_phm/PHOENIX-main/autoencoder_benchmark/ablation_experiments/h1/results/comparison_18d_baselines/teacher_student_reference/student_h1_sweep/student_h1_scan96_20260326/extension/extension_s3_s2_s1_l4_o4_c7_r3/distill_tcn_attn_weld_seam_windows_ws5_tf75_pg0_h1_ep80_lr0.0003_bs128_T2.5_lce0.9_lkd1.1_lf0.0_seed132
Best Student Distill,student,exploratory,1,S1,recall,0.988,/home/huang_kai/wind_turbine_phm/PHOENIX-main/autoencoder_benchmark/ablation_experiments/h1/results/comparison_18d_baselines/teacher_student_reference/student_h1_sweep/student_h1_scan96_20260326/extension/extension_s3_s2_s1_l4_o4_c7_r3/distill_tcn_attn_weld_seam_windows_ws5_tf75_pg0_h1_ep80_lr0.0003_bs128_T2.5_lce0.9_lkd1.1_lf0.0_seed132
Best Student Distill,student,exploratory,1,S1,f1,0.9762,/home/huang_kai/wind_turbine_phm/PHOENIX-main/autoencoder_benchmark/ablation_experiments/h1/results/comparison_18d_baselines/teacher_student_reference/student_h1_sweep/student_h1_scan96_20260326/extension/extension_s3_s2_s1_l4_o4_c7_r3/distill_tcn_attn_weld_seam_windows_ws5_tf75_pg0_h1_ep80_lr0.0003_bs128_T2.5_lce0.9_lkd1.1_lf0.0_seed132
Best Student Distill,student,exploratory,2,S2,precision,0.9949,/home/huang_kai/wind_turbine_phm/PHOENIX-main/autoencoder_benchmark/ablation_experiments/h1/results/comparison_18d_baselines/teacher_student_reference/student_h1_sweep/student_h1_scan96_20260326/extension/extension_s3_s2_s1_l4_o4_c7_r3/distill_tcn_attn_weld_seam_windows_ws5_tf75_pg0_h1_ep80_lr0.0003_bs128_T2.5_lce0.9_lkd1.1_lf0.0_seed132
Best Student Distill,student,exploratory,2,S2,recall,1.0,/home/huang_kai/wind_turbine_phm/PHOENIX-main/autoencoder_benchmark/ablation_experiments/h1/results/comparison_18d_baselines/teacher_student_reference/student_h1_sweep/student_h1_scan96_20260326/extension/extension_s3_s2_s1_l4_o4_c7_r3/distill_tcn_attn_weld_seam_windows_ws5_tf75_pg0_h1_ep80_lr0.0003_bs128_T2.5_lce0.9_lkd1.1_lf0.0_seed132
Best Student Distill,student,exploratory,2,S2,f1,0.9974,/home/huang_kai/wind_turbine_phm/PHOENIX-main/autoencoder_benchmark/ablation_experiments/h1/results/comparison_18d_baselines/teacher_student_reference/student_h1_sweep/student_h1_scan96_20260326/extension/extension_s3_s2_s1_l4_o4_c7_r3/distill_tcn_attn_weld_seam_windows_ws5_tf75_pg0_h1_ep80_lr0.0003_bs128_T2.5_lce0.9_lkd1.1_lf0.0_seed132
Best Ablation-1,ablation,exploratory,0,S0,precision,0.9625,/home/huang_kai/wind_turbine_phm/PHOENIX-main/autoencoder_benchmark/ablation_experiments/h1/results/run_20260327_131013/ablation1_sweep/trials/trial_0004_A/ablation1_student_only_tcn_attn_weld_seam_windows_ws5_tf75_pg0_h1_ep80_lr0.00015_bs96_seed156
Best Ablation-1,ablation,exploratory,0,S0,recall,0.9872,/home/huang_kai/wind_turbine_phm/PHOENIX-main/autoencoder_benchmark/ablation_experiments/h1/results/run_20260327_131013/ablation1_sweep/trials/trial_0004_A/ablation1_student_only_tcn_attn_weld_seam_windows_ws5_tf75_pg0_h1_ep80_lr0.00015_bs96_seed156
Best Ablation-1,ablation,exploratory,0,S0,f1,0.9747,/home/huang_kai/wind_turbine_phm/PHOENIX-main/autoencoder_benchmark/ablation_experiments/h1/results/run_20260327_131013/ablation1_sweep/trials/trial_0004_A/ablation1_student_only_tcn_attn_weld_seam_windows_ws5_tf75_pg0_h1_ep80_lr0.00015_bs96_seed156
Best Ablation-1,ablation,exploratory,1,S1,precision,0.9639,/home/huang_kai/wind_turbine_phm/PHOENIX-main/autoencoder_benchmark/ablation_experiments/h1/results/run_20260327_131013/ablation1_sweep/trials/trial_0004_A/ablation1_student_only_tcn_attn_weld_seam_windows_ws5_tf75_pg0_h1_ep80_lr0.00015_bs96_seed156
Best Ablation-1,ablation,exploratory,1,S1,recall,0.9639,/home/huang_kai/wind_turbine_phm/PHOENIX-main/autoencoder_benchmark/ablation_experiments/h1/results/run_20260327_131013/ablation1_sweep/trials/trial_0004_A/ablation1_student_only_tcn_attn_weld_seam_windows_ws5_tf75_pg0_h1_ep80_lr0.00015_bs96_seed156
Best Ablation-1,ablation,exploratory,1,S1,f1,0.9639,/home/huang_kai/wind_turbine_phm/PHOENIX-main/autoencoder_benchmark/ablation_experiments/h1/results/run_20260327_131013/ablation1_sweep/trials/trial_0004_A/ablation1_student_only_tcn_attn_weld_seam_windows_ws5_tf75_pg0_h1_ep80_lr0.00015_bs96_seed156
Best Ablation-1,ablation,exploratory,2,S2,precision,1.0,/home/huang_kai/wind_turbine_phm/PHOENIX-main/autoencoder_benchmark/ablation_experiments/h1/results/run_20260327_131013/ablation1_sweep/trials/trial_0004_A/ablation1_student_only_tcn_attn_weld_seam_windows_ws5_tf75_pg0_h1_ep80_lr0.00015_bs96_seed156
Best Ablation-1,ablation,exploratory,2,S2,recall,0.9897,/home/huang_kai/wind_turbine_phm/PHOENIX-main/autoencoder_benchmark/ablation_experiments/h1/results/run_20260327_131013/ablation1_sweep/trials/trial_0004_A/ablation1_student_only_tcn_attn_weld_seam_windows_ws5_tf75_pg0_h1_ep80_lr0.00015_bs96_seed156
Best Ablation-1,ablation,exploratory,2,S2,f1,0.9948,/home/huang_kai/wind_turbine_phm/PHOENIX-main/autoencoder_benchmark/ablation_experiments/h1/results/run_20260327_131013/ablation1_sweep/trials/trial_0004_A/ablation1_student_only_tcn_attn_weld_seam_windows_ws5_tf75_pg0_h1_ep80_lr0.00015_bs96_seed156
Best Ablation-2,ablation,exploratory,0,S0,precision,0.9873,/home/huang_kai/wind_turbine_phm/PHOENIX-main/autoencoder_benchmark/ablation_experiments/h1/results/run_20260327_131013/ablation2_teacher_student_lstm/students/ablation2_h1_scan90_run_20260327_131013/stage3/s3_s2_s1_l3_o2_c1_r2/seed_230/ablation2_distill_lstm_weld_seam_windows_ws5_tf75_pg0_h1_ep80_lr0.00025_bs128_T3.0_lce0.8_lkd1.3_lf0.30000000000000004_seed230
Best Ablation-2,ablation,exploratory,0,S0,recall,1.0,/home/huang_kai/wind_turbine_phm/PHOENIX-main/autoencoder_benchmark/ablation_experiments/h1/results/run_20260327_131013/ablation2_teacher_student_lstm/students/ablation2_h1_scan90_run_20260327_131013/stage3/s3_s2_s1_l3_o2_c1_r2/seed_230/ablation2_distill_lstm_weld_seam_windows_ws5_tf75_pg0_h1_ep80_lr0.00025_bs128_T3.0_lce0.8_lkd1.3_lf0.30000000000000004_seed230
Best Ablation-2,ablation,exploratory,0,S0,f1,0.9936,/home/huang_kai/wind_turbine_phm/PHOENIX-main/autoencoder_benchmark/ablation_experiments/h1/results/run_20260327_131013/ablation2_teacher_student_lstm/students/ablation2_h1_scan90_run_20260327_131013/stage3/s3_s2_s1_l3_o2_c1_r2/seed_230/ablation2_distill_lstm_weld_seam_windows_ws5_tf75_pg0_h1_ep80_lr0.00025_bs128_T3.0_lce0.8_lkd1.3_lf0.30000000000000004_seed230
Best Ablation-2,ablation,exploratory,1,S1,precision,1.0,/home/huang_kai/wind_turbine_phm/PHOENIX-main/autoencoder_benchmark/ablation_experiments/h1/results/run_20260327_131013/ablation2_teacher_student_lstm/students/ablation2_h1_scan90_run_20260327_131013/stage3/s3_s2_s1_l3_o2_c1_r2/seed_230/ablation2_distill_lstm_weld_seam_windows_ws5_tf75_pg0_h1_ep80_lr0.00025_bs128_T3.0_lce0.8_lkd1.3_lf0.30000000000000004_seed230
Best Ablation-2,ablation,exploratory,1,S1,recall,0.9759,/home/huang_kai/wind_turbine_phm/PHOENIX-main/autoencoder_benchmark/ablation_experiments/h1/results/run_20260327_131013/ablation2_teacher_student_lstm/students/ablation2_h1_scan90_run_20260327_131013/stage3/s3_s2_s1_l3_o2_c1_r2/seed_230/ablation2_distill_lstm_weld_seam_windows_ws5_tf75_pg0_h1_ep80_lr0.00025_bs128_T3.0_lce0.8_lkd1.3_lf0.30000000000000004_seed230
Best Ablation-2,ablation,exploratory,1,S1,f1,0.9878,/home/huang_kai/wind_turbine_phm/PHOENIX-main/autoencoder_benchmark/ablation_experiments/h1/results/run_20260327_131013/ablation2_teacher_student_lstm/students/ablation2_h1_scan90_run_20260327_131013/stage3/s3_s2_s1_l3_o2_c1_r2/seed_230/ablation2_distill_lstm_weld_seam_windows_ws5_tf75_pg0_h1_ep80_lr0.00025_bs128_T3.0_lce0.8_lkd1.3_lf0.30000000000000004_seed230
Best Ablation-2,ablation,exploratory,2,S2,precision,0.9949,/home/huang_kai/wind_turbine_phm/PHOENIX-main/autoencoder_benchmark/ablation_experiments/h1/results/run_20260327_131013/ablation2_teacher_student_lstm/students/ablation2_h1_scan90_run_20260327_131013/stage3/s3_s2_s1_l3_o2_c1_r2/seed_230/ablation2_distill_lstm_weld_seam_windows_ws5_tf75_pg0_h1_ep80_lr0.00025_bs128_T3.0_lce0.8_lkd1.3_lf0.30000000000000004_seed230
Best Ablation-2,ablation,exploratory,2,S2,recall,1.0,/home/huang_kai/wind_turbine_phm/PHOENIX-main/autoencoder_benchmark/ablation_experiments/h1/results/run_20260327_131013/ablation2_teacher_student_lstm/students/ablation2_h1_scan90_run_20260327_131013/stage3/s3_s2_s1_l3_o2_c1_r2/seed_230/ablation2_distill_lstm_weld_seam_windows_ws5_tf75_pg0_h1_ep80_lr0.00025_bs128_T3.0_lce0.8_lkd1.3_lf0.30000000000000004_seed230
Best Ablation-2,ablation,exploratory,2,S2,f1,0.9974,/home/huang_kai/wind_turbine_phm/PHOENIX-main/autoencoder_benchmark/ablation_experiments/h1/results/run_20260327_131013/ablation2_teacher_student_lstm/students/ablation2_h1_scan90_run_20260327_131013/stage3/s3_s2_s1_l3_o2_c1_r2/seed_230/ablation2_distill_lstm_weld_seam_windows_ws5_tf75_pg0_h1_ep80_lr0.00025_bs128_T3.0_lce0.8_lkd1.3_lf0.30000000000000004_seed230
Best GRU baseline,baseline,exploratory,0,S0,precision,1.0,/home/huang_kai/wind_turbine_phm/PHOENIX-main/autoencoder_benchmark/ablation_experiments/h1/results/comparison_18d_baselines/gru/gru_weld_seam_windows_ws5_tf75_pg0_h1_h64_l3_uni_do0.3_ep80_lr0.0001_wd0.0001_bs128_seed14
Best GRU baseline,baseline,exploratory,0,S0,recall,0.7564,/home/huang_kai/wind_turbine_phm/PHOENIX-main/autoencoder_benchmark/ablation_experiments/h1/results/comparison_18d_baselines/gru/gru_weld_seam_windows_ws5_tf75_pg0_h1_h64_l3_uni_do0.3_ep80_lr0.0001_wd0.0001_bs128_seed14
Best GRU baseline,baseline,exploratory,0,S0,f1,0.8613,/home/huang_kai/wind_turbine_phm/PHOENIX-main/autoencoder_benchmark/ablation_experiments/h1/results/comparison_18d_baselines/gru/gru_weld_seam_windows_ws5_tf75_pg0_h1_h64_l3_uni_do0.3_ep80_lr0.0001_wd0.0001_bs128_seed14
Best GRU baseline,baseline,exploratory,1,S1,precision,0.7912,/home/huang_kai/wind_turbine_phm/PHOENIX-main/autoencoder_benchmark/ablation_experiments/h1/results/comparison_18d_baselines/gru/gru_weld_seam_windows_ws5_tf75_pg0_h1_h64_l3_uni_do0.3_ep80_lr0.0001_wd0.0001_bs128_seed14
Best GRU baseline,baseline,exploratory,1,S1,recall,0.8675,/home/huang_kai/wind_turbine_phm/PHOENIX-main/autoencoder_benchmark/ablation_experiments/h1/results/comparison_18d_baselines/gru/gru_weld_seam_windows_ws5_tf75_pg0_h1_h64_l3_uni_do0.3_ep80_lr0.0001_wd0.0001_bs128_seed14
Best GRU baseline,baseline,exploratory,1,S1,f1,0.8276,/home/huang_kai/wind_turbine_phm/PHOENIX-main/autoencoder_benchmark/ablation_experiments/h1/results/comparison_18d_baselines/gru/gru_weld_seam_windows_ws5_tf75_pg0_h1_h64_l3_uni_do0.3_ep80_lr0.0001_wd0.0001_bs128_seed14
Best GRU baseline,baseline,exploratory,2,S2,precision,0.9466,/home/huang_kai/wind_turbine_phm/PHOENIX-main/autoencoder_benchmark/ablation_experiments/h1/results/comparison_18d_baselines/gru/gru_weld_seam_windows_ws5_tf75_pg0_h1_h64_l3_uni_do0.3_ep80_lr0.0001_wd0.0001_bs128_seed14
Best GRU baseline,baseline,exploratory,2,S2,recall,1.0,/home/huang_kai/wind_turbine_phm/PHOENIX-main/autoencoder_benchmark/ablation_experiments/h1/results/comparison_18d_baselines/gru/gru_weld_seam_windows_ws5_tf75_pg0_h1_h64_l3_uni_do0.3_ep80_lr0.0001_wd0.0001_bs128_seed14
Best GRU baseline,baseline,exploratory,2,S2,f1,0.9726,/home/huang_kai/wind_turbine_phm/PHOENIX-main/autoencoder_benchmark/ablation_experiments/h1/results/comparison_18d_baselines/gru/gru_weld_seam_windows_ws5_tf75_pg0_h1_h64_l3_uni_do0.3_ep80_lr0.0001_wd0.0001_bs128_seed14
