trial_id,stage,status,run_dir,elapsed_sec,reached_target,best_epoch,best_score,val_macro_f1,test_acc,test_macro_f1,seed,lr,weight_decay,tcn_dropout,classifier_dropout,batch_size,tcn_layers,tcn_channels,attn_dropout,label_smoothing,weighted_sampler,epochs,checkpoint_metric,command
1,A,success,/home/huang_kai/wind_turbine_phm/PHOENIX-main/autoencoder_benchmark/ablation_experiments/h1/results/ablation1_sweep_strict_valf1_20260522/trials/trial_0001_A/ablation1_student_only_tcn_attn_weld_seam_windows_ws5_tf75_pg0_h1_ep80_lr0.0003_bs128_seed154,9.46,False,6,1.0,1.0,0.8708,0.821593,154,0.0003,0.0002,0.2,0.35,128,4,"96,96,96",0.1,0.0,False,80,val_macro_f1,"/usr/bin/python /home/huang_kai/wind_turbine_phm/PHOENIX-main/autoencoder_benchmark/ablation_experiments/scripts/train_ablation1_student_only.py --dataset-npz /home/huang_kai/wind_turbine_phm/PHOENIX-main/autoencoder_benchmark/Data/processed_data/weld_seam_windows_ws5_tf75_pg0_h1.npz --output-dir /home/huang_kai/wind_turbine_phm/PHOENIX-main/autoencoder_benchmark/ablation_experiments/h1/results/ablation1_sweep_strict_valf1_20260522/trials/trial_0001_A --drop-feature-indices 3,4,5,6,7 --epochs 80 --batch-size 128 --lr 0.0003 --weight-decay 0.0002 --label-smoothing 0.0 --seed 154 --num-workers 0 --tcn-kernel 3 --tcn-layers 4 --tcn-channels 96,96,96 --tcn-dropout 0.2 --tcn-dilation-base 2 --classifier-hidden 128 --classifier-dropout 0.35 --attn-heads 4 --attn-dropout 0.1 --attn-ff-dim 128 --checkpoint-metric val_macro_f1"
2,A,success,/home/huang_kai/wind_turbine_phm/PHOENIX-main/autoencoder_benchmark/ablation_experiments/h1/results/ablation1_sweep_strict_valf1_20260522/trials/trial_0002_A/ablation1_student_only_tcn_attn_weld_seam_windows_ws5_tf75_pg0_h1_ep80_lr0.0002_bs96_seed152,6.02,False,7,1.0,1.0,0.7920999999999999,0.688251,152,0.0002,0.0001,0.12,0.3,96,2,"64,64,64",0.05,0.05,True,80,val_macro_f1,"/usr/bin/python /home/huang_kai/wind_turbine_phm/PHOENIX-main/autoencoder_benchmark/ablation_experiments/scripts/train_ablation1_student_only.py --dataset-npz /home/huang_kai/wind_turbine_phm/PHOENIX-main/autoencoder_benchmark/Data/processed_data/weld_seam_windows_ws5_tf75_pg0_h1.npz --output-dir /home/huang_kai/wind_turbine_phm/PHOENIX-main/autoencoder_benchmark/ablation_experiments/h1/results/ablation1_sweep_strict_valf1_20260522/trials/trial_0002_A --drop-feature-indices 3,4,5,6,7 --epochs 80 --batch-size 96 --lr 0.0002 --weight-decay 0.0001 --label-smoothing 0.05 --seed 152 --num-workers 0 --tcn-kernel 3 --tcn-layers 2 --tcn-channels 64,64,64 --tcn-dropout 0.12 --tcn-dilation-base 2 --classifier-hidden 128 --classifier-dropout 0.3 --attn-heads 4 --attn-dropout 0.05 --attn-ff-dim 128 --checkpoint-metric val_macro_f1 --weighted-sampler"
3,A,success,/home/huang_kai/wind_turbine_phm/PHOENIX-main/autoencoder_benchmark/ablation_experiments/h1/results/ablation1_sweep_strict_valf1_20260522/trials/trial_0003_A/ablation1_student_only_tcn_attn_weld_seam_windows_ws5_tf75_pg0_h1_ep80_lr0.00025_bs128_seed136,6.3,False,10,1.0,1.0,0.7865000000000001,0.688216,136,0.00025,0.0003,0.2,0.45,128,2,"96,96,96",0.1,0.05,True,80,val_macro_f1,"/usr/bin/python /home/huang_kai/wind_turbine_phm/PHOENIX-main/autoencoder_benchmark/ablation_experiments/scripts/train_ablation1_student_only.py --dataset-npz /home/huang_kai/wind_turbine_phm/PHOENIX-main/autoencoder_benchmark/Data/processed_data/weld_seam_windows_ws5_tf75_pg0_h1.npz --output-dir /home/huang_kai/wind_turbine_phm/PHOENIX-main/autoencoder_benchmark/ablation_experiments/h1/results/ablation1_sweep_strict_valf1_20260522/trials/trial_0003_A --drop-feature-indices 3,4,5,6,7 --epochs 80 --batch-size 128 --lr 0.00025 --weight-decay 0.0003 --label-smoothing 0.05 --seed 136 --num-workers 0 --tcn-kernel 3 --tcn-layers 2 --tcn-channels 96,96,96 --tcn-dropout 0.2 --tcn-dilation-base 2 --classifier-hidden 128 --classifier-dropout 0.45 --attn-heads 4 --attn-dropout 0.1 --attn-ff-dim 128 --checkpoint-metric val_macro_f1 --weighted-sampler"
4,A,success,/home/huang_kai/wind_turbine_phm/PHOENIX-main/autoencoder_benchmark/ablation_experiments/h1/results/ablation1_sweep_strict_valf1_20260522/trials/trial_0004_A/ablation1_student_only_tcn_attn_weld_seam_windows_ws5_tf75_pg0_h1_ep80_lr0.00015_bs96_seed156,7.94,False,7,1.0,1.0,0.8146,0.736313,156,0.00015,0.0001,0.15,0.25,96,3,"64,64,64",0.15,0.05,False,80,val_macro_f1,"/usr/bin/python /home/huang_kai/wind_turbine_phm/PHOENIX-main/autoencoder_benchmark/ablation_experiments/scripts/train_ablation1_student_only.py --dataset-npz /home/huang_kai/wind_turbine_phm/PHOENIX-main/autoencoder_benchmark/Data/processed_data/weld_seam_windows_ws5_tf75_pg0_h1.npz --output-dir /home/huang_kai/wind_turbine_phm/PHOENIX-main/autoencoder_benchmark/ablation_experiments/h1/results/ablation1_sweep_strict_valf1_20260522/trials/trial_0004_A --drop-feature-indices 3,4,5,6,7 --epochs 80 --batch-size 96 --lr 0.00015 --weight-decay 0.0001 --label-smoothing 0.05 --seed 156 --num-workers 0 --tcn-kernel 3 --tcn-layers 3 --tcn-channels 64,64,64 --tcn-dropout 0.15 --tcn-dilation-base 2 --classifier-hidden 128 --classifier-dropout 0.25 --attn-heads 4 --attn-dropout 0.15 --attn-ff-dim 128 --checkpoint-metric val_macro_f1"
5,A,success,/home/huang_kai/wind_turbine_phm/PHOENIX-main/autoencoder_benchmark/ablation_experiments/h1/results/ablation1_sweep_strict_valf1_20260522/trials/trial_0005_A/ablation1_student_only_tcn_attn_weld_seam_windows_ws5_tf75_pg0_h1_ep80_lr0.00025_bs64_seed105,7.35,False,5,1.0,1.0,0.7556,0.661128,105,0.00025,0.0005,0.12,0.25,64,2,"64,64,64",0.1,0.0,True,80,val_macro_f1,"/usr/bin/python /home/huang_kai/wind_turbine_phm/PHOENIX-main/autoencoder_benchmark/ablation_experiments/scripts/train_ablation1_student_only.py --dataset-npz /home/huang_kai/wind_turbine_phm/PHOENIX-main/autoencoder_benchmark/Data/processed_data/weld_seam_windows_ws5_tf75_pg0_h1.npz --output-dir /home/huang_kai/wind_turbine_phm/PHOENIX-main/autoencoder_benchmark/ablation_experiments/h1/results/ablation1_sweep_strict_valf1_20260522/trials/trial_0005_A --drop-feature-indices 3,4,5,6,7 --epochs 80 --batch-size 64 --lr 0.00025 --weight-decay 0.0005 --label-smoothing 0.0 --seed 105 --num-workers 0 --tcn-kernel 3 --tcn-layers 2 --tcn-channels 64,64,64 --tcn-dropout 0.12 --tcn-dilation-base 2 --classifier-hidden 128 --classifier-dropout 0.25 --attn-heads 4 --attn-dropout 0.1 --attn-ff-dim 128 --checkpoint-metric val_macro_f1 --weighted-sampler"
6,A,success,/home/huang_kai/wind_turbine_phm/PHOENIX-main/autoencoder_benchmark/ablation_experiments/h1/results/ablation1_sweep_strict_valf1_20260522/trials/trial_0006_A/ablation1_student_only_tcn_attn_weld_seam_windows_ws5_tf75_pg0_h1_ep80_lr0.00015_bs128_seed108,7.84,False,9,1.0,1.0,0.8146,0.751012,108,0.00015,0.0001,0.08,0.25,128,3,"80,80,80",0.05,0.05,False,80,val_macro_f1,"/usr/bin/python /home/huang_kai/wind_turbine_phm/PHOENIX-main/autoencoder_benchmark/ablation_experiments/scripts/train_ablation1_student_only.py --dataset-npz /home/huang_kai/wind_turbine_phm/PHOENIX-main/autoencoder_benchmark/Data/processed_data/weld_seam_windows_ws5_tf75_pg0_h1.npz --output-dir /home/huang_kai/wind_turbine_phm/PHOENIX-main/autoencoder_benchmark/ablation_experiments/h1/results/ablation1_sweep_strict_valf1_20260522/trials/trial_0006_A --drop-feature-indices 3,4,5,6,7 --epochs 80 --batch-size 128 --lr 0.00015 --weight-decay 0.0001 --label-smoothing 0.05 --seed 108 --num-workers 0 --tcn-kernel 3 --tcn-layers 3 --tcn-channels 80,80,80 --tcn-dropout 0.08 --tcn-dilation-base 2 --classifier-hidden 128 --classifier-dropout 0.25 --attn-heads 4 --attn-dropout 0.05 --attn-ff-dim 128 --checkpoint-metric val_macro_f1"
7,A,success,/home/huang_kai/wind_turbine_phm/PHOENIX-main/autoencoder_benchmark/ablation_experiments/h1/results/ablation1_sweep_strict_valf1_20260522/trials/trial_0007_A/ablation1_student_only_tcn_attn_weld_seam_windows_ws5_tf75_pg0_h1_ep80_lr0.0001_bs96_seed113,10.34,False,24,1.0,1.0,0.8201999999999999,0.766164,113,0.0001,0.0005,0.2,0.35,96,3,"80,80,80",0.1,0.0,True,80,val_macro_f1,"/usr/bin/python /home/huang_kai/wind_turbine_phm/PHOENIX-main/autoencoder_benchmark/ablation_experiments/scripts/train_ablation1_student_only.py --dataset-npz /home/huang_kai/wind_turbine_phm/PHOENIX-main/autoencoder_benchmark/Data/processed_data/weld_seam_windows_ws5_tf75_pg0_h1.npz --output-dir /home/huang_kai/wind_turbine_phm/PHOENIX-main/autoencoder_benchmark/ablation_experiments/h1/results/ablation1_sweep_strict_valf1_20260522/trials/trial_0007_A --drop-feature-indices 3,4,5,6,7 --epochs 80 --batch-size 96 --lr 0.0001 --weight-decay 0.0005 --label-smoothing 0.0 --seed 113 --num-workers 0 --tcn-kernel 3 --tcn-layers 3 --tcn-channels 80,80,80 --tcn-dropout 0.2 --tcn-dilation-base 2 --classifier-hidden 128 --classifier-dropout 0.35 --attn-heads 4 --attn-dropout 0.1 --attn-ff-dim 128 --checkpoint-metric val_macro_f1 --weighted-sampler"
8,A,success,/home/huang_kai/wind_turbine_phm/PHOENIX-main/autoencoder_benchmark/ablation_experiments/h1/results/ablation1_sweep_strict_valf1_20260522/trials/trial_0008_A/ablation1_student_only_tcn_attn_weld_seam_windows_ws5_tf75_pg0_h1_ep80_lr0.0001_bs96_seed133,11.57,False,15,1.0,1.0,0.7669,0.683252,133,0.0001,0.0002,0.1,0.35,96,4,"80,80,80",0.1,0.0,False,80,val_macro_f1,"/usr/bin/python /home/huang_kai/wind_turbine_phm/PHOENIX-main/autoencoder_benchmark/ablation_experiments/scripts/train_ablation1_student_only.py --dataset-npz /home/huang_kai/wind_turbine_phm/PHOENIX-main/autoencoder_benchmark/Data/processed_data/weld_seam_windows_ws5_tf75_pg0_h1.npz --output-dir /home/huang_kai/wind_turbine_phm/PHOENIX-main/autoencoder_benchmark/ablation_experiments/h1/results/ablation1_sweep_strict_valf1_20260522/trials/trial_0008_A --drop-feature-indices 3,4,5,6,7 --epochs 80 --batch-size 96 --lr 0.0001 --weight-decay 0.0002 --label-smoothing 0.0 --seed 133 --num-workers 0 --tcn-kernel 3 --tcn-layers 4 --tcn-channels 80,80,80 --tcn-dropout 0.1 --tcn-dilation-base 2 --classifier-hidden 128 --classifier-dropout 0.35 --attn-heads 4 --attn-dropout 0.1 --attn-ff-dim 128 --checkpoint-metric val_macro_f1"
9,A,success,/home/huang_kai/wind_turbine_phm/PHOENIX-main/autoencoder_benchmark/ablation_experiments/h1/results/ablation1_sweep_strict_valf1_20260522/trials/trial_0009_A/ablation1_student_only_tcn_attn_weld_seam_windows_ws5_tf75_pg0_h1_ep80_lr0.0003_bs96_seed107,6.27,False,8,1.0,1.0,0.8118000000000001,0.745315,107,0.0003,0.0001,0.12,0.45,96,2,"80,80,80",0.1,0.05,True,80,val_macro_f1,"/usr/bin/python /home/huang_kai/wind_turbine_phm/PHOENIX-main/autoencoder_benchmark/ablation_experiments/scripts/train_ablation1_student_only.py --dataset-npz /home/huang_kai/wind_turbine_phm/PHOENIX-main/autoencoder_benchmark/Data/processed_data/weld_seam_windows_ws5_tf75_pg0_h1.npz --output-dir /home/huang_kai/wind_turbine_phm/PHOENIX-main/autoencoder_benchmark/ablation_experiments/h1/results/ablation1_sweep_strict_valf1_20260522/trials/trial_0009_A --drop-feature-indices 3,4,5,6,7 --epochs 80 --batch-size 96 --lr 0.0003 --weight-decay 0.0001 --label-smoothing 0.05 --seed 107 --num-workers 0 --tcn-kernel 3 --tcn-layers 2 --tcn-channels 80,80,80 --tcn-dropout 0.12 --tcn-dilation-base 2 --classifier-hidden 128 --classifier-dropout 0.45 --attn-heads 4 --attn-dropout 0.1 --attn-ff-dim 128 --checkpoint-metric val_macro_f1 --weighted-sampler"
10,A,success,/home/huang_kai/wind_turbine_phm/PHOENIX-main/autoencoder_benchmark/ablation_experiments/h1/results/ablation1_sweep_strict_valf1_20260522/trials/trial_0010_A/ablation1_student_only_tcn_attn_weld_seam_windows_ws5_tf75_pg0_h1_ep80_lr0.0001_bs96_seed146,6.39,False,12,1.0,1.0,0.8511,0.807184,146,0.0001,0.0001,0.1,0.3,96,2,"96,96,96",0.1,0.0,True,80,val_macro_f1,"/usr/bin/python /home/huang_kai/wind_turbine_phm/PHOENIX-main/autoencoder_benchmark/ablation_experiments/scripts/train_ablation1_student_only.py --dataset-npz /home/huang_kai/wind_turbine_phm/PHOENIX-main/autoencoder_benchmark/Data/processed_data/weld_seam_windows_ws5_tf75_pg0_h1.npz --output-dir /home/huang_kai/wind_turbine_phm/PHOENIX-main/autoencoder_benchmark/ablation_experiments/h1/results/ablation1_sweep_strict_valf1_20260522/trials/trial_0010_A --drop-feature-indices 3,4,5,6,7 --epochs 80 --batch-size 96 --lr 0.0001 --weight-decay 0.0001 --label-smoothing 0.0 --seed 146 --num-workers 0 --tcn-kernel 3 --tcn-layers 2 --tcn-channels 96,96,96 --tcn-dropout 0.1 --tcn-dilation-base 2 --classifier-hidden 128 --classifier-dropout 0.3 --attn-heads 4 --attn-dropout 0.1 --attn-ff-dim 128 --checkpoint-metric val_macro_f1 --weighted-sampler"
11,A,success,/home/huang_kai/wind_turbine_phm/PHOENIX-main/autoencoder_benchmark/ablation_experiments/h1/results/ablation1_sweep_strict_valf1_20260522/trials/trial_0011_A/ablation1_student_only_tcn_attn_weld_seam_windows_ws5_tf75_pg0_h1_ep80_lr0.0001_bs64_seed106,8.53,False,7,1.0,1.0,0.7948999999999999,0.742108,106,0.0001,0.0002,0.15,0.3,64,3,"64,64,64",0.05,0.05,False,80,val_macro_f1,"/usr/bin/python /home/huang_kai/wind_turbine_phm/PHOENIX-main/autoencoder_benchmark/ablation_experiments/scripts/train_ablation1_student_only.py --dataset-npz /home/huang_kai/wind_turbine_phm/PHOENIX-main/autoencoder_benchmark/Data/processed_data/weld_seam_windows_ws5_tf75_pg0_h1.npz --output-dir /home/huang_kai/wind_turbine_phm/PHOENIX-main/autoencoder_benchmark/ablation_experiments/h1/results/ablation1_sweep_strict_valf1_20260522/trials/trial_0011_A --drop-feature-indices 3,4,5,6,7 --epochs 80 --batch-size 64 --lr 0.0001 --weight-decay 0.0002 --label-smoothing 0.05 --seed 106 --num-workers 0 --tcn-kernel 3 --tcn-layers 3 --tcn-channels 64,64,64 --tcn-dropout 0.15 --tcn-dilation-base 2 --classifier-hidden 128 --classifier-dropout 0.3 --attn-heads 4 --attn-dropout 0.05 --attn-ff-dim 128 --checkpoint-metric val_macro_f1"
12,A,success,/home/huang_kai/wind_turbine_phm/PHOENIX-main/autoencoder_benchmark/ablation_experiments/h1/results/ablation1_sweep_strict_valf1_20260522/trials/trial_0012_A/ablation1_student_only_tcn_attn_weld_seam_windows_ws5_tf75_pg0_h1_ep80_lr0.0001_bs96_seed114,6.84,False,13,1.0,1.0,0.8034,0.73172,114,0.0001,0.0002,0.1,0.25,96,2,"96,96,96",0.1,0.05,True,80,val_macro_f1,"/usr/bin/python /home/huang_kai/wind_turbine_phm/PHOENIX-main/autoencoder_benchmark/ablation_experiments/scripts/train_ablation1_student_only.py --dataset-npz /home/huang_kai/wind_turbine_phm/PHOENIX-main/autoencoder_benchmark/Data/processed_data/weld_seam_windows_ws5_tf75_pg0_h1.npz --output-dir /home/huang_kai/wind_turbine_phm/PHOENIX-main/autoencoder_benchmark/ablation_experiments/h1/results/ablation1_sweep_strict_valf1_20260522/trials/trial_0012_A --drop-feature-indices 3,4,5,6,7 --epochs 80 --batch-size 96 --lr 0.0001 --weight-decay 0.0002 --label-smoothing 0.05 --seed 114 --num-workers 0 --tcn-kernel 3 --tcn-layers 2 --tcn-channels 96,96,96 --tcn-dropout 0.1 --tcn-dilation-base 2 --classifier-hidden 128 --classifier-dropout 0.25 --attn-heads 4 --attn-dropout 0.1 --attn-ff-dim 128 --checkpoint-metric val_macro_f1 --weighted-sampler"
13,A,success,/home/huang_kai/wind_turbine_phm/PHOENIX-main/autoencoder_benchmark/ablation_experiments/h1/results/ablation1_sweep_strict_valf1_20260522/trials/trial_0013_A/ablation1_student_only_tcn_attn_weld_seam_windows_ws5_tf75_pg0_h1_ep80_lr0.00015_bs128_seed131,10.35,False,16,1.0,1.0,0.823,0.767692,131,0.00015,0.0001,0.15,0.25,128,2,"80,80,80",0.05,0.0,False,80,val_macro_f1,"/usr/bin/python /home/huang_kai/wind_turbine_phm/PHOENIX-main/autoencoder_benchmark/ablation_experiments/scripts/train_ablation1_student_only.py --dataset-npz /home/huang_kai/wind_turbine_phm/PHOENIX-main/autoencoder_benchmark/Data/processed_data/weld_seam_windows_ws5_tf75_pg0_h1.npz --output-dir /home/huang_kai/wind_turbine_phm/PHOENIX-main/autoencoder_benchmark/ablation_experiments/h1/results/ablation1_sweep_strict_valf1_20260522/trials/trial_0013_A --drop-feature-indices 3,4,5,6,7 --epochs 80 --batch-size 128 --lr 0.00015 --weight-decay 0.0001 --label-smoothing 0.0 --seed 131 --num-workers 0 --tcn-kernel 3 --tcn-layers 2 --tcn-channels 80,80,80 --tcn-dropout 0.15 --tcn-dilation-base 2 --classifier-hidden 128 --classifier-dropout 0.25 --attn-heads 4 --attn-dropout 0.05 --attn-ff-dim 128 --checkpoint-metric val_macro_f1"
14,A,success,/home/huang_kai/wind_turbine_phm/PHOENIX-main/autoencoder_benchmark/ablation_experiments/h1/results/ablation1_sweep_strict_valf1_20260522/trials/trial_0014_A/ablation1_student_only_tcn_attn_weld_seam_windows_ws5_tf75_pg0_h1_ep80_lr0.0004_bs64_seed144,14.92,False,4,1.0,1.0,0.7781,0.681901,144,0.0004,0.0002,0.12,0.25,64,4,"64,64,64",0.1,0.05,True,80,val_macro_f1,"/usr/bin/python /home/huang_kai/wind_turbine_phm/PHOENIX-main/autoencoder_benchmark/ablation_experiments/scripts/train_ablation1_student_only.py --dataset-npz /home/huang_kai/wind_turbine_phm/PHOENIX-main/autoencoder_benchmark/Data/processed_data/weld_seam_windows_ws5_tf75_pg0_h1.npz --output-dir /home/huang_kai/wind_turbine_phm/PHOENIX-main/autoencoder_benchmark/ablation_experiments/h1/results/ablation1_sweep_strict_valf1_20260522/trials/trial_0014_A --drop-feature-indices 3,4,5,6,7 --epochs 80 --batch-size 64 --lr 0.0004 --weight-decay 0.0002 --label-smoothing 0.05 --seed 144 --num-workers 0 --tcn-kernel 3 --tcn-layers 4 --tcn-channels 64,64,64 --tcn-dropout 0.12 --tcn-dilation-base 2 --classifier-hidden 128 --classifier-dropout 0.25 --attn-heads 4 --attn-dropout 0.1 --attn-ff-dim 128 --checkpoint-metric val_macro_f1 --weighted-sampler"
15,A,success,/home/huang_kai/wind_turbine_phm/PHOENIX-main/autoencoder_benchmark/ablation_experiments/h1/results/ablation1_sweep_strict_valf1_20260522/trials/trial_0015_A/ablation1_student_only_tcn_attn_weld_seam_windows_ws5_tf75_pg0_h1_ep80_lr0.00015_bs64_seed109,11.9,False,7,1.0,1.0,0.75,0.658047,109,0.00015,0.0001,0.08,0.25,64,2,"80,80,80",0.1,0.05,False,80,val_macro_f1,"/usr/bin/python /home/huang_kai/wind_turbine_phm/PHOENIX-main/autoencoder_benchmark/ablation_experiments/scripts/train_ablation1_student_only.py --dataset-npz /home/huang_kai/wind_turbine_phm/PHOENIX-main/autoencoder_benchmark/Data/processed_data/weld_seam_windows_ws5_tf75_pg0_h1.npz --output-dir /home/huang_kai/wind_turbine_phm/PHOENIX-main/autoencoder_benchmark/ablation_experiments/h1/results/ablation1_sweep_strict_valf1_20260522/trials/trial_0015_A --drop-feature-indices 3,4,5,6,7 --epochs 80 --batch-size 64 --lr 0.00015 --weight-decay 0.0001 --label-smoothing 0.05 --seed 109 --num-workers 0 --tcn-kernel 3 --tcn-layers 2 --tcn-channels 80,80,80 --tcn-dropout 0.08 --tcn-dilation-base 2 --classifier-hidden 128 --classifier-dropout 0.25 --attn-heads 4 --attn-dropout 0.1 --attn-ff-dim 128 --checkpoint-metric val_macro_f1"
16,A,success,/home/huang_kai/wind_turbine_phm/PHOENIX-main/autoencoder_benchmark/ablation_experiments/h1/results/ablation1_sweep_strict_valf1_20260522/trials/trial_0016_A/ablation1_student_only_tcn_attn_weld_seam_windows_ws5_tf75_pg0_h1_ep80_lr0.0004_bs128_seed120,11.21,False,14,1.0,1.0,0.764,0.677307,120,0.0004,0.0002,0.1,0.35,128,2,"80,80,80",0.15,0.05,True,80,val_macro_f1,"/usr/bin/python /home/huang_kai/wind_turbine_phm/PHOENIX-main/autoencoder_benchmark/ablation_experiments/scripts/train_ablation1_student_only.py --dataset-npz /home/huang_kai/wind_turbine_phm/PHOENIX-main/autoencoder_benchmark/Data/processed_data/weld_seam_windows_ws5_tf75_pg0_h1.npz --output-dir /home/huang_kai/wind_turbine_phm/PHOENIX-main/autoencoder_benchmark/ablation_experiments/h1/results/ablation1_sweep_strict_valf1_20260522/trials/trial_0016_A --drop-feature-indices 3,4,5,6,7 --epochs 80 --batch-size 128 --lr 0.0004 --weight-decay 0.0002 --label-smoothing 0.05 --seed 120 --num-workers 0 --tcn-kernel 3 --tcn-layers 2 --tcn-channels 80,80,80 --tcn-dropout 0.1 --tcn-dilation-base 2 --classifier-hidden 128 --classifier-dropout 0.35 --attn-heads 4 --attn-dropout 0.15 --attn-ff-dim 128 --checkpoint-metric val_macro_f1 --weighted-sampler"
17,A,success,/home/huang_kai/wind_turbine_phm/PHOENIX-main/autoencoder_benchmark/ablation_experiments/h1/results/ablation1_sweep_strict_valf1_20260522/trials/trial_0017_A/ablation1_student_only_tcn_attn_weld_seam_windows_ws5_tf75_pg0_h1_ep80_lr0.00025_bs128_seed152,8.34,False,6,1.0,1.0,0.8118000000000001,0.745907,152,0.00025,0.0003,0.08,0.45,128,2,"96,96,96",0.05,0.0,True,80,val_macro_f1,"/usr/bin/python /home/huang_kai/wind_turbine_phm/PHOENIX-main/autoencoder_benchmark/ablation_experiments/scripts/train_ablation1_student_only.py --dataset-npz /home/huang_kai/wind_turbine_phm/PHOENIX-main/autoencoder_benchmark/Data/processed_data/weld_seam_windows_ws5_tf75_pg0_h1.npz --output-dir /home/huang_kai/wind_turbine_phm/PHOENIX-main/autoencoder_benchmark/ablation_experiments/h1/results/ablation1_sweep_strict_valf1_20260522/trials/trial_0017_A --drop-feature-indices 3,4,5,6,7 --epochs 80 --batch-size 128 --lr 0.00025 --weight-decay 0.0003 --label-smoothing 0.0 --seed 152 --num-workers 0 --tcn-kernel 3 --tcn-layers 2 --tcn-channels 96,96,96 --tcn-dropout 0.08 --tcn-dilation-base 2 --classifier-hidden 128 --classifier-dropout 0.45 --attn-heads 4 --attn-dropout 0.05 --attn-ff-dim 128 --checkpoint-metric val_macro_f1 --weighted-sampler"
18,A,success,/home/huang_kai/wind_turbine_phm/PHOENIX-main/autoencoder_benchmark/ablation_experiments/h1/results/ablation1_sweep_strict_valf1_20260522/trials/trial_0018_A/ablation1_student_only_tcn_attn_weld_seam_windows_ws5_tf75_pg0_h1_ep80_lr0.00015_bs64_seed117,12.33,False,8,1.0,1.0,0.8118000000000001,0.778226,117,0.00015,0.0001,0.12,0.45,64,2,"80,80,80",0.15,0.05,True,80,val_macro_f1,"/usr/bin/python /home/huang_kai/wind_turbine_phm/PHOENIX-main/autoencoder_benchmark/ablation_experiments/scripts/train_ablation1_student_only.py --dataset-npz /home/huang_kai/wind_turbine_phm/PHOENIX-main/autoencoder_benchmark/Data/processed_data/weld_seam_windows_ws5_tf75_pg0_h1.npz --output-dir /home/huang_kai/wind_turbine_phm/PHOENIX-main/autoencoder_benchmark/ablation_experiments/h1/results/ablation1_sweep_strict_valf1_20260522/trials/trial_0018_A --drop-feature-indices 3,4,5,6,7 --epochs 80 --batch-size 64 --lr 0.00015 --weight-decay 0.0001 --label-smoothing 0.05 --seed 117 --num-workers 0 --tcn-kernel 3 --tcn-layers 2 --tcn-channels 80,80,80 --tcn-dropout 0.12 --tcn-dilation-base 2 --classifier-hidden 128 --classifier-dropout 0.45 --attn-heads 4 --attn-dropout 0.15 --attn-ff-dim 128 --checkpoint-metric val_macro_f1 --weighted-sampler"
19,A,success,/home/huang_kai/wind_turbine_phm/PHOENIX-main/autoencoder_benchmark/ablation_experiments/h1/results/ablation1_sweep_strict_valf1_20260522/trials/trial_0019_A/ablation1_student_only_tcn_attn_weld_seam_windows_ws5_tf75_pg0_h1_ep80_lr0.0001_bs64_seed137,13.8,False,8,1.0,1.0,0.7948999999999999,0.699327,137,0.0001,0.0003,0.12,0.25,64,3,"80,80,80",0.1,0.0,True,80,val_macro_f1,"/usr/bin/python /home/huang_kai/wind_turbine_phm/PHOENIX-main/autoencoder_benchmark/ablation_experiments/scripts/train_ablation1_student_only.py --dataset-npz /home/huang_kai/wind_turbine_phm/PHOENIX-main/autoencoder_benchmark/Data/processed_data/weld_seam_windows_ws5_tf75_pg0_h1.npz --output-dir /home/huang_kai/wind_turbine_phm/PHOENIX-main/autoencoder_benchmark/ablation_experiments/h1/results/ablation1_sweep_strict_valf1_20260522/trials/trial_0019_A --drop-feature-indices 3,4,5,6,7 --epochs 80 --batch-size 64 --lr 0.0001 --weight-decay 0.0003 --label-smoothing 0.0 --seed 137 --num-workers 0 --tcn-kernel 3 --tcn-layers 3 --tcn-channels 80,80,80 --tcn-dropout 0.12 --tcn-dilation-base 2 --classifier-hidden 128 --classifier-dropout 0.25 --attn-heads 4 --attn-dropout 0.1 --attn-ff-dim 128 --checkpoint-metric val_macro_f1 --weighted-sampler"
20,A,success,/home/huang_kai/wind_turbine_phm/PHOENIX-main/autoencoder_benchmark/ablation_experiments/h1/results/ablation1_sweep_strict_valf1_20260522/trials/trial_0020_A/ablation1_student_only_tcn_attn_weld_seam_windows_ws5_tf75_pg0_h1_ep80_lr0.00025_bs96_seed155,12.61,False,8,1.0,1.0,0.8764,0.833844,155,0.00025,0.0001,0.08,0.35,96,3,"80,80,80",0.1,0.05,True,80,val_macro_f1,"/usr/bin/python /home/huang_kai/wind_turbine_phm/PHOENIX-main/autoencoder_benchmark/ablation_experiments/scripts/train_ablation1_student_only.py --dataset-npz /home/huang_kai/wind_turbine_phm/PHOENIX-main/autoencoder_benchmark/Data/processed_data/weld_seam_windows_ws5_tf75_pg0_h1.npz --output-dir /home/huang_kai/wind_turbine_phm/PHOENIX-main/autoencoder_benchmark/ablation_experiments/h1/results/ablation1_sweep_strict_valf1_20260522/trials/trial_0020_A --drop-feature-indices 3,4,5,6,7 --epochs 80 --batch-size 96 --lr 0.00025 --weight-decay 0.0001 --label-smoothing 0.05 --seed 155 --num-workers 0 --tcn-kernel 3 --tcn-layers 3 --tcn-channels 80,80,80 --tcn-dropout 0.08 --tcn-dilation-base 2 --classifier-hidden 128 --classifier-dropout 0.35 --attn-heads 4 --attn-dropout 0.1 --attn-ff-dim 128 --checkpoint-metric val_macro_f1 --weighted-sampler"
21,A,success,/home/huang_kai/wind_turbine_phm/PHOENIX-main/autoencoder_benchmark/ablation_experiments/h1/results/ablation1_sweep_strict_valf1_20260522/trials/trial_0021_A/ablation1_student_only_tcn_attn_weld_seam_windows_ws5_tf75_pg0_h1_ep80_lr0.00015_bs128_seed127,14.46,False,11,1.0,1.0,0.8118000000000001,0.747095,127,0.00015,0.0001,0.15,0.3,128,4,"64,64,64",0.1,0.0,True,80,val_macro_f1,"/usr/bin/python /home/huang_kai/wind_turbine_phm/PHOENIX-main/autoencoder_benchmark/ablation_experiments/scripts/train_ablation1_student_only.py --dataset-npz /home/huang_kai/wind_turbine_phm/PHOENIX-main/autoencoder_benchmark/Data/processed_data/weld_seam_windows_ws5_tf75_pg0_h1.npz --output-dir /home/huang_kai/wind_turbine_phm/PHOENIX-main/autoencoder_benchmark/ablation_experiments/h1/results/ablation1_sweep_strict_valf1_20260522/trials/trial_0021_A --drop-feature-indices 3,4,5,6,7 --epochs 80 --batch-size 128 --lr 0.00015 --weight-decay 0.0001 --label-smoothing 0.0 --seed 127 --num-workers 0 --tcn-kernel 3 --tcn-layers 4 --tcn-channels 64,64,64 --tcn-dropout 0.15 --tcn-dilation-base 2 --classifier-hidden 128 --classifier-dropout 0.3 --attn-heads 4 --attn-dropout 0.1 --attn-ff-dim 128 --checkpoint-metric val_macro_f1 --weighted-sampler"
22,A,success,/home/huang_kai/wind_turbine_phm/PHOENIX-main/autoencoder_benchmark/ablation_experiments/h1/results/ablation1_sweep_strict_valf1_20260522/trials/trial_0022_A/ablation1_student_only_tcn_attn_weld_seam_windows_ws5_tf75_pg0_h1_ep80_lr0.0002_bs128_seed122,14.56,False,11,1.0,1.0,0.8623999999999999,0.787646,122,0.0002,0.0003,0.12,0.35,128,4,"96,96,96",0.15,0.0,True,80,val_macro_f1,"/usr/bin/python /home/huang_kai/wind_turbine_phm/PHOENIX-main/autoencoder_benchmark/ablation_experiments/scripts/train_ablation1_student_only.py --dataset-npz /home/huang_kai/wind_turbine_phm/PHOENIX-main/autoencoder_benchmark/Data/processed_data/weld_seam_windows_ws5_tf75_pg0_h1.npz --output-dir /home/huang_kai/wind_turbine_phm/PHOENIX-main/autoencoder_benchmark/ablation_experiments/h1/results/ablation1_sweep_strict_valf1_20260522/trials/trial_0022_A --drop-feature-indices 3,4,5,6,7 --epochs 80 --batch-size 128 --lr 0.0002 --weight-decay 0.0003 --label-smoothing 0.0 --seed 122 --num-workers 0 --tcn-kernel 3 --tcn-layers 4 --tcn-channels 96,96,96 --tcn-dropout 0.12 --tcn-dilation-base 2 --classifier-hidden 128 --classifier-dropout 0.35 --attn-heads 4 --attn-dropout 0.15 --attn-ff-dim 128 --checkpoint-metric val_macro_f1 --weighted-sampler"
23,A,success,/home/huang_kai/wind_turbine_phm/PHOENIX-main/autoencoder_benchmark/ablation_experiments/h1/results/ablation1_sweep_strict_valf1_20260522/trials/trial_0023_A/ablation1_student_only_tcn_attn_weld_seam_windows_ws5_tf75_pg0_h1_ep80_lr0.0002_bs96_seed136,12.31,False,7,1.0,1.0,0.7725,0.654335,136,0.0002,0.0002,0.08,0.3,96,3,"96,96,96",0.05,0.05,True,80,val_macro_f1,"/usr/bin/python /home/huang_kai/wind_turbine_phm/PHOENIX-main/autoencoder_benchmark/ablation_experiments/scripts/train_ablation1_student_only.py --dataset-npz /home/huang_kai/wind_turbine_phm/PHOENIX-main/autoencoder_benchmark/Data/processed_data/weld_seam_windows_ws5_tf75_pg0_h1.npz --output-dir /home/huang_kai/wind_turbine_phm/PHOENIX-main/autoencoder_benchmark/ablation_experiments/h1/results/ablation1_sweep_strict_valf1_20260522/trials/trial_0023_A --drop-feature-indices 3,4,5,6,7 --epochs 80 --batch-size 96 --lr 0.0002 --weight-decay 0.0002 --label-smoothing 0.05 --seed 136 --num-workers 0 --tcn-kernel 3 --tcn-layers 3 --tcn-channels 96,96,96 --tcn-dropout 0.08 --tcn-dilation-base 2 --classifier-hidden 128 --classifier-dropout 0.3 --attn-heads 4 --attn-dropout 0.05 --attn-ff-dim 128 --checkpoint-metric val_macro_f1 --weighted-sampler"
24,A,success,/home/huang_kai/wind_turbine_phm/PHOENIX-main/autoencoder_benchmark/ablation_experiments/h1/results/ablation1_sweep_strict_valf1_20260522/trials/trial_0024_A/ablation1_student_only_tcn_attn_weld_seam_windows_ws5_tf75_pg0_h1_ep80_lr0.00025_bs96_seed114,8.7,False,7,1.0,1.0,0.8371,0.776404,114,0.00025,0.0003,0.15,0.4,96,3,"64,64,64",0.15,0.0,True,80,val_macro_f1,"/usr/bin/python /home/huang_kai/wind_turbine_phm/PHOENIX-main/autoencoder_benchmark/ablation_experiments/scripts/train_ablation1_student_only.py --dataset-npz /home/huang_kai/wind_turbine_phm/PHOENIX-main/autoencoder_benchmark/Data/processed_data/weld_seam_windows_ws5_tf75_pg0_h1.npz --output-dir /home/huang_kai/wind_turbine_phm/PHOENIX-main/autoencoder_benchmark/ablation_experiments/h1/results/ablation1_sweep_strict_valf1_20260522/trials/trial_0024_A --drop-feature-indices 3,4,5,6,7 --epochs 80 --batch-size 96 --lr 0.00025 --weight-decay 0.0003 --label-smoothing 0.0 --seed 114 --num-workers 0 --tcn-kernel 3 --tcn-layers 3 --tcn-channels 64,64,64 --tcn-dropout 0.15 --tcn-dilation-base 2 --classifier-hidden 128 --classifier-dropout 0.4 --attn-heads 4 --attn-dropout 0.15 --attn-ff-dim 128 --checkpoint-metric val_macro_f1 --weighted-sampler"
25,A,success,/home/huang_kai/wind_turbine_phm/PHOENIX-main/autoencoder_benchmark/ablation_experiments/h1/results/ablation1_sweep_strict_valf1_20260522/trials/trial_0025_A/ablation1_student_only_tcn_attn_weld_seam_windows_ws5_tf75_pg0_h1_ep80_lr0.0003_bs96_seed114,8.7,False,4,1.0,1.0,0.8399,0.788861,114,0.0003,0.0005,0.1,0.3,96,2,"96,96,96",0.15,0.0,False,80,val_macro_f1,"/usr/bin/python /home/huang_kai/wind_turbine_phm/PHOENIX-main/autoencoder_benchmark/ablation_experiments/scripts/train_ablation1_student_only.py --dataset-npz /home/huang_kai/wind_turbine_phm/PHOENIX-main/autoencoder_benchmark/Data/processed_data/weld_seam_windows_ws5_tf75_pg0_h1.npz --output-dir /home/huang_kai/wind_turbine_phm/PHOENIX-main/autoencoder_benchmark/ablation_experiments/h1/results/ablation1_sweep_strict_valf1_20260522/trials/trial_0025_A --drop-feature-indices 3,4,5,6,7 --epochs 80 --batch-size 96 --lr 0.0003 --weight-decay 0.0005 --label-smoothing 0.0 --seed 114 --num-workers 0 --tcn-kernel 3 --tcn-layers 2 --tcn-channels 96,96,96 --tcn-dropout 0.1 --tcn-dilation-base 2 --classifier-hidden 128 --classifier-dropout 0.3 --attn-heads 4 --attn-dropout 0.15 --attn-ff-dim 128 --checkpoint-metric val_macro_f1"
26,A,success,/home/huang_kai/wind_turbine_phm/PHOENIX-main/autoencoder_benchmark/ablation_experiments/h1/results/ablation1_sweep_strict_valf1_20260522/trials/trial_0026_A/ablation1_student_only_tcn_attn_weld_seam_windows_ws5_tf75_pg0_h1_ep80_lr0.0004_bs64_seed121,10.89,False,4,1.0,1.0,0.7528,0.614136,121,0.0004,0.0005,0.15,0.35,64,2,"64,64,64",0.1,0.05,True,80,val_macro_f1,"/usr/bin/python /home/huang_kai/wind_turbine_phm/PHOENIX-main/autoencoder_benchmark/ablation_experiments/scripts/train_ablation1_student_only.py --dataset-npz /home/huang_kai/wind_turbine_phm/PHOENIX-main/autoencoder_benchmark/Data/processed_data/weld_seam_windows_ws5_tf75_pg0_h1.npz --output-dir /home/huang_kai/wind_turbine_phm/PHOENIX-main/autoencoder_benchmark/ablation_experiments/h1/results/ablation1_sweep_strict_valf1_20260522/trials/trial_0026_A --drop-feature-indices 3,4,5,6,7 --epochs 80 --batch-size 64 --lr 0.0004 --weight-decay 0.0005 --label-smoothing 0.05 --seed 121 --num-workers 0 --tcn-kernel 3 --tcn-layers 2 --tcn-channels 64,64,64 --tcn-dropout 0.15 --tcn-dilation-base 2 --classifier-hidden 128 --classifier-dropout 0.35 --attn-heads 4 --attn-dropout 0.1 --attn-ff-dim 128 --checkpoint-metric val_macro_f1 --weighted-sampler"
27,A,success,/home/huang_kai/wind_turbine_phm/PHOENIX-main/autoencoder_benchmark/ablation_experiments/h1/results/ablation1_sweep_strict_valf1_20260522/trials/trial_0027_A/ablation1_student_only_tcn_attn_weld_seam_windows_ws5_tf75_pg0_h1_ep80_lr0.0001_bs128_seed121,12.2,False,19,1.0,1.0,0.7893000000000001,0.721836,121,0.0001,0.0005,0.2,0.3,128,2,"96,96,96",0.1,0.05,False,80,val_macro_f1,"/usr/bin/python /home/huang_kai/wind_turbine_phm/PHOENIX-main/autoencoder_benchmark/ablation_experiments/scripts/train_ablation1_student_only.py --dataset-npz /home/huang_kai/wind_turbine_phm/PHOENIX-main/autoencoder_benchmark/Data/processed_data/weld_seam_windows_ws5_tf75_pg0_h1.npz --output-dir /home/huang_kai/wind_turbine_phm/PHOENIX-main/autoencoder_benchmark/ablation_experiments/h1/results/ablation1_sweep_strict_valf1_20260522/trials/trial_0027_A --drop-feature-indices 3,4,5,6,7 --epochs 80 --batch-size 128 --lr 0.0001 --weight-decay 0.0005 --label-smoothing 0.05 --seed 121 --num-workers 0 --tcn-kernel 3 --tcn-layers 2 --tcn-channels 96,96,96 --tcn-dropout 0.2 --tcn-dilation-base 2 --classifier-hidden 128 --classifier-dropout 0.3 --attn-heads 4 --attn-dropout 0.1 --attn-ff-dim 128 --checkpoint-metric val_macro_f1"
28,A,success,/home/huang_kai/wind_turbine_phm/PHOENIX-main/autoencoder_benchmark/ablation_experiments/h1/results/ablation1_sweep_strict_valf1_20260522/trials/trial_0028_A/ablation1_student_only_tcn_attn_weld_seam_windows_ws5_tf75_pg0_h1_ep80_lr0.00025_bs64_seed119,10.57,False,6,1.0,1.0,0.7753,0.738085,119,0.00025,0.0003,0.2,0.25,64,2,"80,80,80",0.05,0.05,False,80,val_macro_f1,"/usr/bin/python /home/huang_kai/wind_turbine_phm/PHOENIX-main/autoencoder_benchmark/ablation_experiments/scripts/train_ablation1_student_only.py --dataset-npz /home/huang_kai/wind_turbine_phm/PHOENIX-main/autoencoder_benchmark/Data/processed_data/weld_seam_windows_ws5_tf75_pg0_h1.npz --output-dir /home/huang_kai/wind_turbine_phm/PHOENIX-main/autoencoder_benchmark/ablation_experiments/h1/results/ablation1_sweep_strict_valf1_20260522/trials/trial_0028_A --drop-feature-indices 3,4,5,6,7 --epochs 80 --batch-size 64 --lr 0.00025 --weight-decay 0.0003 --label-smoothing 0.05 --seed 119 --num-workers 0 --tcn-kernel 3 --tcn-layers 2 --tcn-channels 80,80,80 --tcn-dropout 0.2 --tcn-dilation-base 2 --classifier-hidden 128 --classifier-dropout 0.25 --attn-heads 4 --attn-dropout 0.05 --attn-ff-dim 128 --checkpoint-metric val_macro_f1"
29,A,success,/home/huang_kai/wind_turbine_phm/PHOENIX-main/autoencoder_benchmark/ablation_experiments/h1/results/ablation1_sweep_strict_valf1_20260522/trials/trial_0029_A/ablation1_student_only_tcn_attn_weld_seam_windows_ws5_tf75_pg0_h1_ep80_lr0.00025_bs64_seed101,10.69,False,7,1.0,1.0,0.8062,0.756403,101,0.00025,0.0003,0.12,0.45,64,2,"96,96,96",0.15,0.0,False,80,val_macro_f1,"/usr/bin/python /home/huang_kai/wind_turbine_phm/PHOENIX-main/autoencoder_benchmark/ablation_experiments/scripts/train_ablation1_student_only.py --dataset-npz /home/huang_kai/wind_turbine_phm/PHOENIX-main/autoencoder_benchmark/Data/processed_data/weld_seam_windows_ws5_tf75_pg0_h1.npz --output-dir /home/huang_kai/wind_turbine_phm/PHOENIX-main/autoencoder_benchmark/ablation_experiments/h1/results/ablation1_sweep_strict_valf1_20260522/trials/trial_0029_A --drop-feature-indices 3,4,5,6,7 --epochs 80 --batch-size 64 --lr 0.00025 --weight-decay 0.0003 --label-smoothing 0.0 --seed 101 --num-workers 0 --tcn-kernel 3 --tcn-layers 2 --tcn-channels 96,96,96 --tcn-dropout 0.12 --tcn-dilation-base 2 --classifier-hidden 128 --classifier-dropout 0.45 --attn-heads 4 --attn-dropout 0.15 --attn-ff-dim 128 --checkpoint-metric val_macro_f1"
30,A,success,/home/huang_kai/wind_turbine_phm/PHOENIX-main/autoencoder_benchmark/ablation_experiments/h1/results/ablation1_sweep_strict_valf1_20260522/trials/trial_0030_A/ablation1_student_only_tcn_attn_weld_seam_windows_ws5_tf75_pg0_h1_ep80_lr0.0002_bs128_seed116,11.48,False,14,1.0,1.0,0.7893000000000001,0.726879,116,0.0002,0.0003,0.08,0.45,128,2,"96,96,96",0.05,0.05,False,80,val_macro_f1,"/usr/bin/python /home/huang_kai/wind_turbine_phm/PHOENIX-main/autoencoder_benchmark/ablation_experiments/scripts/train_ablation1_student_only.py --dataset-npz /home/huang_kai/wind_turbine_phm/PHOENIX-main/autoencoder_benchmark/Data/processed_data/weld_seam_windows_ws5_tf75_pg0_h1.npz --output-dir /home/huang_kai/wind_turbine_phm/PHOENIX-main/autoencoder_benchmark/ablation_experiments/h1/results/ablation1_sweep_strict_valf1_20260522/trials/trial_0030_A --drop-feature-indices 3,4,5,6,7 --epochs 80 --batch-size 128 --lr 0.0002 --weight-decay 0.0003 --label-smoothing 0.05 --seed 116 --num-workers 0 --tcn-kernel 3 --tcn-layers 2 --tcn-channels 96,96,96 --tcn-dropout 0.08 --tcn-dilation-base 2 --classifier-hidden 128 --classifier-dropout 0.45 --attn-heads 4 --attn-dropout 0.05 --attn-ff-dim 128 --checkpoint-metric val_macro_f1"
31,A,success,/home/huang_kai/wind_turbine_phm/PHOENIX-main/autoencoder_benchmark/ablation_experiments/h1/results/ablation1_sweep_strict_valf1_20260522/trials/trial_0031_A/ablation1_student_only_tcn_attn_weld_seam_windows_ws5_tf75_pg0_h1_ep80_lr0.0001_bs64_seed144,19.77,False,12,1.0,1.0,0.8258,0.763022,144,0.0001,0.0001,0.12,0.45,64,4,"80,80,80",0.1,0.05,False,80,val_macro_f1,"/usr/bin/python /home/huang_kai/wind_turbine_phm/PHOENIX-main/autoencoder_benchmark/ablation_experiments/scripts/train_ablation1_student_only.py --dataset-npz /home/huang_kai/wind_turbine_phm/PHOENIX-main/autoencoder_benchmark/Data/processed_data/weld_seam_windows_ws5_tf75_pg0_h1.npz --output-dir /home/huang_kai/wind_turbine_phm/PHOENIX-main/autoencoder_benchmark/ablation_experiments/h1/results/ablation1_sweep_strict_valf1_20260522/trials/trial_0031_A --drop-feature-indices 3,4,5,6,7 --epochs 80 --batch-size 64 --lr 0.0001 --weight-decay 0.0001 --label-smoothing 0.05 --seed 144 --num-workers 0 --tcn-kernel 3 --tcn-layers 4 --tcn-channels 80,80,80 --tcn-dropout 0.12 --tcn-dilation-base 2 --classifier-hidden 128 --classifier-dropout 0.45 --attn-heads 4 --attn-dropout 0.1 --attn-ff-dim 128 --checkpoint-metric val_macro_f1"
32,A,success,/home/huang_kai/wind_turbine_phm/PHOENIX-main/autoencoder_benchmark/ablation_experiments/h1/results/ablation1_sweep_strict_valf1_20260522/trials/trial_0032_A/ablation1_student_only_tcn_attn_weld_seam_windows_ws5_tf75_pg0_h1_ep80_lr0.00015_bs96_seed125,13.64,False,10,1.0,1.0,0.7893000000000001,0.710903,125,0.00015,0.0003,0.15,0.3,96,3,"80,80,80",0.05,0.05,True,80,val_macro_f1,"/usr/bin/python /home/huang_kai/wind_turbine_phm/PHOENIX-main/autoencoder_benchmark/ablation_experiments/scripts/train_ablation1_student_only.py --dataset-npz /home/huang_kai/wind_turbine_phm/PHOENIX-main/autoencoder_benchmark/Data/processed_data/weld_seam_windows_ws5_tf75_pg0_h1.npz --output-dir /home/huang_kai/wind_turbine_phm/PHOENIX-main/autoencoder_benchmark/ablation_experiments/h1/results/ablation1_sweep_strict_valf1_20260522/trials/trial_0032_A --drop-feature-indices 3,4,5,6,7 --epochs 80 --batch-size 96 --lr 0.00015 --weight-decay 0.0003 --label-smoothing 0.05 --seed 125 --num-workers 0 --tcn-kernel 3 --tcn-layers 3 --tcn-channels 80,80,80 --tcn-dropout 0.15 --tcn-dilation-base 2 --classifier-hidden 128 --classifier-dropout 0.3 --attn-heads 4 --attn-dropout 0.05 --attn-ff-dim 128 --checkpoint-metric val_macro_f1 --weighted-sampler"
33,A,success,/home/huang_kai/wind_turbine_phm/PHOENIX-main/autoencoder_benchmark/ablation_experiments/h1/results/ablation1_sweep_strict_valf1_20260522/trials/trial_0033_A/ablation1_student_only_tcn_attn_weld_seam_windows_ws5_tf75_pg0_h1_ep80_lr0.0003_bs128_seed142,12.46,False,5,1.0,1.0,0.8623999999999999,0.823502,142,0.0003,0.0002,0.1,0.3,128,4,"80,80,80",0.1,0.0,False,80,val_macro_f1,"/usr/bin/python /home/huang_kai/wind_turbine_phm/PHOENIX-main/autoencoder_benchmark/ablation_experiments/scripts/train_ablation1_student_only.py --dataset-npz /home/huang_kai/wind_turbine_phm/PHOENIX-main/autoencoder_benchmark/Data/processed_data/weld_seam_windows_ws5_tf75_pg0_h1.npz --output-dir /home/huang_kai/wind_turbine_phm/PHOENIX-main/autoencoder_benchmark/ablation_experiments/h1/results/ablation1_sweep_strict_valf1_20260522/trials/trial_0033_A --drop-feature-indices 3,4,5,6,7 --epochs 80 --batch-size 128 --lr 0.0003 --weight-decay 0.0002 --label-smoothing 0.0 --seed 142 --num-workers 0 --tcn-kernel 3 --tcn-layers 4 --tcn-channels 80,80,80 --tcn-dropout 0.1 --tcn-dilation-base 2 --classifier-hidden 128 --classifier-dropout 0.3 --attn-heads 4 --attn-dropout 0.1 --attn-ff-dim 128 --checkpoint-metric val_macro_f1"
34,A,success,/home/huang_kai/wind_turbine_phm/PHOENIX-main/autoencoder_benchmark/ablation_experiments/h1/results/ablation1_sweep_strict_valf1_20260522/trials/trial_0034_A/ablation1_student_only_tcn_attn_weld_seam_windows_ws5_tf75_pg0_h1_ep80_lr0.0003_bs96_seed157,10.8,False,5,1.0,1.0,0.8736,0.829812,157,0.0003,0.0005,0.15,0.45,96,3,"64,64,64",0.05,0.0,False,80,val_macro_f1,"/usr/bin/python /home/huang_kai/wind_turbine_phm/PHOENIX-main/autoencoder_benchmark/ablation_experiments/scripts/train_ablation1_student_only.py --dataset-npz /home/huang_kai/wind_turbine_phm/PHOENIX-main/autoencoder_benchmark/Data/processed_data/weld_seam_windows_ws5_tf75_pg0_h1.npz --output-dir /home/huang_kai/wind_turbine_phm/PHOENIX-main/autoencoder_benchmark/ablation_experiments/h1/results/ablation1_sweep_strict_valf1_20260522/trials/trial_0034_A --drop-feature-indices 3,4,5,6,7 --epochs 80 --batch-size 96 --lr 0.0003 --weight-decay 0.0005 --label-smoothing 0.0 --seed 157 --num-workers 0 --tcn-kernel 3 --tcn-layers 3 --tcn-channels 64,64,64 --tcn-dropout 0.15 --tcn-dilation-base 2 --classifier-hidden 128 --classifier-dropout 0.45 --attn-heads 4 --attn-dropout 0.05 --attn-ff-dim 128 --checkpoint-metric val_macro_f1"
35,A,success,/home/huang_kai/wind_turbine_phm/PHOENIX-main/autoencoder_benchmark/ablation_experiments/h1/results/ablation1_sweep_strict_valf1_20260522/trials/trial_0035_A/ablation1_student_only_tcn_attn_weld_seam_windows_ws5_tf75_pg0_h1_ep80_lr0.0004_bs128_seed137,8.78,False,4,1.0,1.0,0.8482999999999999,0.798962,137,0.0004,0.0002,0.15,0.25,128,2,"80,80,80",0.05,0.05,False,80,val_macro_f1,"/usr/bin/python /home/huang_kai/wind_turbine_phm/PHOENIX-main/autoencoder_benchmark/ablation_experiments/scripts/train_ablation1_student_only.py --dataset-npz /home/huang_kai/wind_turbine_phm/PHOENIX-main/autoencoder_benchmark/Data/processed_data/weld_seam_windows_ws5_tf75_pg0_h1.npz --output-dir /home/huang_kai/wind_turbine_phm/PHOENIX-main/autoencoder_benchmark/ablation_experiments/h1/results/ablation1_sweep_strict_valf1_20260522/trials/trial_0035_A --drop-feature-indices 3,4,5,6,7 --epochs 80 --batch-size 128 --lr 0.0004 --weight-decay 0.0002 --label-smoothing 0.05 --seed 137 --num-workers 0 --tcn-kernel 3 --tcn-layers 2 --tcn-channels 80,80,80 --tcn-dropout 0.15 --tcn-dilation-base 2 --classifier-hidden 128 --classifier-dropout 0.25 --attn-heads 4 --attn-dropout 0.05 --attn-ff-dim 128 --checkpoint-metric val_macro_f1"
36,A,success,/home/huang_kai/wind_turbine_phm/PHOENIX-main/autoencoder_benchmark/ablation_experiments/h1/results/ablation1_sweep_strict_valf1_20260522/trials/trial_0036_A/ablation1_student_only_tcn_attn_weld_seam_windows_ws5_tf75_pg0_h1_ep80_lr0.0003_bs128_seed143,10.36,False,7,1.0,1.0,0.8062,0.733651,143,0.0003,0.0002,0.08,0.25,128,3,"80,80,80",0.05,0.0,True,80,val_macro_f1,"/usr/bin/python /home/huang_kai/wind_turbine_phm/PHOENIX-main/autoencoder_benchmark/ablation_experiments/scripts/train_ablation1_student_only.py --dataset-npz /home/huang_kai/wind_turbine_phm/PHOENIX-main/autoencoder_benchmark/Data/processed_data/weld_seam_windows_ws5_tf75_pg0_h1.npz --output-dir /home/huang_kai/wind_turbine_phm/PHOENIX-main/autoencoder_benchmark/ablation_experiments/h1/results/ablation1_sweep_strict_valf1_20260522/trials/trial_0036_A --drop-feature-indices 3,4,5,6,7 --epochs 80 --batch-size 128 --lr 0.0003 --weight-decay 0.0002 --label-smoothing 0.0 --seed 143 --num-workers 0 --tcn-kernel 3 --tcn-layers 3 --tcn-channels 80,80,80 --tcn-dropout 0.08 --tcn-dilation-base 2 --classifier-hidden 128 --classifier-dropout 0.25 --attn-heads 4 --attn-dropout 0.05 --attn-ff-dim 128 --checkpoint-metric val_macro_f1 --weighted-sampler"
37,A,success,/home/huang_kai/wind_turbine_phm/PHOENIX-main/autoencoder_benchmark/ablation_experiments/h1/results/ablation1_sweep_strict_valf1_20260522/trials/trial_0037_A/ablation1_student_only_tcn_attn_weld_seam_windows_ws5_tf75_pg0_h1_ep80_lr0.0003_bs64_seed128,9.27,False,4,1.0,1.0,0.8876000000000001,0.86076,128,0.0003,0.0001,0.12,0.25,64,3,"80,80,80",0.05,0.0,True,80,val_macro_f1,"/usr/bin/python /home/huang_kai/wind_turbine_phm/PHOENIX-main/autoencoder_benchmark/ablation_experiments/scripts/train_ablation1_student_only.py --dataset-npz /home/huang_kai/wind_turbine_phm/PHOENIX-main/autoencoder_benchmark/Data/processed_data/weld_seam_windows_ws5_tf75_pg0_h1.npz --output-dir /home/huang_kai/wind_turbine_phm/PHOENIX-main/autoencoder_benchmark/ablation_experiments/h1/results/ablation1_sweep_strict_valf1_20260522/trials/trial_0037_A --drop-feature-indices 3,4,5,6,7 --epochs 80 --batch-size 64 --lr 0.0003 --weight-decay 0.0001 --label-smoothing 0.0 --seed 128 --num-workers 0 --tcn-kernel 3 --tcn-layers 3 --tcn-channels 80,80,80 --tcn-dropout 0.12 --tcn-dilation-base 2 --classifier-hidden 128 --classifier-dropout 0.25 --attn-heads 4 --attn-dropout 0.05 --attn-ff-dim 128 --checkpoint-metric val_macro_f1 --weighted-sampler"
38,A,success,/home/huang_kai/wind_turbine_phm/PHOENIX-main/autoencoder_benchmark/ablation_experiments/h1/results/ablation1_sweep_strict_valf1_20260522/trials/trial_0038_A/ablation1_student_only_tcn_attn_weld_seam_windows_ws5_tf75_pg0_h1_ep80_lr0.0002_bs128_seed110,13.35,False,7,1.0,1.0,0.7781,0.695716,110,0.0002,0.0005,0.08,0.45,128,4,"96,96,96",0.05,0.05,True,80,val_macro_f1,"/usr/bin/python /home/huang_kai/wind_turbine_phm/PHOENIX-main/autoencoder_benchmark/ablation_experiments/scripts/train_ablation1_student_only.py --dataset-npz /home/huang_kai/wind_turbine_phm/PHOENIX-main/autoencoder_benchmark/Data/processed_data/weld_seam_windows_ws5_tf75_pg0_h1.npz --output-dir /home/huang_kai/wind_turbine_phm/PHOENIX-main/autoencoder_benchmark/ablation_experiments/h1/results/ablation1_sweep_strict_valf1_20260522/trials/trial_0038_A --drop-feature-indices 3,4,5,6,7 --epochs 80 --batch-size 128 --lr 0.0002 --weight-decay 0.0005 --label-smoothing 0.05 --seed 110 --num-workers 0 --tcn-kernel 3 --tcn-layers 4 --tcn-channels 96,96,96 --tcn-dropout 0.08 --tcn-dilation-base 2 --classifier-hidden 128 --classifier-dropout 0.45 --attn-heads 4 --attn-dropout 0.05 --attn-ff-dim 128 --checkpoint-metric val_macro_f1 --weighted-sampler"
39,A,success,/home/huang_kai/wind_turbine_phm/PHOENIX-main/autoencoder_benchmark/ablation_experiments/h1/results/ablation1_sweep_strict_valf1_20260522/trials/trial_0039_A/ablation1_student_only_tcn_attn_weld_seam_windows_ws5_tf75_pg0_h1_ep80_lr0.0003_bs64_seed113,12.96,False,6,1.0,1.0,0.7893000000000001,0.72351,113,0.0003,0.0002,0.15,0.4,64,3,"80,80,80",0.05,0.0,True,80,val_macro_f1,"/usr/bin/python /home/huang_kai/wind_turbine_phm/PHOENIX-main/autoencoder_benchmark/ablation_experiments/scripts/train_ablation1_student_only.py --dataset-npz /home/huang_kai/wind_turbine_phm/PHOENIX-main/autoencoder_benchmark/Data/processed_data/weld_seam_windows_ws5_tf75_pg0_h1.npz --output-dir /home/huang_kai/wind_turbine_phm/PHOENIX-main/autoencoder_benchmark/ablation_experiments/h1/results/ablation1_sweep_strict_valf1_20260522/trials/trial_0039_A --drop-feature-indices 3,4,5,6,7 --epochs 80 --batch-size 64 --lr 0.0003 --weight-decay 0.0002 --label-smoothing 0.0 --seed 113 --num-workers 0 --tcn-kernel 3 --tcn-layers 3 --tcn-channels 80,80,80 --tcn-dropout 0.15 --tcn-dilation-base 2 --classifier-hidden 128 --classifier-dropout 0.4 --attn-heads 4 --attn-dropout 0.05 --attn-ff-dim 128 --checkpoint-metric val_macro_f1 --weighted-sampler"
40,A,success,/home/huang_kai/wind_turbine_phm/PHOENIX-main/autoencoder_benchmark/ablation_experiments/h1/results/ablation1_sweep_strict_valf1_20260522/trials/trial_0040_A/ablation1_student_only_tcn_attn_weld_seam_windows_ws5_tf75_pg0_h1_ep80_lr0.0004_bs64_seed149,13.2,False,4,1.0,1.0,0.7837000000000001,0.70099,149,0.0004,0.0001,0.15,0.35,64,3,"80,80,80",0.05,0.05,True,80,val_macro_f1,"/usr/bin/python /home/huang_kai/wind_turbine_phm/PHOENIX-main/autoencoder_benchmark/ablation_experiments/scripts/train_ablation1_student_only.py --dataset-npz /home/huang_kai/wind_turbine_phm/PHOENIX-main/autoencoder_benchmark/Data/processed_data/weld_seam_windows_ws5_tf75_pg0_h1.npz --output-dir /home/huang_kai/wind_turbine_phm/PHOENIX-main/autoencoder_benchmark/ablation_experiments/h1/results/ablation1_sweep_strict_valf1_20260522/trials/trial_0040_A --drop-feature-indices 3,4,5,6,7 --epochs 80 --batch-size 64 --lr 0.0004 --weight-decay 0.0001 --label-smoothing 0.05 --seed 149 --num-workers 0 --tcn-kernel 3 --tcn-layers 3 --tcn-channels 80,80,80 --tcn-dropout 0.15 --tcn-dilation-base 2 --classifier-hidden 128 --classifier-dropout 0.35 --attn-heads 4 --attn-dropout 0.05 --attn-ff-dim 128 --checkpoint-metric val_macro_f1 --weighted-sampler"
41,B,success,/home/huang_kai/wind_turbine_phm/PHOENIX-main/autoencoder_benchmark/ablation_experiments/h1/results/ablation1_sweep_strict_valf1_20260522/trials/trial_0041_B/ablation1_student_only_tcn_attn_weld_seam_windows_ws5_tf75_pg0_h1_ep80_lr0.0003_bs96_seed145,8.69,False,4,1.0,1.0,0.882,0.844478,145,0.0003,0.00014,0.2,0.3,96,2,"80,80,80",0.1,0.0,False,80,val_macro_f1,"/usr/bin/python /home/huang_kai/wind_turbine_phm/PHOENIX-main/autoencoder_benchmark/ablation_experiments/scripts/train_ablation1_student_only.py --dataset-npz /home/huang_kai/wind_turbine_phm/PHOENIX-main/autoencoder_benchmark/Data/processed_data/weld_seam_windows_ws5_tf75_pg0_h1.npz --output-dir /home/huang_kai/wind_turbine_phm/PHOENIX-main/autoencoder_benchmark/ablation_experiments/h1/results/ablation1_sweep_strict_valf1_20260522/trials/trial_0041_B --drop-feature-indices 3,4,5,6,7 --epochs 80 --batch-size 96 --lr 0.0003 --weight-decay 0.00014 --label-smoothing 0.0 --seed 145 --num-workers 0 --tcn-kernel 3 --tcn-layers 2 --tcn-channels 80,80,80 --tcn-dropout 0.2 --tcn-dilation-base 2 --classifier-hidden 128 --classifier-dropout 0.3 --attn-heads 4 --attn-dropout 0.1 --attn-ff-dim 128 --checkpoint-metric val_macro_f1"
42,B,success,/home/huang_kai/wind_turbine_phm/PHOENIX-main/autoencoder_benchmark/ablation_experiments/h1/results/ablation1_sweep_strict_valf1_20260522/trials/trial_0042_B/ablation1_student_only_tcn_attn_weld_seam_windows_ws5_tf75_pg0_h1_ep80_lr0.00024_bs96_seed148,10.79,False,5,1.0,1.0,0.868,0.834204,148,0.00024,0.00028,0.13,0.3,96,3,"96,96,96",0.1,0.0,False,80,val_macro_f1,"/usr/bin/python /home/huang_kai/wind_turbine_phm/PHOENIX-main/autoencoder_benchmark/ablation_experiments/scripts/train_ablation1_student_only.py --dataset-npz /home/huang_kai/wind_turbine_phm/PHOENIX-main/autoencoder_benchmark/Data/processed_data/weld_seam_windows_ws5_tf75_pg0_h1.npz --output-dir /home/huang_kai/wind_turbine_phm/PHOENIX-main/autoencoder_benchmark/ablation_experiments/h1/results/ablation1_sweep_strict_valf1_20260522/trials/trial_0042_B --drop-feature-indices 3,4,5,6,7 --epochs 80 --batch-size 96 --lr 0.00024 --weight-decay 0.00028 --label-smoothing 0.0 --seed 148 --num-workers 0 --tcn-kernel 3 --tcn-layers 3 --tcn-channels 96,96,96 --tcn-dropout 0.13 --tcn-dilation-base 2 --classifier-hidden 128 --classifier-dropout 0.3 --attn-heads 4 --attn-dropout 0.1 --attn-ff-dim 128 --checkpoint-metric val_macro_f1"
43,B,success,/home/huang_kai/wind_turbine_phm/PHOENIX-main/autoencoder_benchmark/ablation_experiments/h1/results/ablation1_sweep_strict_valf1_20260522/trials/trial_0043_B/ablation1_student_only_tcn_attn_weld_seam_windows_ws5_tf75_pg0_h1_ep80_lr0.00036_bs128_seed114,9.92,False,9,1.0,1.0,0.75,0.635718,114,0.00036,0.00014,0.17,0.4,128,2,"80,80,80",0.07,0.05,True,80,val_macro_f1,"/usr/bin/python /home/huang_kai/wind_turbine_phm/PHOENIX-main/autoencoder_benchmark/ablation_experiments/scripts/train_ablation1_student_only.py --dataset-npz /home/huang_kai/wind_turbine_phm/PHOENIX-main/autoencoder_benchmark/Data/processed_data/weld_seam_windows_ws5_tf75_pg0_h1.npz --output-dir /home/huang_kai/wind_turbine_phm/PHOENIX-main/autoencoder_benchmark/ablation_experiments/h1/results/ablation1_sweep_strict_valf1_20260522/trials/trial_0043_B --drop-feature-indices 3,4,5,6,7 --epochs 80 --batch-size 128 --lr 0.00036 --weight-decay 0.00014 --label-smoothing 0.05 --seed 114 --num-workers 0 --tcn-kernel 3 --tcn-layers 2 --tcn-channels 80,80,80 --tcn-dropout 0.17 --tcn-dilation-base 2 --classifier-hidden 128 --classifier-dropout 0.4 --attn-heads 4 --attn-dropout 0.07 --attn-ff-dim 128 --checkpoint-metric val_macro_f1 --weighted-sampler"
44,B,success,/home/huang_kai/wind_turbine_phm/PHOENIX-main/autoencoder_benchmark/ablation_experiments/h1/results/ablation1_sweep_strict_valf1_20260522/trials/trial_0044_B/ablation1_student_only_tcn_attn_weld_seam_windows_ws5_tf75_pg0_h1_ep80_lr0.00024_bs128_seed122,11.08,False,10,1.0,1.0,0.8343,0.769904,122,0.00024,0.0005,0.15,0.45,128,3,"80,80,80",0.03,0.0,False,80,val_macro_f1,"/usr/bin/python /home/huang_kai/wind_turbine_phm/PHOENIX-main/autoencoder_benchmark/ablation_experiments/scripts/train_ablation1_student_only.py --dataset-npz /home/huang_kai/wind_turbine_phm/PHOENIX-main/autoencoder_benchmark/Data/processed_data/weld_seam_windows_ws5_tf75_pg0_h1.npz --output-dir /home/huang_kai/wind_turbine_phm/PHOENIX-main/autoencoder_benchmark/ablation_experiments/h1/results/ablation1_sweep_strict_valf1_20260522/trials/trial_0044_B --drop-feature-indices 3,4,5,6,7 --epochs 80 --batch-size 128 --lr 0.00024 --weight-decay 0.0005 --label-smoothing 0.0 --seed 122 --num-workers 0 --tcn-kernel 3 --tcn-layers 3 --tcn-channels 80,80,80 --tcn-dropout 0.15 --tcn-dilation-base 2 --classifier-hidden 128 --classifier-dropout 0.45 --attn-heads 4 --attn-dropout 0.03 --attn-ff-dim 128 --checkpoint-metric val_macro_f1"
45,B,success,/home/huang_kai/wind_turbine_phm/PHOENIX-main/autoencoder_benchmark/ablation_experiments/h1/results/ablation1_sweep_strict_valf1_20260522/trials/trial_0045_B/ablation1_student_only_tcn_attn_weld_seam_windows_ws5_tf75_pg0_h1_ep80_lr0.00036_bs128_seed134,10.97,False,6,1.0,1.0,0.8146,0.753506,134,0.00036,7e-05,0.15,0.3,128,3,"96,96,96",0.08,0.08,False,80,val_macro_f1,"/usr/bin/python /home/huang_kai/wind_turbine_phm/PHOENIX-main/autoencoder_benchmark/ablation_experiments/scripts/train_ablation1_student_only.py --dataset-npz /home/huang_kai/wind_turbine_phm/PHOENIX-main/autoencoder_benchmark/Data/processed_data/weld_seam_windows_ws5_tf75_pg0_h1.npz --output-dir /home/huang_kai/wind_turbine_phm/PHOENIX-main/autoencoder_benchmark/ablation_experiments/h1/results/ablation1_sweep_strict_valf1_20260522/trials/trial_0045_B --drop-feature-indices 3,4,5,6,7 --epochs 80 --batch-size 128 --lr 0.00036 --weight-decay 7e-05 --label-smoothing 0.08 --seed 134 --num-workers 0 --tcn-kernel 3 --tcn-layers 3 --tcn-channels 96,96,96 --tcn-dropout 0.15 --tcn-dilation-base 2 --classifier-hidden 128 --classifier-dropout 0.3 --attn-heads 4 --attn-dropout 0.08 --attn-ff-dim 128 --checkpoint-metric val_macro_f1"
46,B,success,/home/huang_kai/wind_turbine_phm/PHOENIX-main/autoencoder_benchmark/ablation_experiments/h1/results/ablation1_sweep_strict_valf1_20260522/trials/trial_0046_B/ablation1_student_only_tcn_attn_weld_seam_windows_ws5_tf75_pg0_h1_ep80_lr0.0002_bs96_seed102,13.38,False,9,1.0,1.0,0.8118000000000001,0.712974,102,0.0002,7e-05,0.08,0.3,96,3,"64,64,64",0.07,0.08,True,80,val_macro_f1,"/usr/bin/python /home/huang_kai/wind_turbine_phm/PHOENIX-main/autoencoder_benchmark/ablation_experiments/scripts/train_ablation1_student_only.py --dataset-npz /home/huang_kai/wind_turbine_phm/PHOENIX-main/autoencoder_benchmark/Data/processed_data/weld_seam_windows_ws5_tf75_pg0_h1.npz --output-dir /home/huang_kai/wind_turbine_phm/PHOENIX-main/autoencoder_benchmark/ablation_experiments/h1/results/ablation1_sweep_strict_valf1_20260522/trials/trial_0046_B --drop-feature-indices 3,4,5,6,7 --epochs 80 --batch-size 96 --lr 0.0002 --weight-decay 7e-05 --label-smoothing 0.08 --seed 102 --num-workers 0 --tcn-kernel 3 --tcn-layers 3 --tcn-channels 64,64,64 --tcn-dropout 0.08 --tcn-dilation-base 2 --classifier-hidden 128 --classifier-dropout 0.3 --attn-heads 4 --attn-dropout 0.07 --attn-ff-dim 128 --checkpoint-metric val_macro_f1 --weighted-sampler"
47,B,success,/home/huang_kai/wind_turbine_phm/PHOENIX-main/autoencoder_benchmark/ablation_experiments/h1/results/ablation1_sweep_strict_valf1_20260522/trials/trial_0047_B/ablation1_student_only_tcn_attn_weld_seam_windows_ws5_tf75_pg0_h1_ep80_lr0.0003_bs64_seed112,14.7,False,6,1.0,1.0,0.8567,0.817906,112,0.0003,0.00035,0.18,0.5,64,3,"80,80,80",0.08,0.05,False,80,val_macro_f1,"/usr/bin/python /home/huang_kai/wind_turbine_phm/PHOENIX-main/autoencoder_benchmark/ablation_experiments/scripts/train_ablation1_student_only.py --dataset-npz /home/huang_kai/wind_turbine_phm/PHOENIX-main/autoencoder_benchmark/Data/processed_data/weld_seam_windows_ws5_tf75_pg0_h1.npz --output-dir /home/huang_kai/wind_turbine_phm/PHOENIX-main/autoencoder_benchmark/ablation_experiments/h1/results/ablation1_sweep_strict_valf1_20260522/trials/trial_0047_B --drop-feature-indices 3,4,5,6,7 --epochs 80 --batch-size 64 --lr 0.0003 --weight-decay 0.00035 --label-smoothing 0.05 --seed 112 --num-workers 0 --tcn-kernel 3 --tcn-layers 3 --tcn-channels 80,80,80 --tcn-dropout 0.18 --tcn-dilation-base 2 --classifier-hidden 128 --classifier-dropout 0.5 --attn-heads 4 --attn-dropout 0.08 --attn-ff-dim 128 --checkpoint-metric val_macro_f1"
48,B,success,/home/huang_kai/wind_turbine_phm/PHOENIX-main/autoencoder_benchmark/ablation_experiments/h1/results/ablation1_sweep_strict_valf1_20260522/trials/trial_0048_B/ablation1_student_only_tcn_attn_weld_seam_windows_ws5_tf75_pg0_h1_ep80_lr0.0003_bs96_seed152,10.28,False,5,1.0,1.0,0.8146,0.746,152,0.0003,0.00035,0.12,0.4,96,3,"80,80,80",0.05,0.0,True,80,val_macro_f1,"/usr/bin/python /home/huang_kai/wind_turbine_phm/PHOENIX-main/autoencoder_benchmark/ablation_experiments/scripts/train_ablation1_student_only.py --dataset-npz /home/huang_kai/wind_turbine_phm/PHOENIX-main/autoencoder_benchmark/Data/processed_data/weld_seam_windows_ws5_tf75_pg0_h1.npz --output-dir /home/huang_kai/wind_turbine_phm/PHOENIX-main/autoencoder_benchmark/ablation_experiments/h1/results/ablation1_sweep_strict_valf1_20260522/trials/trial_0048_B --drop-feature-indices 3,4,5,6,7 --epochs 80 --batch-size 96 --lr 0.0003 --weight-decay 0.00035 --label-smoothing 0.0 --seed 152 --num-workers 0 --tcn-kernel 3 --tcn-layers 3 --tcn-channels 80,80,80 --tcn-dropout 0.12 --tcn-dilation-base 2 --classifier-hidden 128 --classifier-dropout 0.4 --attn-heads 4 --attn-dropout 0.05 --attn-ff-dim 128 --checkpoint-metric val_macro_f1 --weighted-sampler"
49,B,success,/home/huang_kai/wind_turbine_phm/PHOENIX-main/autoencoder_benchmark/ablation_experiments/h1/results/ablation1_sweep_strict_valf1_20260522/trials/trial_0049_B/ablation1_student_only_tcn_attn_weld_seam_windows_ws5_tf75_pg0_h1_ep80_lr0.00036_bs96_seed115,7.83,False,3,1.0,1.0,0.8427,0.762388,115,0.00036,0.00014,0.15,0.25,96,3,"80,80,80",0.08,0.0,True,80,val_macro_f1,"/usr/bin/python /home/huang_kai/wind_turbine_phm/PHOENIX-main/autoencoder_benchmark/ablation_experiments/scripts/train_ablation1_student_only.py --dataset-npz /home/huang_kai/wind_turbine_phm/PHOENIX-main/autoencoder_benchmark/Data/processed_data/weld_seam_windows_ws5_tf75_pg0_h1.npz --output-dir /home/huang_kai/wind_turbine_phm/PHOENIX-main/autoencoder_benchmark/ablation_experiments/h1/results/ablation1_sweep_strict_valf1_20260522/trials/trial_0049_B --drop-feature-indices 3,4,5,6,7 --epochs 80 --batch-size 96 --lr 0.00036 --weight-decay 0.00014 --label-smoothing 0.0 --seed 115 --num-workers 0 --tcn-kernel 3 --tcn-layers 3 --tcn-channels 80,80,80 --tcn-dropout 0.15 --tcn-dilation-base 2 --classifier-hidden 128 --classifier-dropout 0.25 --attn-heads 4 --attn-dropout 0.08 --attn-ff-dim 128 --checkpoint-metric val_macro_f1 --weighted-sampler"
50,B,success,/home/huang_kai/wind_turbine_phm/PHOENIX-main/autoencoder_benchmark/ablation_experiments/h1/results/ablation1_sweep_strict_valf1_20260522/trials/trial_0050_B/ablation1_student_only_tcn_attn_weld_seam_windows_ws5_tf75_pg0_h1_ep80_lr0.0003_bs64_seed151,11.32,False,11,1.0,1.0,0.809,0.752201,151,0.0003,0.0002,0.07,0.35,64,2,"80,80,80",0.1,0.0,True,80,val_macro_f1,"/usr/bin/python /home/huang_kai/wind_turbine_phm/PHOENIX-main/autoencoder_benchmark/ablation_experiments/scripts/train_ablation1_student_only.py --dataset-npz /home/huang_kai/wind_turbine_phm/PHOENIX-main/autoencoder_benchmark/Data/processed_data/weld_seam_windows_ws5_tf75_pg0_h1.npz --output-dir /home/huang_kai/wind_turbine_phm/PHOENIX-main/autoencoder_benchmark/ablation_experiments/h1/results/ablation1_sweep_strict_valf1_20260522/trials/trial_0050_B --drop-feature-indices 3,4,5,6,7 --epochs 80 --batch-size 64 --lr 0.0003 --weight-decay 0.0002 --label-smoothing 0.0 --seed 151 --num-workers 0 --tcn-kernel 3 --tcn-layers 2 --tcn-channels 80,80,80 --tcn-dropout 0.07 --tcn-dilation-base 2 --classifier-hidden 128 --classifier-dropout 0.35 --attn-heads 4 --attn-dropout 0.1 --attn-ff-dim 128 --checkpoint-metric val_macro_f1 --weighted-sampler"
51,B,success,/home/huang_kai/wind_turbine_phm/PHOENIX-main/autoencoder_benchmark/ablation_experiments/h1/results/ablation1_sweep_strict_valf1_20260522/trials/trial_0051_B/ablation1_student_only_tcn_attn_weld_seam_windows_ws5_tf75_pg0_h1_ep80_lr0.00024_bs64_seed111,12.5,False,9,1.0,1.0,0.8371,0.796445,111,0.00024,0.0002,0.1,0.35,64,2,"80,80,80",0.13,0.03,False,80,val_macro_f1,"/usr/bin/python /home/huang_kai/wind_turbine_phm/PHOENIX-main/autoencoder_benchmark/ablation_experiments/scripts/train_ablation1_student_only.py --dataset-npz /home/huang_kai/wind_turbine_phm/PHOENIX-main/autoencoder_benchmark/Data/processed_data/weld_seam_windows_ws5_tf75_pg0_h1.npz --output-dir /home/huang_kai/wind_turbine_phm/PHOENIX-main/autoencoder_benchmark/ablation_experiments/h1/results/ablation1_sweep_strict_valf1_20260522/trials/trial_0051_B --drop-feature-indices 3,4,5,6,7 --epochs 80 --batch-size 64 --lr 0.00024 --weight-decay 0.0002 --label-smoothing 0.03 --seed 111 --num-workers 0 --tcn-kernel 3 --tcn-layers 2 --tcn-channels 80,80,80 --tcn-dropout 0.1 --tcn-dilation-base 2 --classifier-hidden 128 --classifier-dropout 0.35 --attn-heads 4 --attn-dropout 0.13 --attn-ff-dim 128 --checkpoint-metric val_macro_f1"
52,B,success,/home/huang_kai/wind_turbine_phm/PHOENIX-main/autoencoder_benchmark/ablation_experiments/h1/results/ablation1_sweep_strict_valf1_20260522/trials/trial_0052_B/ablation1_student_only_tcn_attn_weld_seam_windows_ws5_tf75_pg0_h1_ep80_lr0.0003_bs64_seed128,12.41,False,5,1.0,1.0,0.8399,0.789946,128,0.0003,0.00014,0.17,0.35,64,3,"96,96,96",0.13,0.0,True,80,val_macro_f1,"/usr/bin/python /home/huang_kai/wind_turbine_phm/PHOENIX-main/autoencoder_benchmark/ablation_experiments/scripts/train_ablation1_student_only.py --dataset-npz /home/huang_kai/wind_turbine_phm/PHOENIX-main/autoencoder_benchmark/Data/processed_data/weld_seam_windows_ws5_tf75_pg0_h1.npz --output-dir /home/huang_kai/wind_turbine_phm/PHOENIX-main/autoencoder_benchmark/ablation_experiments/h1/results/ablation1_sweep_strict_valf1_20260522/trials/trial_0052_B --drop-feature-indices 3,4,5,6,7 --epochs 80 --batch-size 64 --lr 0.0003 --weight-decay 0.00014 --label-smoothing 0.0 --seed 128 --num-workers 0 --tcn-kernel 3 --tcn-layers 3 --tcn-channels 96,96,96 --tcn-dropout 0.17 --tcn-dilation-base 2 --classifier-hidden 128 --classifier-dropout 0.35 --attn-heads 4 --attn-dropout 0.13 --attn-ff-dim 128 --checkpoint-metric val_macro_f1 --weighted-sampler"
53,B,success,/home/huang_kai/wind_turbine_phm/PHOENIX-main/autoencoder_benchmark/ablation_experiments/h1/results/ablation1_sweep_strict_valf1_20260522/trials/trial_0053_B/ablation1_student_only_tcn_attn_weld_seam_windows_ws5_tf75_pg0_h1_ep80_lr0.0003_bs64_seed146,13.62,False,8,1.0,1.0,0.6994,0.545647,146,0.0003,0.00014,0.15,0.2,64,3,"96,96,96",0.05,0.0,False,80,val_macro_f1,"/usr/bin/python /home/huang_kai/wind_turbine_phm/PHOENIX-main/autoencoder_benchmark/ablation_experiments/scripts/train_ablation1_student_only.py --dataset-npz /home/huang_kai/wind_turbine_phm/PHOENIX-main/autoencoder_benchmark/Data/processed_data/weld_seam_windows_ws5_tf75_pg0_h1.npz --output-dir /home/huang_kai/wind_turbine_phm/PHOENIX-main/autoencoder_benchmark/ablation_experiments/h1/results/ablation1_sweep_strict_valf1_20260522/trials/trial_0053_B --drop-feature-indices 3,4,5,6,7 --epochs 80 --batch-size 64 --lr 0.0003 --weight-decay 0.00014 --label-smoothing 0.0 --seed 146 --num-workers 0 --tcn-kernel 3 --tcn-layers 3 --tcn-channels 96,96,96 --tcn-dropout 0.15 --tcn-dilation-base 2 --classifier-hidden 128 --classifier-dropout 0.2 --attn-heads 4 --attn-dropout 0.05 --attn-ff-dim 128 --checkpoint-metric val_macro_f1"
54,B,success,/home/huang_kai/wind_turbine_phm/PHOENIX-main/autoencoder_benchmark/ablation_experiments/h1/results/ablation1_sweep_strict_valf1_20260522/trials/trial_0054_B/ablation1_student_only_tcn_attn_weld_seam_windows_ws5_tf75_pg0_h1_ep80_lr0.00024_bs64_seed112,13.44,False,5,1.0,1.0,0.8118000000000001,0.729955,112,0.00024,0.0007,0.18,0.45,64,3,"96,96,96",0.08,0.05,False,80,val_macro_f1,"/usr/bin/python /home/huang_kai/wind_turbine_phm/PHOENIX-main/autoencoder_benchmark/ablation_experiments/scripts/train_ablation1_student_only.py --dataset-npz /home/huang_kai/wind_turbine_phm/PHOENIX-main/autoencoder_benchmark/Data/processed_data/weld_seam_windows_ws5_tf75_pg0_h1.npz --output-dir /home/huang_kai/wind_turbine_phm/PHOENIX-main/autoencoder_benchmark/ablation_experiments/h1/results/ablation1_sweep_strict_valf1_20260522/trials/trial_0054_B --drop-feature-indices 3,4,5,6,7 --epochs 80 --batch-size 64 --lr 0.00024 --weight-decay 0.0007 --label-smoothing 0.05 --seed 112 --num-workers 0 --tcn-kernel 3 --tcn-layers 3 --tcn-channels 96,96,96 --tcn-dropout 0.18 --tcn-dilation-base 2 --classifier-hidden 128 --classifier-dropout 0.45 --attn-heads 4 --attn-dropout 0.08 --attn-ff-dim 128 --checkpoint-metric val_macro_f1"
55,B,success,/home/huang_kai/wind_turbine_phm/PHOENIX-main/autoencoder_benchmark/ablation_experiments/h1/results/ablation1_sweep_strict_valf1_20260522/trials/trial_0055_B/ablation1_student_only_tcn_attn_weld_seam_windows_ws5_tf75_pg0_h1_ep80_lr0.00024_bs128_seed139,11.05,False,6,1.0,1.0,0.8201999999999999,0.75904,139,0.00024,0.0002,0.2,0.35,128,3,"64,64,64",0.13,0.03,False,80,val_macro_f1,"/usr/bin/python /home/huang_kai/wind_turbine_phm/PHOENIX-main/autoencoder_benchmark/ablation_experiments/scripts/train_ablation1_student_only.py --dataset-npz /home/huang_kai/wind_turbine_phm/PHOENIX-main/autoencoder_benchmark/Data/processed_data/weld_seam_windows_ws5_tf75_pg0_h1.npz --output-dir /home/huang_kai/wind_turbine_phm/PHOENIX-main/autoencoder_benchmark/ablation_experiments/h1/results/ablation1_sweep_strict_valf1_20260522/trials/trial_0055_B --drop-feature-indices 3,4,5,6,7 --epochs 80 --batch-size 128 --lr 0.00024 --weight-decay 0.0002 --label-smoothing 0.03 --seed 139 --num-workers 0 --tcn-kernel 3 --tcn-layers 3 --tcn-channels 64,64,64 --tcn-dropout 0.2 --tcn-dilation-base 2 --classifier-hidden 128 --classifier-dropout 0.35 --attn-heads 4 --attn-dropout 0.13 --attn-ff-dim 128 --checkpoint-metric val_macro_f1"
56,B,success,/home/huang_kai/wind_turbine_phm/PHOENIX-main/autoencoder_benchmark/ablation_experiments/h1/results/ablation1_sweep_strict_valf1_20260522/trials/trial_0056_B/ablation1_student_only_tcn_attn_weld_seam_windows_ws5_tf75_pg0_h1_ep80_lr0.0003_bs96_seed119,13.92,False,11,1.0,1.0,0.7162999999999999,0.612968,119,0.0003,0.0002,0.1,0.35,96,3,"64,64,64",0.1,0.08,False,80,val_macro_f1,"/usr/bin/python /home/huang_kai/wind_turbine_phm/PHOENIX-main/autoencoder_benchmark/ablation_experiments/scripts/train_ablation1_student_only.py --dataset-npz /home/huang_kai/wind_turbine_phm/PHOENIX-main/autoencoder_benchmark/Data/processed_data/weld_seam_windows_ws5_tf75_pg0_h1.npz --output-dir /home/huang_kai/wind_turbine_phm/PHOENIX-main/autoencoder_benchmark/ablation_experiments/h1/results/ablation1_sweep_strict_valf1_20260522/trials/trial_0056_B --drop-feature-indices 3,4,5,6,7 --epochs 80 --batch-size 96 --lr 0.0003 --weight-decay 0.0002 --label-smoothing 0.08 --seed 119 --num-workers 0 --tcn-kernel 3 --tcn-layers 3 --tcn-channels 64,64,64 --tcn-dropout 0.1 --tcn-dilation-base 2 --classifier-hidden 128 --classifier-dropout 0.35 --attn-heads 4 --attn-dropout 0.1 --attn-ff-dim 128 --checkpoint-metric val_macro_f1"
57,B,success,/home/huang_kai/wind_turbine_phm/PHOENIX-main/autoencoder_benchmark/ablation_experiments/h1/results/ablation1_sweep_strict_valf1_20260522/trials/trial_0057_B/ablation1_student_only_tcn_attn_weld_seam_windows_ws5_tf75_pg0_h1_ep80_lr0.00025_bs96_seed136,11.32,False,4,1.0,1.0,0.8287,0.747911,136,0.00025,7e-05,0.11,0.35,96,3,"80,80,80",0.1,0.08,True,80,val_macro_f1,"/usr/bin/python /home/huang_kai/wind_turbine_phm/PHOENIX-main/autoencoder_benchmark/ablation_experiments/scripts/train_ablation1_student_only.py --dataset-npz /home/huang_kai/wind_turbine_phm/PHOENIX-main/autoencoder_benchmark/Data/processed_data/weld_seam_windows_ws5_tf75_pg0_h1.npz --output-dir /home/huang_kai/wind_turbine_phm/PHOENIX-main/autoencoder_benchmark/ablation_experiments/h1/results/ablation1_sweep_strict_valf1_20260522/trials/trial_0057_B --drop-feature-indices 3,4,5,6,7 --epochs 80 --batch-size 96 --lr 0.00025 --weight-decay 7e-05 --label-smoothing 0.08 --seed 136 --num-workers 0 --tcn-kernel 3 --tcn-layers 3 --tcn-channels 80,80,80 --tcn-dropout 0.11 --tcn-dilation-base 2 --classifier-hidden 128 --classifier-dropout 0.35 --attn-heads 4 --attn-dropout 0.1 --attn-ff-dim 128 --checkpoint-metric val_macro_f1 --weighted-sampler"
58,B,success,/home/huang_kai/wind_turbine_phm/PHOENIX-main/autoencoder_benchmark/ablation_experiments/h1/results/ablation1_sweep_strict_valf1_20260522/trials/trial_0058_B/ablation1_student_only_tcn_attn_weld_seam_windows_ws5_tf75_pg0_h1_ep80_lr0.00036_bs96_seed101,14.11,False,7,1.0,1.0,0.8034,0.750705,101,0.00036,0.0005,0.12,0.5,96,4,"64,64,64",0.08,0.05,False,80,val_macro_f1,"/usr/bin/python /home/huang_kai/wind_turbine_phm/PHOENIX-main/autoencoder_benchmark/ablation_experiments/scripts/train_ablation1_student_only.py --dataset-npz /home/huang_kai/wind_turbine_phm/PHOENIX-main/autoencoder_benchmark/Data/processed_data/weld_seam_windows_ws5_tf75_pg0_h1.npz --output-dir /home/huang_kai/wind_turbine_phm/PHOENIX-main/autoencoder_benchmark/ablation_experiments/h1/results/ablation1_sweep_strict_valf1_20260522/trials/trial_0058_B --drop-feature-indices 3,4,5,6,7 --epochs 80 --batch-size 96 --lr 0.00036 --weight-decay 0.0005 --label-smoothing 0.05 --seed 101 --num-workers 0 --tcn-kernel 3 --tcn-layers 4 --tcn-channels 64,64,64 --tcn-dropout 0.12 --tcn-dilation-base 2 --classifier-hidden 128 --classifier-dropout 0.5 --attn-heads 4 --attn-dropout 0.08 --attn-ff-dim 128 --checkpoint-metric val_macro_f1"
59,B,success,/home/huang_kai/wind_turbine_phm/PHOENIX-main/autoencoder_benchmark/ablation_experiments/h1/results/ablation1_sweep_strict_valf1_20260522/trials/trial_0059_B/ablation1_student_only_tcn_attn_weld_seam_windows_ws5_tf75_pg0_h1_ep80_lr0.00036_bs128_seed111,10.56,False,9,1.0,1.0,0.7472,0.657857,111,0.00036,0.0007,0.12,0.4,128,3,"96,96,96",0.03,0.0,False,80,val_macro_f1,"/usr/bin/python /home/huang_kai/wind_turbine_phm/PHOENIX-main/autoencoder_benchmark/ablation_experiments/scripts/train_ablation1_student_only.py --dataset-npz /home/huang_kai/wind_turbine_phm/PHOENIX-main/autoencoder_benchmark/Data/processed_data/weld_seam_windows_ws5_tf75_pg0_h1.npz --output-dir /home/huang_kai/wind_turbine_phm/PHOENIX-main/autoencoder_benchmark/ablation_experiments/h1/results/ablation1_sweep_strict_valf1_20260522/trials/trial_0059_B --drop-feature-indices 3,4,5,6,7 --epochs 80 --batch-size 128 --lr 0.00036 --weight-decay 0.0007 --label-smoothing 0.0 --seed 111 --num-workers 0 --tcn-kernel 3 --tcn-layers 3 --tcn-channels 96,96,96 --tcn-dropout 0.12 --tcn-dilation-base 2 --classifier-hidden 128 --classifier-dropout 0.4 --attn-heads 4 --attn-dropout 0.03 --attn-ff-dim 128 --checkpoint-metric val_macro_f1"
60,B,success,/home/huang_kai/wind_turbine_phm/PHOENIX-main/autoencoder_benchmark/ablation_experiments/h1/results/ablation1_sweep_strict_valf1_20260522/trials/trial_0060_B/ablation1_student_only_tcn_attn_weld_seam_windows_ws5_tf75_pg0_h1_ep80_lr0.00024_bs64_seed129,11.23,False,8,1.0,1.0,0.7978000000000001,0.740756,129,0.00024,0.0002,0.2,0.35,64,2,"96,96,96",0.13,0.05,True,80,val_macro_f1,"/usr/bin/python /home/huang_kai/wind_turbine_phm/PHOENIX-main/autoencoder_benchmark/ablation_experiments/scripts/train_ablation1_student_only.py --dataset-npz /home/huang_kai/wind_turbine_phm/PHOENIX-main/autoencoder_benchmark/Data/processed_data/weld_seam_windows_ws5_tf75_pg0_h1.npz --output-dir /home/huang_kai/wind_turbine_phm/PHOENIX-main/autoencoder_benchmark/ablation_experiments/h1/results/ablation1_sweep_strict_valf1_20260522/trials/trial_0060_B --drop-feature-indices 3,4,5,6,7 --epochs 80 --batch-size 64 --lr 0.00024 --weight-decay 0.0002 --label-smoothing 0.05 --seed 129 --num-workers 0 --tcn-kernel 3 --tcn-layers 2 --tcn-channels 96,96,96 --tcn-dropout 0.2 --tcn-dilation-base 2 --classifier-hidden 128 --classifier-dropout 0.35 --attn-heads 4 --attn-dropout 0.13 --attn-ff-dim 128 --checkpoint-metric val_macro_f1 --weighted-sampler"
