method,seed,run_path,config_id,input_dim,train_scheme,provenance,accuracy,macro_f1,balanced_accuracy,s1_recall,teacher_agreement,trial_id,stage
Teacher-18D,7,/home/huang_kai/wind_turbine_phm/PHOENIX-main/autoencoder_benchmark/outputs/teacher_h1_scan98_gpu1_v2/runs/single_tcn_attn_weld_seam_windows_ws5_tf75_pg0_h1_ep60_lr0.0003_bs128_k3_l3_d0.08_lat64_wd0.00015_seed7,"{""batch_size"": 128, ""checkpoint_metric"": ""test_acc"", ""class_weights"": ""auto"", ""early_stop_patience"": 8, ""epochs"": 60, ""label_smoothing"": 0.0, ""latent_dim"": 64, ""lr"": 0.0003, ""min_epochs"": 6, ""model"": ""tcn_attn"", ""tcn_dilation_base"": 2, ""tcn_dropout"": 0.08, ""tcn_kernel"": 3, ""tcn_layers"": 3, ""val_ratio"": 0.15, ""weight_decay"": 0.00015, ""weighted_sampler"": true}",18,teacher_only,fixed_config_seed_sweep,0.9831,0.980508,0.9849,0.988,,,
Teacher-18D,14,/home/huang_kai/wind_turbine_phm/PHOENIX-main/autoencoder_benchmark/outputs/teacher_h1_scan98_gpu1_v2/runs/single_tcn_attn_weld_seam_windows_ws5_tf75_pg0_h1_ep60_lr0.0003_bs128_k3_l3_d0.08_lat64_wd0.00015_seed14,"{""batch_size"": 128, ""checkpoint_metric"": ""test_acc"", ""class_weights"": ""auto"", ""early_stop_patience"": 8, ""epochs"": 60, ""label_smoothing"": 0.0, ""latent_dim"": 64, ""lr"": 0.0003, ""min_epochs"": 6, ""model"": ""tcn_attn"", ""tcn_dilation_base"": 2, ""tcn_dropout"": 0.08, ""tcn_kernel"": 3, ""tcn_layers"": 3, ""val_ratio"": 0.15, ""weight_decay"": 0.00015, ""weighted_sampler"": true}",18,teacher_only,fixed_config_seed_sweep,0.9831,0.979252,0.9820333333333333,1.0,,,
Teacher-18D,21,/home/huang_kai/wind_turbine_phm/PHOENIX-main/autoencoder_benchmark/outputs/teacher_h1_scan98_gpu1_v2/runs/single_tcn_attn_weld_seam_windows_ws5_tf75_pg0_h1_ep60_lr0.0003_bs128_k3_l3_d0.08_lat64_wd0.00015_seed21,"{""batch_size"": 128, ""checkpoint_metric"": ""test_acc"", ""class_weights"": ""auto"", ""early_stop_patience"": 8, ""epochs"": 60, ""label_smoothing"": 0.0, ""latent_dim"": 64, ""lr"": 0.0003, ""min_epochs"": 6, ""model"": ""tcn_attn"", ""tcn_dilation_base"": 2, ""tcn_dropout"": 0.08, ""tcn_kernel"": 3, ""tcn_layers"": 3, ""val_ratio"": 0.15, ""weight_decay"": 0.00015, ""weighted_sampler"": true}",18,teacher_only,fixed_config_seed_sweep,0.9045000000000001,0.892496,0.8865,0.8313,,,
Teacher-18D,42,/home/huang_kai/wind_turbine_phm/PHOENIX-main/autoencoder_benchmark/outputs/teacher_h1_scan98_gpu1_v2/runs/single_tcn_attn_weld_seam_windows_ws5_tf75_pg0_h1_ep60_lr0.0003_bs128_k3_l3_d0.08_lat64_wd0.00015_seed42,"{""batch_size"": 128, ""checkpoint_metric"": ""test_acc"", ""class_weights"": ""auto"", ""early_stop_patience"": 8, ""epochs"": 60, ""label_smoothing"": 0.0, ""latent_dim"": 64, ""lr"": 0.0003, ""min_epochs"": 6, ""model"": ""tcn_attn"", ""tcn_dilation_base"": 2, ""tcn_dropout"": 0.08, ""tcn_kernel"": 3, ""tcn_layers"": 3, ""val_ratio"": 0.15, ""weight_decay"": 0.00015, ""weighted_sampler"": true}",18,teacher_only,fixed_config_seed_sweep,0.9803000000000001,0.97234,0.9729333333333333,0.988,,,
Teacher-18D,77,/home/huang_kai/wind_turbine_phm/PHOENIX-main/autoencoder_benchmark/outputs/teacher_h1_scan98_gpu1_v2/runs/single_tcn_attn_weld_seam_windows_ws5_tf75_pg0_h1_ep60_lr0.0003_bs128_k3_l3_d0.08_lat64_wd0.00015_seed77,"{""batch_size"": 128, ""checkpoint_metric"": ""test_acc"", ""class_weights"": ""auto"", ""early_stop_patience"": 8, ""epochs"": 60, ""label_smoothing"": 0.0, ""latent_dim"": 64, ""lr"": 0.0003, ""min_epochs"": 6, ""model"": ""tcn_attn"", ""tcn_dilation_base"": 2, ""tcn_dropout"": 0.08, ""tcn_kernel"": 3, ""tcn_layers"": 3, ""val_ratio"": 0.15, ""weight_decay"": 0.00015, ""weighted_sampler"": true}",18,teacher_only,fixed_config_seed_sweep,0.9017000000000001,0.850233,0.8532666666666667,0.988,,,
Teacher-18D,183,/home/huang_kai/wind_turbine_phm/PHOENIX-main/autoencoder_benchmark/outputs/teacher_h1_scan98_gpu1_v2/runs/single_tcn_attn_weld_seam_windows_ws5_tf75_pg0_h1_ep60_lr0.0003_bs128_k3_l3_d0.08_lat64_wd0.00015_seed183,"{""batch_size"": 128, ""checkpoint_metric"": ""test_acc"", ""class_weights"": ""auto"", ""early_stop_patience"": 8, ""epochs"": 60, ""label_smoothing"": 0.0, ""latent_dim"": 64, ""lr"": 0.0003, ""min_epochs"": 6, ""model"": ""tcn_attn"", ""tcn_dilation_base"": 2, ""tcn_dropout"": 0.08, ""tcn_kernel"": 3, ""tcn_layers"": 3, ""val_ratio"": 0.15, ""weight_decay"": 0.00015, ""weighted_sampler"": true}",18,teacher_only,fixed_config_seed_sweep,0.927,0.904962,0.8940333333333332,0.8795,,,
Teacher-18D,230,/home/huang_kai/wind_turbine_phm/PHOENIX-main/autoencoder_benchmark/outputs/teacher_h1_scan98_gpu1_v2/runs/single_tcn_attn_weld_seam_windows_ws5_tf75_pg0_h1_ep60_lr0.0003_bs128_k3_l3_d0.08_lat64_wd0.00015_seed230,"{""batch_size"": 128, ""checkpoint_metric"": ""test_acc"", ""class_weights"": ""auto"", ""early_stop_patience"": 8, ""epochs"": 60, ""label_smoothing"": 0.0, ""latent_dim"": 64, ""lr"": 0.0003, ""min_epochs"": 6, ""model"": ""tcn_attn"", ""tcn_dilation_base"": 2, ""tcn_dropout"": 0.08, ""tcn_kernel"": 3, ""tcn_layers"": 3, ""val_ratio"": 0.15, ""weight_decay"": 0.00015, ""weighted_sampler"": true}",18,teacher_only,fixed_config_seed_sweep,0.927,0.908243,0.9035333333333333,0.9157,,,
Teacher-18D,314,/home/huang_kai/wind_turbine_phm/PHOENIX-main/autoencoder_benchmark/outputs/teacher_h1_scan98_gpu1_v2/runs/single_tcn_attn_weld_seam_windows_ws5_tf75_pg0_h1_ep60_lr0.0003_bs128_k3_l3_d0.08_lat64_wd0.00015_seed314,"{""batch_size"": 128, ""checkpoint_metric"": ""test_acc"", ""class_weights"": ""auto"", ""early_stop_patience"": 8, ""epochs"": 60, ""label_smoothing"": 0.0, ""latent_dim"": 64, ""lr"": 0.0003, ""min_epochs"": 6, ""model"": ""tcn_attn"", ""tcn_dilation_base"": 2, ""tcn_dropout"": 0.08, ""tcn_kernel"": 3, ""tcn_layers"": 3, ""val_ratio"": 0.15, ""weight_decay"": 0.00015, ""weighted_sampler"": true}",18,teacher_only,fixed_config_seed_sweep,0.9662999999999999,0.957067,0.9569333333333333,0.9759,,,
Teacher-18D,512,/home/huang_kai/wind_turbine_phm/PHOENIX-main/autoencoder_benchmark/outputs/teacher_h1_scan98_gpu1_v2/runs/single_tcn_attn_weld_seam_windows_ws5_tf75_pg0_h1_ep60_lr0.0003_bs128_k3_l3_d0.08_lat64_wd0.00015_seed512,"{""batch_size"": 128, ""checkpoint_metric"": ""test_acc"", ""class_weights"": ""auto"", ""early_stop_patience"": 8, ""epochs"": 60, ""label_smoothing"": 0.0, ""latent_dim"": 64, ""lr"": 0.0003, ""min_epochs"": 6, ""model"": ""tcn_attn"", ""tcn_dilation_base"": 2, ""tcn_dropout"": 0.08, ""tcn_kernel"": 3, ""tcn_layers"": 3, ""val_ratio"": 0.15, ""weight_decay"": 0.00015, ""weighted_sampler"": true}",18,teacher_only,fixed_config_seed_sweep,0.9326000000000001,0.902125,0.8982333333333333,0.9639,,,
Teacher-18D,777,/home/huang_kai/wind_turbine_phm/PHOENIX-main/autoencoder_benchmark/outputs/teacher_h1_scan98_gpu1_v2/runs/single_tcn_attn_weld_seam_windows_ws5_tf75_pg0_h1_ep60_lr0.0003_bs128_k3_l3_d0.08_lat64_wd0.00015_seed777,"{""batch_size"": 128, ""checkpoint_metric"": ""test_acc"", ""class_weights"": ""auto"", ""early_stop_patience"": 8, ""epochs"": 60, ""label_smoothing"": 0.0, ""latent_dim"": 64, ""lr"": 0.0003, ""min_epochs"": 6, ""model"": ""tcn_attn"", ""tcn_dilation_base"": 2, ""tcn_dropout"": 0.08, ""tcn_kernel"": 3, ""tcn_layers"": 3, ""val_ratio"": 0.15, ""weight_decay"": 0.00015, ""weighted_sampler"": true}",18,teacher_only,fixed_config_seed_sweep,0.9242,0.895846,0.8977333333333334,0.988,,,
SEAL-Weld Student-13D,7,ablation_experiments/h1/results/comparison_18d_baselines/teacher_student_reference/student_h1_sweep/student_h1_scan96_20260326/stage4/stage4_s3_s2_s1_l3_o2_c2_r5/distill_tcn_attn_weld_seam_windows_ws5_tf75_pg0_h1_ep80_lr0.0002_bs128_T3.5_lce0.7_lkd1.5_lf0.3_seed7,distill_tcn_attn_weld_seam_windows_ws5_tf75_pg0_h1_ep80_lr0.0002_bs128_T3.5_lce0.7_lkd1.5_lf0.3_seed*,13,frozen_teacher_distill,fixed_config_seed_group,0.9101,0.896672,0.9070999999999999,0.988,0.9213,,
SEAL-Weld Student-13D,14,ablation_experiments/h1/results/comparison_18d_baselines/teacher_student_reference/student_h1_sweep/student_h1_scan96_20260326/stage3/s3_s2_s1_l3_o2_c2_r5/distill_tcn_attn_weld_seam_windows_ws5_tf75_pg0_h1_ep80_lr0.0002_bs128_T3.5_lce0.7_lkd1.5_lf0.3_seed14,distill_tcn_attn_weld_seam_windows_ws5_tf75_pg0_h1_ep80_lr0.0002_bs128_T3.5_lce0.7_lkd1.5_lf0.3_seed*,13,frozen_teacher_distill,fixed_config_seed_group,0.9803000000000001,0.973757,0.9752000000000001,1.0,0.9635,,
SEAL-Weld Student-13D,21,ablation_experiments/h1/results/comparison_18d_baselines/teacher_student_reference/student_h1_sweep/student_h1_scan96_20260326/stage4/stage4_s3_s2_s1_l3_o2_c2_r5/distill_tcn_attn_weld_seam_windows_ws5_tf75_pg0_h1_ep80_lr0.0002_bs128_T3.5_lce0.7_lkd1.5_lf0.3_seed21,distill_tcn_attn_weld_seam_windows_ws5_tf75_pg0_h1_ep80_lr0.0002_bs128_T3.5_lce0.7_lkd1.5_lf0.3_seed*,13,frozen_teacher_distill,fixed_config_seed_group,0.7978000000000001,0.816386,0.8567,0.988,0.7978000000000001,,
SEAL-Weld Student-13D,77,ablation_experiments/h1/results/comparison_18d_baselines/teacher_student_reference/student_h1_sweep/student_h1_scan96_20260326/stage4/stage4_s3_s2_s1_l3_o2_c2_r5/distill_tcn_attn_weld_seam_windows_ws5_tf75_pg0_h1_ep80_lr0.0002_bs128_T3.5_lce0.7_lkd1.5_lf0.3_seed77,distill_tcn_attn_weld_seam_windows_ws5_tf75_pg0_h1_ep80_lr0.0002_bs128_T3.5_lce0.7_lkd1.5_lf0.3_seed*,13,frozen_teacher_distill,fixed_config_seed_group,0.9045000000000001,0.889827,0.8987999999999999,0.9759,0.9157,,
SEAL-Weld Student-13D,122,ablation_experiments/h1/results/comparison_18d_baselines/teacher_student_reference/student_h1_sweep/student_h1_scan96_20260326/stage4/stage4_s3_s2_s1_l3_o2_c2_r5/distill_tcn_attn_weld_seam_windows_ws5_tf75_pg0_h1_ep80_lr0.0002_bs128_T3.5_lce0.7_lkd1.5_lf0.3_seed122,distill_tcn_attn_weld_seam_windows_ws5_tf75_pg0_h1_ep80_lr0.0002_bs128_T3.5_lce0.7_lkd1.5_lf0.3_seed*,13,frozen_teacher_distill,fixed_config_seed_group,0.9354,0.9216,0.9276333333333334,0.988,0.9354,,
SEAL-Weld Student-13D,132,ablation_experiments/h1/results/comparison_18d_baselines/teacher_student_reference/student_h1_sweep/student_h1_scan96_20260326/extension/extension_s3_s2_s1_l3_o2_c2_r5/distill_tcn_attn_weld_seam_windows_ws5_tf75_pg0_h1_ep80_lr0.0002_bs128_T3.5_lce0.7_lkd1.5_lf0.3_seed132,distill_tcn_attn_weld_seam_windows_ws5_tf75_pg0_h1_ep80_lr0.0002_bs128_T3.5_lce0.7_lkd1.5_lf0.3_seed*,13,frozen_teacher_distill,fixed_config_seed_group,0.9747,0.969756,0.9743666666666667,1.0,0.9635,,
SEAL-Weld Student-13D,183,ablation_experiments/h1/results/comparison_18d_baselines/teacher_student_reference/student_h1_sweep/student_h1_scan96_20260326/stage4/stage4_s3_s2_s1_l3_o2_c2_r5/distill_tcn_attn_weld_seam_windows_ws5_tf75_pg0_h1_ep80_lr0.0002_bs128_T3.5_lce0.7_lkd1.5_lf0.3_seed183,distill_tcn_attn_weld_seam_windows_ws5_tf75_pg0_h1_ep80_lr0.0002_bs128_T3.5_lce0.7_lkd1.5_lf0.3_seed*,13,frozen_teacher_distill,fixed_config_seed_group,0.9298000000000001,0.917694,0.9177666666666667,0.9277,0.9298,,
SEAL-Weld Student-13D,230,ablation_experiments/h1/results/comparison_18d_baselines/teacher_student_reference/student_h1_sweep/student_h1_scan96_20260326/extension/extension_s3_s2_s1_l3_o2_c2_r5/distill_tcn_attn_weld_seam_windows_ws5_tf75_pg0_h1_ep80_lr0.0002_bs128_T3.5_lce0.7_lkd1.5_lf0.3_seed230,distill_tcn_attn_weld_seam_windows_ws5_tf75_pg0_h1_ep80_lr0.0002_bs128_T3.5_lce0.7_lkd1.5_lf0.3_seed*,13,frozen_teacher_distill,fixed_config_seed_group,0.941,0.917958,0.9182333333333333,0.988,0.941,,
SEAL-Weld Student-13D,314,ablation_experiments/h1/results/comparison_18d_baselines/teacher_student_reference/student_h1_sweep/student_h1_scan96_20260326/extension/extension_s3_s2_s1_l3_o2_c2_r5/distill_tcn_attn_weld_seam_windows_ws5_tf75_pg0_h1_ep80_lr0.0002_bs128_T3.5_lce0.7_lkd1.5_lf0.3_seed314,distill_tcn_attn_weld_seam_windows_ws5_tf75_pg0_h1_ep80_lr0.0002_bs128_T3.5_lce0.7_lkd1.5_lf0.3_seed*,13,frozen_teacher_distill,fixed_config_seed_group,0.941,0.927791,0.9246333333333334,0.9277,0.941,,
SEAL-Weld Student-13D,512,ablation_experiments/h1/results/comparison_18d_baselines/teacher_student_reference/student_h1_sweep/student_h1_scan96_20260326/extension/extension_s3_s2_s1_l3_o2_c2_r5/distill_tcn_attn_weld_seam_windows_ws5_tf75_pg0_h1_ep80_lr0.0002_bs128_T3.5_lce0.7_lkd1.5_lf0.3_seed512,distill_tcn_attn_weld_seam_windows_ws5_tf75_pg0_h1_ep80_lr0.0002_bs128_T3.5_lce0.7_lkd1.5_lf0.3_seed*,13,frozen_teacher_distill,fixed_config_seed_group,0.868,0.838062,0.8481333333333333,0.988,0.8511,,
SEAL-Weld Student-13D,777,ablation_experiments/h1/results/comparison_18d_baselines/teacher_student_reference/student_h1_sweep/student_h1_scan96_20260326/extension/extension_s3_s2_s1_l3_o2_c2_r5/distill_tcn_attn_weld_seam_windows_ws5_tf75_pg0_h1_ep80_lr0.0002_bs128_T3.5_lce0.7_lkd1.5_lf0.3_seed777,distill_tcn_attn_weld_seam_windows_ws5_tf75_pg0_h1_ep80_lr0.0002_bs128_T3.5_lce0.7_lkd1.5_lf0.3_seed*,13,frozen_teacher_distill,fixed_config_seed_group,0.7781,0.799104,0.8313999999999999,0.8916,0.7781,,
SEAL-Weld Student-13D,1001,ablation_experiments/h1/results/comparison_18d_baselines/teacher_student_reference/student_h1_sweep/student_h1_scan96_20260326/extension/extension_s3_s2_s1_l3_o2_c2_r5/distill_tcn_attn_weld_seam_windows_ws5_tf75_pg0_h1_ep80_lr0.0002_bs128_T3.5_lce0.7_lkd1.5_lf0.3_seed1001,distill_tcn_attn_weld_seam_windows_ws5_tf75_pg0_h1_ep80_lr0.0002_bs128_T3.5_lce0.7_lkd1.5_lf0.3_seed*,13,frozen_teacher_distill,fixed_config_seed_group,0.9634999999999999,0.945488,0.9444333333333333,1.0,0.9579,,
Student-only-13D,101,ablation_experiments/h1/results/run_20260327_131013/ablation1_sweep/trials/trial_0029_A/ablation1_student_only_tcn_attn_weld_seam_windows_ws5_tf75_pg0_h1_ep80_lr0.00025_bs64_seed101,ablation1_student_only_tcn_attn_weld_seam_windows_ws5_tf75_pg0_h1_ep80_lr0.00025_bs64_seed*,13,student_only,sweep_best_per_seed_not_fixed_config,0.868,0.840049,0.8168666666666667,0.5301,,29.0,A
Student-only-13D,102,ablation_experiments/h1/results/run_20260327_131013/ablation1_sweep/trials/trial_0049_B/ablation1_student_only_tcn_attn_weld_seam_windows_ws5_tf75_pg0_h1_ep80_lr0.00024_bs128_seed102,ablation1_student_only_tcn_attn_weld_seam_windows_ws5_tf75_pg0_h1_ep80_lr0.00024_bs128_seed*,13,student_only,sweep_best_per_seed_not_fixed_config,0.9579000000000001,0.944956,0.9374333333333333,0.9277,,49.0,B
Student-only-13D,105,ablation_experiments/h1/results/run_20260327_131013/ablation1_sweep/trials/trial_0005_A/ablation1_student_only_tcn_attn_weld_seam_windows_ws5_tf75_pg0_h1_ep80_lr0.00025_bs64_seed105,ablation1_student_only_tcn_attn_weld_seam_windows_ws5_tf75_pg0_h1_ep80_lr0.00025_bs64_seed*,13,student_only,sweep_best_per_seed_not_fixed_config,0.9213,0.891846,0.8824,0.9036,,5.0,A
Student-only-13D,106,ablation_experiments/h1/results/run_20260327_131013/ablation1_sweep/trials/trial_0011_A/ablation1_student_only_tcn_attn_weld_seam_windows_ws5_tf75_pg0_h1_ep80_lr0.0001_bs64_seed106,ablation1_student_only_tcn_attn_weld_seam_windows_ws5_tf75_pg0_h1_ep80_lr0.0001_bs64_seed*,13,student_only,sweep_best_per_seed_not_fixed_config,0.8876000000000001,0.867423,0.8606333333333334,0.8434,,11.0,A
Student-only-13D,107,ablation_experiments/h1/results/run_20260327_131013/ablation1_sweep/trials/trial_0009_A/ablation1_student_only_tcn_attn_weld_seam_windows_ws5_tf75_pg0_h1_ep80_lr0.0003_bs96_seed107,ablation1_student_only_tcn_attn_weld_seam_windows_ws5_tf75_pg0_h1_ep80_lr0.0003_bs96_seed*,13,student_only,sweep_best_per_seed_not_fixed_config,0.8708,0.830423,0.8372666666666667,0.9759,,9.0,A
Student-only-13D,108,ablation_experiments/h1/results/run_20260327_131013/ablation1_sweep/trials/trial_0006_A/ablation1_student_only_tcn_attn_weld_seam_windows_ws5_tf75_pg0_h1_ep80_lr0.00015_bs128_seed108,ablation1_student_only_tcn_attn_weld_seam_windows_ws5_tf75_pg0_h1_ep80_lr0.00015_bs128_seed*,13,student_only,sweep_best_per_seed_not_fixed_config,0.8371,0.792489,0.7696333333333333,0.6627,,6.0,A
Student-only-13D,109,ablation_experiments/h1/results/run_20260327_131013/ablation1_sweep/trials/trial_0015_A/ablation1_student_only_tcn_attn_weld_seam_windows_ws5_tf75_pg0_h1_ep80_lr0.00015_bs64_seed109,ablation1_student_only_tcn_attn_weld_seam_windows_ws5_tf75_pg0_h1_ep80_lr0.00015_bs64_seed*,13,student_only,sweep_best_per_seed_not_fixed_config,0.8427,0.79789,0.7696999999999999,0.5783,,15.0,A
Student-only-13D,110,ablation_experiments/h1/results/run_20260327_131013/ablation1_sweep/trials/trial_0038_A/ablation1_student_only_tcn_attn_weld_seam_windows_ws5_tf75_pg0_h1_ep80_lr0.0002_bs128_seed110,ablation1_student_only_tcn_attn_weld_seam_windows_ws5_tf75_pg0_h1_ep80_lr0.0002_bs128_seed*,13,student_only,sweep_best_per_seed_not_fixed_config,0.8006,0.743684,0.7151,0.494,,38.0,A
Student-only-13D,111,ablation_experiments/h1/results/run_20260327_131013/ablation1_sweep/trials/trial_0051_B/ablation1_student_only_tcn_attn_weld_seam_windows_ws5_tf75_pg0_h1_ep80_lr0.00024_bs64_seed111,ablation1_student_only_tcn_attn_weld_seam_windows_ws5_tf75_pg0_h1_ep80_lr0.00024_bs64_seed*,13,student_only,sweep_best_per_seed_not_fixed_config,0.9551000000000001,0.935797,0.9344666666666667,0.988,,51.0,B
Student-only-13D,112,ablation_experiments/h1/results/run_20260327_131013/ablation1_sweep/trials/trial_0054_B/ablation1_student_only_tcn_attn_weld_seam_windows_ws5_tf75_pg0_h1_ep80_lr8e-05_bs64_seed112,ablation1_student_only_tcn_attn_weld_seam_windows_ws5_tf75_pg0_h1_ep80_lr8e-05_bs64_seed*,13,student_only,sweep_best_per_seed_not_fixed_config,0.9017000000000001,0.873771,0.8614666666666667,0.8434,,54.0,B
Student-only-13D,113,ablation_experiments/h1/results/run_20260327_131013/ablation1_sweep/trials/trial_0007_A/ablation1_student_only_tcn_attn_weld_seam_windows_ws5_tf75_pg0_h1_ep80_lr0.0001_bs96_seed113,ablation1_student_only_tcn_attn_weld_seam_windows_ws5_tf75_pg0_h1_ep80_lr0.0001_bs96_seed*,13,student_only,sweep_best_per_seed_not_fixed_config,0.9803000000000001,0.973757,0.9752000000000001,1.0,,7.0,A
Student-only-13D,114,ablation_experiments/h1/results/run_20260327_131013/ablation1_sweep/trials/trial_0024_A/ablation1_student_only_tcn_attn_weld_seam_windows_ws5_tf75_pg0_h1_ep80_lr0.00025_bs96_seed114,ablation1_student_only_tcn_attn_weld_seam_windows_ws5_tf75_pg0_h1_ep80_lr0.00025_bs96_seed*,13,student_only,sweep_best_per_seed_not_fixed_config,0.9101,0.889018,0.8727333333333332,0.7952,,24.0,A
Student-only-13D,116,ablation_experiments/h1/results/run_20260327_131013/ablation1_sweep/trials/trial_0030_A/ablation1_student_only_tcn_attn_weld_seam_windows_ws5_tf75_pg0_h1_ep80_lr0.0002_bs128_seed116,ablation1_student_only_tcn_attn_weld_seam_windows_ws5_tf75_pg0_h1_ep80_lr0.0002_bs128_seed*,13,student_only,sweep_best_per_seed_not_fixed_config,0.8933,0.87117,0.8461,0.6024,,30.0,A
Student-only-13D,117,ablation_experiments/h1/results/run_20260327_131013/ablation1_sweep/trials/trial_0018_A/ablation1_student_only_tcn_attn_weld_seam_windows_ws5_tf75_pg0_h1_ep80_lr0.00015_bs64_seed117,ablation1_student_only_tcn_attn_weld_seam_windows_ws5_tf75_pg0_h1_ep80_lr0.00015_bs64_seed*,13,student_only,sweep_best_per_seed_not_fixed_config,0.8118000000000001,0.778226,0.7654666666666667,0.7349,,18.0,A
Student-only-13D,119,ablation_experiments/h1/results/run_20260327_131013/ablation1_sweep/trials/trial_0028_A/ablation1_student_only_tcn_attn_weld_seam_windows_ws5_tf75_pg0_h1_ep80_lr0.00025_bs64_seed119,ablation1_student_only_tcn_attn_weld_seam_windows_ws5_tf75_pg0_h1_ep80_lr0.00025_bs64_seed*,13,student_only,sweep_best_per_seed_not_fixed_config,0.9354,0.914906,0.9107,0.9398,,28.0,A
Student-only-13D,120,ablation_experiments/h1/results/run_20260327_131013/ablation1_sweep/trials/trial_0016_A/ablation1_student_only_tcn_attn_weld_seam_windows_ws5_tf75_pg0_h1_ep80_lr0.0004_bs128_seed120,ablation1_student_only_tcn_attn_weld_seam_windows_ws5_tf75_pg0_h1_ep80_lr0.0004_bs128_seed*,13,student_only,sweep_best_per_seed_not_fixed_config,0.8427,0.785167,0.7794,0.8434,,16.0,A
Student-only-13D,121,ablation_experiments/h1/results/run_20260327_131013/ablation1_sweep/trials/trial_0026_A/ablation1_student_only_tcn_attn_weld_seam_windows_ws5_tf75_pg0_h1_ep80_lr0.0004_bs64_seed121,ablation1_student_only_tcn_attn_weld_seam_windows_ws5_tf75_pg0_h1_ep80_lr0.0004_bs64_seed*,13,student_only,sweep_best_per_seed_not_fixed_config,0.9017000000000001,0.879826,0.8568666666666666,0.6988,,26.0,A
Student-only-13D,122,ablation_experiments/h1/results/run_20260327_131013/ablation1_sweep/trials/trial_0044_B/ablation1_student_only_tcn_attn_weld_seam_windows_ws5_tf75_pg0_h1_ep80_lr8e-05_bs128_seed122,ablation1_student_only_tcn_attn_weld_seam_windows_ws5_tf75_pg0_h1_ep80_lr8e-05_bs128_seed*,13,student_only,sweep_best_per_seed_not_fixed_config,0.9354,0.915732,0.9086333333333334,0.9157,,44.0,B
Student-only-13D,123,ablation_experiments/h1/results/run_20260327_131013/ablation1_sweep/trials/trial_0048_B/ablation1_student_only_tcn_attn_weld_seam_windows_ws5_tf75_pg0_h1_ep80_lr0.0003_bs96_seed123,ablation1_student_only_tcn_attn_weld_seam_windows_ws5_tf75_pg0_h1_ep80_lr0.0003_bs96_seed*,13,student_only,sweep_best_per_seed_not_fixed_config,0.8904000000000001,0.86428,0.8461666666666666,0.759,,48.0,B
Student-only-13D,125,ablation_experiments/h1/results/run_20260327_131013/ablation1_sweep/trials/trial_0032_A/ablation1_student_only_tcn_attn_weld_seam_windows_ws5_tf75_pg0_h1_ep80_lr0.00015_bs96_seed125,ablation1_student_only_tcn_attn_weld_seam_windows_ws5_tf75_pg0_h1_ep80_lr0.00015_bs96_seed*,13,student_only,sweep_best_per_seed_not_fixed_config,0.9129,0.866791,0.8677999999999999,0.988,,32.0,A
Student-only-13D,127,ablation_experiments/h1/results/run_20260327_131013/ablation1_sweep/trials/trial_0021_A/ablation1_student_only_tcn_attn_weld_seam_windows_ws5_tf75_pg0_h1_ep80_lr0.00015_bs128_seed127,ablation1_student_only_tcn_attn_weld_seam_windows_ws5_tf75_pg0_h1_ep80_lr0.00015_bs128_seed*,13,student_only,sweep_best_per_seed_not_fixed_config,0.9073,0.877887,0.8713000000000001,0.9036,,21.0,A
Student-only-13D,128,ablation_experiments/h1/results/run_20260327_131013/ablation1_sweep/trials/trial_0037_A/ablation1_student_only_tcn_attn_weld_seam_windows_ws5_tf75_pg0_h1_ep80_lr0.0003_bs64_seed128,ablation1_student_only_tcn_attn_weld_seam_windows_ws5_tf75_pg0_h1_ep80_lr0.0003_bs64_seed*,13,student_only,sweep_best_per_seed_not_fixed_config,0.9129,0.899723,0.9067666666666666,0.9639,,37.0,A
Student-only-13D,130,ablation_experiments/h1/results/run_20260327_131013/ablation1_sweep/trials/trial_0050_B/ablation1_student_only_tcn_attn_weld_seam_windows_ws5_tf75_pg0_h1_ep80_lr0.0003_bs64_seed130,ablation1_student_only_tcn_attn_weld_seam_windows_ws5_tf75_pg0_h1_ep80_lr0.0003_bs64_seed*,13,student_only,sweep_best_per_seed_not_fixed_config,0.8287,0.789649,0.7714,0.6988,,50.0,B
Student-only-13D,131,ablation_experiments/h1/results/run_20260327_131013/ablation1_sweep/trials/trial_0013_A/ablation1_student_only_tcn_attn_weld_seam_windows_ws5_tf75_pg0_h1_ep80_lr0.00015_bs128_seed131,ablation1_student_only_tcn_attn_weld_seam_windows_ws5_tf75_pg0_h1_ep80_lr0.00015_bs128_seed*,13,student_only,sweep_best_per_seed_not_fixed_config,0.8736,0.843088,0.8164666666666666,0.5904,,13.0,A
Student-only-13D,133,ablation_experiments/h1/results/run_20260327_131013/ablation1_sweep/trials/trial_0008_A/ablation1_student_only_tcn_attn_weld_seam_windows_ws5_tf75_pg0_h1_ep80_lr0.0001_bs96_seed133,ablation1_student_only_tcn_attn_weld_seam_windows_ws5_tf75_pg0_h1_ep80_lr0.0001_bs96_seed*,13,student_only,sweep_best_per_seed_not_fixed_config,0.8511,0.811401,0.7833,0.5422,,8.0,A
Student-only-13D,136,ablation_experiments/h1/results/run_20260327_131013/ablation1_sweep/trials/trial_0023_A/ablation1_student_only_tcn_attn_weld_seam_windows_ws5_tf75_pg0_h1_ep80_lr0.0002_bs96_seed136,ablation1_student_only_tcn_attn_weld_seam_windows_ws5_tf75_pg0_h1_ep80_lr0.0002_bs96_seed*,13,student_only,sweep_best_per_seed_not_fixed_config,0.8876000000000001,0.867258,0.8524333333333333,0.747,,23.0,A
Student-only-13D,137,ablation_experiments/h1/results/run_20260327_131013/ablation1_sweep/trials/trial_0019_A/ablation1_student_only_tcn_attn_weld_seam_windows_ws5_tf75_pg0_h1_ep80_lr0.0001_bs64_seed137,ablation1_student_only_tcn_attn_weld_seam_windows_ws5_tf75_pg0_h1_ep80_lr0.0001_bs64_seed*,13,student_only,sweep_best_per_seed_not_fixed_config,0.8904000000000001,0.863405,0.8438666666666667,0.747,,19.0,A
Student-only-13D,139,ablation_experiments/h1/results/run_20260327_131013/ablation1_sweep/trials/trial_0055_B/ablation1_student_only_tcn_attn_weld_seam_windows_ws5_tf75_pg0_h1_ep80_lr0.0002_bs128_seed139,ablation1_student_only_tcn_attn_weld_seam_windows_ws5_tf75_pg0_h1_ep80_lr0.0002_bs128_seed*,13,student_only,sweep_best_per_seed_not_fixed_config,0.9381999999999999,0.934698,0.9429,0.9518,,55.0,B
Student-only-13D,141,ablation_experiments/h1/results/run_20260327_131013/ablation1_sweep/trials/trial_0045_B/ablation1_student_only_tcn_attn_weld_seam_windows_ws5_tf75_pg0_h1_ep80_lr0.00024_bs128_seed141,ablation1_student_only_tcn_attn_weld_seam_windows_ws5_tf75_pg0_h1_ep80_lr0.00024_bs128_seed*,13,student_only,sweep_best_per_seed_not_fixed_config,0.9381999999999999,0.918257,0.9103666666666667,0.9157,,45.0,B
Student-only-13D,142,ablation_experiments/h1/results/run_20260327_131013/ablation1_sweep/trials/trial_0033_A/ablation1_student_only_tcn_attn_weld_seam_windows_ws5_tf75_pg0_h1_ep80_lr0.0003_bs128_seed142,ablation1_student_only_tcn_attn_weld_seam_windows_ws5_tf75_pg0_h1_ep80_lr0.0003_bs128_seed*,13,student_only,sweep_best_per_seed_not_fixed_config,0.927,0.910804,0.9043,0.8795,,33.0,A
Student-only-13D,143,ablation_experiments/h1/results/run_20260327_131013/ablation1_sweep/trials/trial_0036_A/ablation1_student_only_tcn_attn_weld_seam_windows_ws5_tf75_pg0_h1_ep80_lr0.0003_bs128_seed143,ablation1_student_only_tcn_attn_weld_seam_windows_ws5_tf75_pg0_h1_ep80_lr0.0003_bs128_seed*,13,student_only,sweep_best_per_seed_not_fixed_config,0.882,0.842004,0.8249,0.7952,,36.0,A
Student-only-13D,144,ablation_experiments/h1/results/run_20260327_131013/ablation1_sweep/trials/trial_0031_A/ablation1_student_only_tcn_attn_weld_seam_windows_ws5_tf75_pg0_h1_ep80_lr0.0001_bs64_seed144,ablation1_student_only_tcn_attn_weld_seam_windows_ws5_tf75_pg0_h1_ep80_lr0.0001_bs64_seed*,13,student_only,sweep_best_per_seed_not_fixed_config,0.9466,0.936082,0.9221666666666667,0.8434,,31.0,A
Student-only-13D,145,ablation_experiments/h1/results/run_20260327_131013/ablation1_sweep/trials/trial_0041_B/ablation1_student_only_tcn_attn_weld_seam_windows_ws5_tf75_pg0_h1_ep80_lr0.00025_bs96_seed145,ablation1_student_only_tcn_attn_weld_seam_windows_ws5_tf75_pg0_h1_ep80_lr0.00025_bs96_seed*,13,student_only,sweep_best_per_seed_not_fixed_config,0.8848,0.850218,0.8363333333333333,0.8193,,41.0,B
Student-only-13D,146,ablation_experiments/h1/results/run_20260327_131013/ablation1_sweep/trials/trial_0053_B/ablation1_student_only_tcn_attn_weld_seam_windows_ws5_tf75_pg0_h1_ep80_lr0.00015_bs64_seed146,ablation1_student_only_tcn_attn_weld_seam_windows_ws5_tf75_pg0_h1_ep80_lr0.00015_bs64_seed*,13,student_only,sweep_best_per_seed_not_fixed_config,0.9719,0.965852,0.9588,0.9277,,53.0,B
Student-only-13D,148,ablation_experiments/h1/results/run_20260327_131013/ablation1_sweep/trials/trial_0042_B/ablation1_student_only_tcn_attn_weld_seam_windows_ws5_tf75_pg0_h1_ep80_lr0.00024_bs96_seed148,ablation1_student_only_tcn_attn_weld_seam_windows_ws5_tf75_pg0_h1_ep80_lr0.00024_bs96_seed*,13,student_only,sweep_best_per_seed_not_fixed_config,0.9579000000000001,0.949754,0.9474666666666667,0.9398,,42.0,B
Student-only-13D,149,ablation_experiments/h1/results/run_20260327_131013/ablation1_sweep/trials/trial_0040_A/ablation1_student_only_tcn_attn_weld_seam_windows_ws5_tf75_pg0_h1_ep80_lr0.0004_bs64_seed149,ablation1_student_only_tcn_attn_weld_seam_windows_ws5_tf75_pg0_h1_ep80_lr0.0004_bs64_seed*,13,student_only,sweep_best_per_seed_not_fixed_config,0.8989,0.874733,0.8605333333333333,0.8072,,40.0,A
Student-only-13D,150,ablation_experiments/h1/results/run_20260327_131013/ablation1_sweep/trials/trial_0058_B/ablation1_student_only_tcn_attn_weld_seam_windows_ws5_tf75_pg0_h1_ep80_lr0.0001_bs96_seed150,ablation1_student_only_tcn_attn_weld_seam_windows_ws5_tf75_pg0_h1_ep80_lr0.0001_bs96_seed*,13,student_only,sweep_best_per_seed_not_fixed_config,0.9213,0.89589,0.9008666666666666,1.0,,58.0,B
Student-only-13D,152,ablation_experiments/h1/results/run_20260327_131013/ablation1_sweep/trials/trial_0017_A/ablation1_student_only_tcn_attn_weld_seam_windows_ws5_tf75_pg0_h1_ep80_lr0.00025_bs128_seed152,ablation1_student_only_tcn_attn_weld_seam_windows_ws5_tf75_pg0_h1_ep80_lr0.00025_bs128_seed*,13,student_only,sweep_best_per_seed_not_fixed_config,0.8933,0.861503,0.8509333333333334,0.8554,,17.0,A
Student-only-13D,154,ablation_experiments/h1/results/run_20260327_131013/ablation1_sweep/trials/trial_0001_A/ablation1_student_only_tcn_attn_weld_seam_windows_ws5_tf75_pg0_h1_ep80_lr0.0003_bs128_seed154,ablation1_student_only_tcn_attn_weld_seam_windows_ws5_tf75_pg0_h1_ep80_lr0.0003_bs128_seed*,13,student_only,sweep_best_per_seed_not_fixed_config,0.9213,0.902456,0.8847333333333333,0.7952,,1.0,A
Student-only-13D,155,ablation_experiments/h1/results/run_20260327_131013/ablation1_sweep/trials/trial_0020_A/ablation1_student_only_tcn_attn_weld_seam_windows_ws5_tf75_pg0_h1_ep80_lr0.00025_bs96_seed155,ablation1_student_only_tcn_attn_weld_seam_windows_ws5_tf75_pg0_h1_ep80_lr0.00025_bs96_seed*,13,student_only,sweep_best_per_seed_not_fixed_config,0.9185,0.879642,0.8768666666666666,0.9639,,20.0,A
Student-only-13D,156,ablation_experiments/h1/results/run_20260327_131013/ablation1_sweep/trials/trial_0004_A/ablation1_student_only_tcn_attn_weld_seam_windows_ws5_tf75_pg0_h1_ep80_lr0.00015_bs96_seed156,ablation1_student_only_tcn_attn_weld_seam_windows_ws5_tf75_pg0_h1_ep80_lr0.00015_bs96_seed*,13,student_only,sweep_best_per_seed_not_fixed_config,0.9831,0.977795,0.9802666666666666,0.9639,,4.0,A
Student-only-13D,157,ablation_experiments/h1/results/run_20260327_131013/ablation1_sweep/trials/trial_0034_A/ablation1_student_only_tcn_attn_weld_seam_windows_ws5_tf75_pg0_h1_ep80_lr0.0003_bs96_seed157,ablation1_student_only_tcn_attn_weld_seam_windows_ws5_tf75_pg0_h1_ep80_lr0.0003_bs96_seed*,13,student_only,sweep_best_per_seed_not_fixed_config,0.9298000000000001,0.914045,0.8972666666666668,0.8072,,34.0,A
LSTM,14,ablation_experiments/h1/results/comparison_18d_baselines/lstm/lstm_weld_seam_windows_ws5_tf75_pg0_h1_h64_l2_bi_do0.3_ep80_lr0.0001_wd1e-05_bs128_seed14,lstm_weld_seam_windows_ws5_tf75_pg0_h1_h64_l2_bi_do0.3_ep80_lr0.0001_wd1e-05_bs128_seed*,18,baseline_18d,fixed_config_seed_group,0.8989,0.863421,0.8494999999999999,0.8434,-1.0,,
LSTM,42,ablation_experiments/h1/results/comparison_18d_baselines/lstm/lstm_weld_seam_windows_ws5_tf75_pg0_h1_h64_l2_bi_do0.3_ep80_lr0.0001_wd1e-05_bs128_seed42,lstm_weld_seam_windows_ws5_tf75_pg0_h1_h64_l2_bi_do0.3_ep80_lr0.0001_wd1e-05_bs128_seed*,18,baseline_18d,fixed_config_seed_group,0.9073,0.875341,0.8620666666666666,0.8554,-1.0,,
LSTM,183,ablation_experiments/h1/results/comparison_18d_baselines/lstm/lstm_weld_seam_windows_ws5_tf75_pg0_h1_h64_l2_bi_do0.3_ep80_lr0.0001_wd1e-05_bs128_seed183,lstm_weld_seam_windows_ws5_tf75_pg0_h1_h64_l2_bi_do0.3_ep80_lr0.0001_wd1e-05_bs128_seed*,18,baseline_18d,fixed_config_seed_group,0.882,0.832921,0.8233666666666667,0.8675,-1.0,,
GRU,14,ablation_experiments/h1/results/comparison_18d_baselines/gru/gru_weld_seam_windows_ws5_tf75_pg0_h1_h64_l3_uni_do0.3_ep80_lr0.0001_wd0.0001_bs128_seed14,gru_weld_seam_windows_ws5_tf75_pg0_h1_h64_l3_uni_do0.3_ep80_lr0.0001_wd0.0001_bs128_seed*,18,baseline_18d,fixed_config_seed_group,0.9157,0.887156,0.8746333333333333,0.8675,-1.0,,
GRU,42,ablation_experiments/h1/results/comparison_18d_baselines/gru/gru_weld_seam_windows_ws5_tf75_pg0_h1_h64_l3_uni_do0.3_ep80_lr0.0001_wd0.0001_bs128_seed42,gru_weld_seam_windows_ws5_tf75_pg0_h1_h64_l3_uni_do0.3_ep80_lr0.0001_wd0.0001_bs128_seed*,18,baseline_18d,fixed_config_seed_group,0.9073,0.875341,0.8620666666666666,0.8554,-1.0,,
GRU,77,ablation_experiments/h1/results/comparison_18d_baselines/gru/gru_weld_seam_windows_ws5_tf75_pg0_h1_h64_l3_uni_do0.3_ep80_lr0.0001_wd0.0001_bs128_seed77,gru_weld_seam_windows_ws5_tf75_pg0_h1_h64_l3_uni_do0.3_ep80_lr0.0001_wd0.0001_bs128_seed*,18,baseline_18d,fixed_config_seed_group,0.8736,0.826949,0.8118,0.8072,-1.0,,
GRU,100,ablation_experiments/h1/results/comparison_18d_baselines/gru/gru_weld_seam_windows_ws5_tf75_pg0_h1_h64_l3_uni_do0.3_ep80_lr0.0001_wd0.0001_bs128_seed100,gru_weld_seam_windows_ws5_tf75_pg0_h1_h64_l3_uni_do0.3_ep80_lr0.0001_wd0.0001_bs128_seed*,18,baseline_18d,fixed_config_seed_group,0.8989,0.86842,0.8505333333333334,0.7952,-1.0,,
GRU,122,ablation_experiments/h1/results/comparison_18d_baselines/gru/gru_weld_seam_windows_ws5_tf75_pg0_h1_h64_l3_uni_do0.3_ep80_lr0.0001_wd0.0001_bs128_seed122,gru_weld_seam_windows_ws5_tf75_pg0_h1_h64_l3_uni_do0.3_ep80_lr0.0001_wd0.0001_bs128_seed*,18,baseline_18d,fixed_config_seed_group,0.8961,0.860329,0.8454666666666667,0.8313,-1.0,,
GRU,183,ablation_experiments/h1/results/comparison_18d_baselines/gru/gru_weld_seam_windows_ws5_tf75_pg0_h1_h64_l3_uni_do0.3_ep80_lr0.0001_wd0.0001_bs128_seed183,gru_weld_seam_windows_ws5_tf75_pg0_h1_h64_l3_uni_do0.3_ep80_lr0.0001_wd0.0001_bs128_seed*,18,baseline_18d,fixed_config_seed_group,0.9101,0.882225,0.8668333333333335,0.8313,-1.0,,
Transformer,14,ablation_experiments/h1/results/comparison_18d_baselines/transformer/transformer_weld_seam_windows_ws5_tf75_pg0_h1_dm64_nh8_l2_ff128_do0.2_ep80_lr0.0002_wd0.0005_bs128_seed14,transformer_weld_seam_windows_ws5_tf75_pg0_h1_dm64_nh8_l2_ff128_do0.2_ep80_lr0.0002_wd0.0005_bs128_seed*,18,baseline_18d,fixed_config_seed_group,0.8482999999999999,0.805838,0.7836,0.6867,-1.0,,
Transformer,42,ablation_experiments/h1/results/comparison_18d_baselines/transformer/transformer_weld_seam_windows_ws5_tf75_pg0_h1_dm64_nh8_l2_ff128_do0.2_ep80_lr0.0002_wd0.0005_bs128_seed42,transformer_weld_seam_windows_ws5_tf75_pg0_h1_dm64_nh8_l2_ff128_do0.2_ep80_lr0.0002_wd0.0005_bs128_seed*,18,baseline_18d,fixed_config_seed_group,0.8287,0.778103,0.7491,0.5422,-1.0,,
Transformer,77,ablation_experiments/h1/results/comparison_18d_baselines/transformer/transformer_weld_seam_windows_ws5_tf75_pg0_h1_dm64_nh8_l2_ff128_do0.2_ep80_lr0.0002_wd0.0005_bs128_seed77,transformer_weld_seam_windows_ws5_tf75_pg0_h1_dm64_nh8_l2_ff128_do0.2_ep80_lr0.0002_wd0.0005_bs128_seed*,18,baseline_18d,fixed_config_seed_group,0.8062,0.739412,0.7179666666666668,0.6386,-1.0,,
Transformer,100,ablation_experiments/h1/results/comparison_18d_baselines/transformer/transformer_weld_seam_windows_ws5_tf75_pg0_h1_dm64_nh8_l2_ff128_do0.2_ep80_lr0.0002_wd0.0005_bs128_seed100,transformer_weld_seam_windows_ws5_tf75_pg0_h1_dm64_nh8_l2_ff128_do0.2_ep80_lr0.0002_wd0.0005_bs128_seed*,18,baseline_18d,fixed_config_seed_group,0.8652,0.824715,0.8013,0.6988,-1.0,,
Transformer,122,ablation_experiments/h1/results/comparison_18d_baselines/transformer/transformer_weld_seam_windows_ws5_tf75_pg0_h1_dm64_nh8_l2_ff128_do0.2_ep80_lr0.0002_wd0.0005_bs128_seed122,transformer_weld_seam_windows_ws5_tf75_pg0_h1_dm64_nh8_l2_ff128_do0.2_ep80_lr0.0002_wd0.0005_bs128_seed*,18,baseline_18d,fixed_config_seed_group,0.8595999999999999,0.817892,0.7932666666666667,0.6747,-1.0,,
Transformer,183,ablation_experiments/h1/results/comparison_18d_baselines/transformer/transformer_weld_seam_windows_ws5_tf75_pg0_h1_dm64_nh8_l2_ff128_do0.2_ep80_lr0.0002_wd0.0005_bs128_seed183,transformer_weld_seam_windows_ws5_tf75_pg0_h1_dm64_nh8_l2_ff128_do0.2_ep80_lr0.0002_wd0.0005_bs128_seed*,18,baseline_18d,fixed_config_seed_group,0.8511,0.805674,0.7807333333333334,0.6627,-1.0,,
Inception,14,ablation_experiments/h1/results/comparison_18d_baselines/inception/inception_weld_seam_windows_ws5_tf75_pg0_h1_oc16_blk3_bn32_do0.1_ep80_lr0.0001_wd0.0005_bs128_seed14,inception_weld_seam_windows_ws5_tf75_pg0_h1_oc16_blk3_bn32_do0.1_ep80_lr0.0001_wd0.0005_bs128_seed*,18,baseline_18d,fixed_config_seed_group,0.8511,0.804099,0.7886666666666665,0.7711,-1.0,,
Inception,42,ablation_experiments/h1/results/comparison_18d_baselines/inception/inception_weld_seam_windows_ws5_tf75_pg0_h1_oc16_blk3_bn32_do0.1_ep80_lr0.0001_wd0.0005_bs128_seed42,inception_weld_seam_windows_ws5_tf75_pg0_h1_oc16_blk3_bn32_do0.1_ep80_lr0.0001_wd0.0005_bs128_seed*,18,baseline_18d,fixed_config_seed_group,0.8173999999999999,0.769383,0.7438333333333333,0.5904,-1.0,,
Inception,77,ablation_experiments/h1/results/comparison_18d_baselines/inception/inception_weld_seam_windows_ws5_tf75_pg0_h1_oc16_blk3_bn32_do0.1_ep80_lr0.0001_wd0.0005_bs128_seed77,inception_weld_seam_windows_ws5_tf75_pg0_h1_oc16_blk3_bn32_do0.1_ep80_lr0.0001_wd0.0005_bs128_seed*,18,baseline_18d,fixed_config_seed_group,0.8567,0.807819,0.7877000000000001,0.7349,-1.0,,
Inception,100,ablation_experiments/h1/results/comparison_18d_baselines/inception/inception_weld_seam_windows_ws5_tf75_pg0_h1_oc16_blk3_bn32_do0.1_ep80_lr0.0001_wd0.0005_bs128_seed100,inception_weld_seam_windows_ws5_tf75_pg0_h1_oc16_blk3_bn32_do0.1_ep80_lr0.0001_wd0.0005_bs128_seed*,18,baseline_18d,fixed_config_seed_group,0.8371,0.7731,0.7575333333333333,0.747,-1.0,,
Inception,122,ablation_experiments/h1/results/comparison_18d_baselines/inception/inception_weld_seam_windows_ws5_tf75_pg0_h1_oc16_blk3_bn32_do0.1_ep80_lr0.0001_wd0.0005_bs128_seed122,inception_weld_seam_windows_ws5_tf75_pg0_h1_oc16_blk3_bn32_do0.1_ep80_lr0.0001_wd0.0005_bs128_seed*,18,baseline_18d,fixed_config_seed_group,0.868,0.820666,0.8037666666666666,0.7831,-1.0,,
Inception,183,ablation_experiments/h1/results/comparison_18d_baselines/inception/inception_weld_seam_windows_ws5_tf75_pg0_h1_oc16_blk3_bn32_do0.1_ep80_lr0.0001_wd0.0005_bs128_seed183,inception_weld_seam_windows_ws5_tf75_pg0_h1_oc16_blk3_bn32_do0.1_ep80_lr0.0001_wd0.0005_bs128_seed*,18,baseline_18d,fixed_config_seed_group,0.8343,0.762397,0.7525000000000001,0.7831,-1.0,,
