run_name,run_path,seed,macro_f1,teacher_agreement,config_id,selected_fixed_config
distill_tcn_attn_weld_seam_windows_ws5_tf75_pg0_h1_ep80_lr0.0002_bs128_T4.0_lce0.7_lkd1.4_lf0.3_seed1001,ablation_experiments/h1/results/comparison_18d_baselines/teacher_student_reference/student_h1_sweep/student_h1_scan96_20260326/extension/extension_s3_s2_s1_l3_o2_c2_r3/distill_tcn_attn_weld_seam_windows_ws5_tf75_pg0_h1_ep80_lr0.0002_bs128_T4.0_lce0.7_lkd1.4_lf0.3_seed1001,1001,0.90111,0.8989,distill_tcn_attn_weld_seam_windows_ws5_tf75_pg0_h1_ep80_lr0.0002_bs128_T4.0_lce0.7_lkd1.4_lf0.3_seed*,False
distill_tcn_attn_weld_seam_windows_ws5_tf75_pg0_h1_ep80_lr0.0002_bs128_T4.0_lce0.7_lkd1.4_lf0.3_seed132,ablation_experiments/h1/results/comparison_18d_baselines/teacher_student_reference/student_h1_sweep/student_h1_scan96_20260326/extension/extension_s3_s2_s1_l3_o2_c2_r3/distill_tcn_attn_weld_seam_windows_ws5_tf75_pg0_h1_ep80_lr0.0002_bs128_T4.0_lce0.7_lkd1.4_lf0.3_seed132,132,0.965694,0.9607,distill_tcn_attn_weld_seam_windows_ws5_tf75_pg0_h1_ep80_lr0.0002_bs128_T4.0_lce0.7_lkd1.4_lf0.3_seed*,False
distill_tcn_attn_weld_seam_windows_ws5_tf75_pg0_h1_ep80_lr0.0002_bs128_T4.0_lce0.7_lkd1.4_lf0.3_seed230,ablation_experiments/h1/results/comparison_18d_baselines/teacher_student_reference/student_h1_sweep/student_h1_scan96_20260326/extension/extension_s3_s2_s1_l3_o2_c2_r3/distill_tcn_attn_weld_seam_windows_ws5_tf75_pg0_h1_ep80_lr0.0002_bs128_T4.0_lce0.7_lkd1.4_lf0.3_seed230,230,0.898227,0.927,distill_tcn_attn_weld_seam_windows_ws5_tf75_pg0_h1_ep80_lr0.0002_bs128_T4.0_lce0.7_lkd1.4_lf0.3_seed*,False
distill_tcn_attn_weld_seam_windows_ws5_tf75_pg0_h1_ep80_lr0.0002_bs128_T4.0_lce0.7_lkd1.4_lf0.3_seed314,ablation_experiments/h1/results/comparison_18d_baselines/teacher_student_reference/student_h1_sweep/student_h1_scan96_20260326/extension/extension_s3_s2_s1_l3_o2_c2_r3/distill_tcn_attn_weld_seam_windows_ws5_tf75_pg0_h1_ep80_lr0.0002_bs128_T4.0_lce0.7_lkd1.4_lf0.3_seed314,314,0.935061,0.9522,distill_tcn_attn_weld_seam_windows_ws5_tf75_pg0_h1_ep80_lr0.0002_bs128_T4.0_lce0.7_lkd1.4_lf0.3_seed*,False
distill_tcn_attn_weld_seam_windows_ws5_tf75_pg0_h1_ep80_lr0.0002_bs128_T4.0_lce0.7_lkd1.4_lf0.3_seed512,ablation_experiments/h1/results/comparison_18d_baselines/teacher_student_reference/student_h1_sweep/student_h1_scan96_20260326/extension/extension_s3_s2_s1_l3_o2_c2_r3/distill_tcn_attn_weld_seam_windows_ws5_tf75_pg0_h1_ep80_lr0.0002_bs128_T4.0_lce0.7_lkd1.4_lf0.3_seed512,512,0.83369,0.8482999999999999,distill_tcn_attn_weld_seam_windows_ws5_tf75_pg0_h1_ep80_lr0.0002_bs128_T4.0_lce0.7_lkd1.4_lf0.3_seed*,False
distill_tcn_attn_weld_seam_windows_ws5_tf75_pg0_h1_ep80_lr0.0002_bs128_T4.0_lce0.7_lkd1.4_lf0.3_seed777,ablation_experiments/h1/results/comparison_18d_baselines/teacher_student_reference/student_h1_sweep/student_h1_scan96_20260326/extension/extension_s3_s2_s1_l3_o2_c2_r3/distill_tcn_attn_weld_seam_windows_ws5_tf75_pg0_h1_ep80_lr0.0002_bs128_T4.0_lce0.7_lkd1.4_lf0.3_seed777,777,0.773018,0.7444,distill_tcn_attn_weld_seam_windows_ws5_tf75_pg0_h1_ep80_lr0.0002_bs128_T4.0_lce0.7_lkd1.4_lf0.3_seed*,False
distill_tcn_attn_weld_seam_windows_ws5_tf75_pg0_h1_ep80_lr0.0002_bs128_T3.5_lce0.7_lkd1.5_lf0.3_seed1001,ablation_experiments/h1/results/comparison_18d_baselines/teacher_student_reference/student_h1_sweep/student_h1_scan96_20260326/extension/extension_s3_s2_s1_l3_o2_c2_r5/distill_tcn_attn_weld_seam_windows_ws5_tf75_pg0_h1_ep80_lr0.0002_bs128_T3.5_lce0.7_lkd1.5_lf0.3_seed1001,1001,0.945488,0.9579,distill_tcn_attn_weld_seam_windows_ws5_tf75_pg0_h1_ep80_lr0.0002_bs128_T3.5_lce0.7_lkd1.5_lf0.3_seed*,True
distill_tcn_attn_weld_seam_windows_ws5_tf75_pg0_h1_ep80_lr0.0002_bs128_T3.5_lce0.7_lkd1.5_lf0.3_seed132,ablation_experiments/h1/results/comparison_18d_baselines/teacher_student_reference/student_h1_sweep/student_h1_scan96_20260326/extension/extension_s3_s2_s1_l3_o2_c2_r5/distill_tcn_attn_weld_seam_windows_ws5_tf75_pg0_h1_ep80_lr0.0002_bs128_T3.5_lce0.7_lkd1.5_lf0.3_seed132,132,0.969756,0.9635,distill_tcn_attn_weld_seam_windows_ws5_tf75_pg0_h1_ep80_lr0.0002_bs128_T3.5_lce0.7_lkd1.5_lf0.3_seed*,True
distill_tcn_attn_weld_seam_windows_ws5_tf75_pg0_h1_ep80_lr0.0002_bs128_T3.5_lce0.7_lkd1.5_lf0.3_seed230,ablation_experiments/h1/results/comparison_18d_baselines/teacher_student_reference/student_h1_sweep/student_h1_scan96_20260326/extension/extension_s3_s2_s1_l3_o2_c2_r5/distill_tcn_attn_weld_seam_windows_ws5_tf75_pg0_h1_ep80_lr0.0002_bs128_T3.5_lce0.7_lkd1.5_lf0.3_seed230,230,0.917958,0.941,distill_tcn_attn_weld_seam_windows_ws5_tf75_pg0_h1_ep80_lr0.0002_bs128_T3.5_lce0.7_lkd1.5_lf0.3_seed*,True
distill_tcn_attn_weld_seam_windows_ws5_tf75_pg0_h1_ep80_lr0.0002_bs128_T3.5_lce0.7_lkd1.5_lf0.3_seed314,ablation_experiments/h1/results/comparison_18d_baselines/teacher_student_reference/student_h1_sweep/student_h1_scan96_20260326/extension/extension_s3_s2_s1_l3_o2_c2_r5/distill_tcn_attn_weld_seam_windows_ws5_tf75_pg0_h1_ep80_lr0.0002_bs128_T3.5_lce0.7_lkd1.5_lf0.3_seed314,314,0.927791,0.941,distill_tcn_attn_weld_seam_windows_ws5_tf75_pg0_h1_ep80_lr0.0002_bs128_T3.5_lce0.7_lkd1.5_lf0.3_seed*,True
distill_tcn_attn_weld_seam_windows_ws5_tf75_pg0_h1_ep80_lr0.0002_bs128_T3.5_lce0.7_lkd1.5_lf0.3_seed512,ablation_experiments/h1/results/comparison_18d_baselines/teacher_student_reference/student_h1_sweep/student_h1_scan96_20260326/extension/extension_s3_s2_s1_l3_o2_c2_r5/distill_tcn_attn_weld_seam_windows_ws5_tf75_pg0_h1_ep80_lr0.0002_bs128_T3.5_lce0.7_lkd1.5_lf0.3_seed512,512,0.838062,0.8511,distill_tcn_attn_weld_seam_windows_ws5_tf75_pg0_h1_ep80_lr0.0002_bs128_T3.5_lce0.7_lkd1.5_lf0.3_seed*,True
distill_tcn_attn_weld_seam_windows_ws5_tf75_pg0_h1_ep80_lr0.0002_bs128_T3.5_lce0.7_lkd1.5_lf0.3_seed777,ablation_experiments/h1/results/comparison_18d_baselines/teacher_student_reference/student_h1_sweep/student_h1_scan96_20260326/extension/extension_s3_s2_s1_l3_o2_c2_r5/distill_tcn_attn_weld_seam_windows_ws5_tf75_pg0_h1_ep80_lr0.0002_bs128_T3.5_lce0.7_lkd1.5_lf0.3_seed777,777,0.799104,0.7781,distill_tcn_attn_weld_seam_windows_ws5_tf75_pg0_h1_ep80_lr0.0002_bs128_T3.5_lce0.7_lkd1.5_lf0.3_seed*,True
distill_tcn_attn_weld_seam_windows_ws5_tf75_pg0_h1_ep80_lr0.0003_bs128_T2.5_lce0.9_lkd1.1_lf0.0_seed1001,ablation_experiments/h1/results/comparison_18d_baselines/teacher_student_reference/student_h1_sweep/student_h1_scan96_20260326/extension/extension_s3_s2_s1_l4_o4_c7_r3/distill_tcn_attn_weld_seam_windows_ws5_tf75_pg0_h1_ep80_lr0.0003_bs128_T2.5_lce0.9_lkd1.1_lf0.0_seed1001,1001,0.823512,0.8062,distill_tcn_attn_weld_seam_windows_ws5_tf75_pg0_h1_ep80_lr0.0003_bs128_T2.5_lce0.9_lkd1.1_lf0.0_seed*,False
distill_tcn_attn_weld_seam_windows_ws5_tf75_pg0_h1_ep80_lr0.0003_bs128_T2.5_lce0.9_lkd1.1_lf0.0_seed132,ablation_experiments/h1/results/comparison_18d_baselines/teacher_student_reference/student_h1_sweep/student_h1_scan96_20260326/extension/extension_s3_s2_s1_l4_o4_c7_r3/distill_tcn_attn_weld_seam_windows_ws5_tf75_pg0_h1_ep80_lr0.0003_bs128_T2.5_lce0.9_lkd1.1_lf0.0_seed132,132,0.984675,0.9719,distill_tcn_attn_weld_seam_windows_ws5_tf75_pg0_h1_ep80_lr0.0003_bs128_T2.5_lce0.9_lkd1.1_lf0.0_seed*,False
distill_tcn_attn_weld_seam_windows_ws5_tf75_pg0_h1_ep80_lr0.0003_bs128_T2.5_lce0.9_lkd1.1_lf0.0_seed230,ablation_experiments/h1/results/comparison_18d_baselines/teacher_student_reference/student_h1_sweep/student_h1_scan96_20260326/extension/extension_s3_s2_s1_l4_o4_c7_r3/distill_tcn_attn_weld_seam_windows_ws5_tf75_pg0_h1_ep80_lr0.0003_bs128_T2.5_lce0.9_lkd1.1_lf0.0_seed230,230,0.937569,0.9466,distill_tcn_attn_weld_seam_windows_ws5_tf75_pg0_h1_ep80_lr0.0003_bs128_T2.5_lce0.9_lkd1.1_lf0.0_seed*,False
distill_tcn_attn_weld_seam_windows_ws5_tf75_pg0_h1_ep80_lr0.0003_bs128_T2.5_lce0.9_lkd1.1_lf0.0_seed314,ablation_experiments/h1/results/comparison_18d_baselines/teacher_student_reference/student_h1_sweep/student_h1_scan96_20260326/extension/extension_s3_s2_s1_l4_o4_c7_r3/distill_tcn_attn_weld_seam_windows_ws5_tf75_pg0_h1_ep80_lr0.0003_bs128_T2.5_lce0.9_lkd1.1_lf0.0_seed314,314,0.93624,0.9494,distill_tcn_attn_weld_seam_windows_ws5_tf75_pg0_h1_ep80_lr0.0003_bs128_T2.5_lce0.9_lkd1.1_lf0.0_seed*,False
distill_tcn_attn_weld_seam_windows_ws5_tf75_pg0_h1_ep80_lr0.0003_bs128_T2.5_lce0.9_lkd1.1_lf0.0_seed512,ablation_experiments/h1/results/comparison_18d_baselines/teacher_student_reference/student_h1_sweep/student_h1_scan96_20260326/extension/extension_s3_s2_s1_l4_o4_c7_r3/distill_tcn_attn_weld_seam_windows_ws5_tf75_pg0_h1_ep80_lr0.0003_bs128_T2.5_lce0.9_lkd1.1_lf0.0_seed512,512,0.825453,0.8146,distill_tcn_attn_weld_seam_windows_ws5_tf75_pg0_h1_ep80_lr0.0003_bs128_T2.5_lce0.9_lkd1.1_lf0.0_seed*,False
distill_tcn_attn_weld_seam_windows_ws5_tf75_pg0_h1_ep80_lr0.0003_bs128_T2.5_lce0.9_lkd1.1_lf0.0_seed777,ablation_experiments/h1/results/comparison_18d_baselines/teacher_student_reference/student_h1_sweep/student_h1_scan96_20260326/extension/extension_s3_s2_s1_l4_o4_c7_r3/distill_tcn_attn_weld_seam_windows_ws5_tf75_pg0_h1_ep80_lr0.0003_bs128_T2.5_lce0.9_lkd1.1_lf0.0_seed777,777,0.785077,0.7612000000000001,distill_tcn_attn_weld_seam_windows_ws5_tf75_pg0_h1_ep80_lr0.0003_bs128_T2.5_lce0.9_lkd1.1_lf0.0_seed*,False
distill_tcn_attn_weld_seam_windows_ws5_tf75_pg0_h1_ep80_lr0.0003_bs128_T2.0_lce0.9_lkd1.2000000000000002_lf0.1_seed1001,ablation_experiments/h1/results/comparison_18d_baselines/teacher_student_reference/student_h1_sweep/student_h1_scan96_20260326/extension/extension_s3_s2_s1_l4_o4_c7_r5/distill_tcn_attn_weld_seam_windows_ws5_tf75_pg0_h1_ep80_lr0.0003_bs128_T2.0_lce0.9_lkd1.2000000000000002_lf0.1_seed1001,1001,0.816326,0.8034,distill_tcn_attn_weld_seam_windows_ws5_tf75_pg0_h1_ep80_lr0.0003_bs128_T2.0_lce0.9_lkd1.2000000000000002_lf0.1_seed*,False
distill_tcn_attn_weld_seam_windows_ws5_tf75_pg0_h1_ep80_lr0.0003_bs128_T2.0_lce0.9_lkd1.2000000000000002_lf0.1_seed132,ablation_experiments/h1/results/comparison_18d_baselines/teacher_student_reference/student_h1_sweep/student_h1_scan96_20260326/extension/extension_s3_s2_s1_l4_o4_c7_r5/distill_tcn_attn_weld_seam_windows_ws5_tf75_pg0_h1_ep80_lr0.0003_bs128_T2.0_lce0.9_lkd1.2000000000000002_lf0.1_seed132,132,0.881177,0.9185,distill_tcn_attn_weld_seam_windows_ws5_tf75_pg0_h1_ep80_lr0.0003_bs128_T2.0_lce0.9_lkd1.2000000000000002_lf0.1_seed*,False
distill_tcn_attn_weld_seam_windows_ws5_tf75_pg0_h1_ep80_lr0.0003_bs128_T2.0_lce0.9_lkd1.2000000000000002_lf0.1_seed230,ablation_experiments/h1/results/comparison_18d_baselines/teacher_student_reference/student_h1_sweep/student_h1_scan96_20260326/extension/extension_s3_s2_s1_l4_o4_c7_r5/distill_tcn_attn_weld_seam_windows_ws5_tf75_pg0_h1_ep80_lr0.0003_bs128_T2.0_lce0.9_lkd1.2000000000000002_lf0.1_seed230,230,0.836945,0.8287,distill_tcn_attn_weld_seam_windows_ws5_tf75_pg0_h1_ep80_lr0.0003_bs128_T2.0_lce0.9_lkd1.2000000000000002_lf0.1_seed*,False
distill_tcn_attn_weld_seam_windows_ws5_tf75_pg0_h1_ep80_lr0.0003_bs128_T2.0_lce0.9_lkd1.2000000000000002_lf0.1_seed314,ablation_experiments/h1/results/comparison_18d_baselines/teacher_student_reference/student_h1_sweep/student_h1_scan96_20260326/extension/extension_s3_s2_s1_l4_o4_c7_r5/distill_tcn_attn_weld_seam_windows_ws5_tf75_pg0_h1_ep80_lr0.0003_bs128_T2.0_lce0.9_lkd1.2000000000000002_lf0.1_seed314,314,0.933675,0.9522,distill_tcn_attn_weld_seam_windows_ws5_tf75_pg0_h1_ep80_lr0.0003_bs128_T2.0_lce0.9_lkd1.2000000000000002_lf0.1_seed*,False
distill_tcn_attn_weld_seam_windows_ws5_tf75_pg0_h1_ep80_lr0.0003_bs128_T2.0_lce0.9_lkd1.2000000000000002_lf0.1_seed512,ablation_experiments/h1/results/comparison_18d_baselines/teacher_student_reference/student_h1_sweep/student_h1_scan96_20260326/extension/extension_s3_s2_s1_l4_o4_c7_r5/distill_tcn_attn_weld_seam_windows_ws5_tf75_pg0_h1_ep80_lr0.0003_bs128_T2.0_lce0.9_lkd1.2000000000000002_lf0.1_seed512,512,0.837975,0.8287,distill_tcn_attn_weld_seam_windows_ws5_tf75_pg0_h1_ep80_lr0.0003_bs128_T2.0_lce0.9_lkd1.2000000000000002_lf0.1_seed*,False
distill_tcn_attn_weld_seam_windows_ws5_tf75_pg0_h1_ep80_lr0.0003_bs128_T2.0_lce0.9_lkd1.2000000000000002_lf0.1_seed777,ablation_experiments/h1/results/comparison_18d_baselines/teacher_student_reference/student_h1_sweep/student_h1_scan96_20260326/extension/extension_s3_s2_s1_l4_o4_c7_r5/distill_tcn_attn_weld_seam_windows_ws5_tf75_pg0_h1_ep80_lr0.0003_bs128_T2.0_lce0.9_lkd1.2000000000000002_lf0.1_seed777,777,0.774428,0.7472,distill_tcn_attn_weld_seam_windows_ws5_tf75_pg0_h1_ep80_lr0.0003_bs128_T2.0_lce0.9_lkd1.2000000000000002_lf0.1_seed*,False
distill_tcn_attn_weld_seam_windows_ws5_tf75_pg0_h1_ep80_lr0.0002_bs128_T3.0_lce0.8_lkd1.2_lf0.2_seed14,ablation_experiments/h1/results/comparison_18d_baselines/teacher_student_reference/student_h1_sweep/student_h1_scan96_20260326/stage0/s0_val_macro_f1_seed14/distill_tcn_attn_weld_seam_windows_ws5_tf75_pg0_h1_ep80_lr0.0002_bs128_T3.0_lce0.8_lkd1.2_lf0.2_seed14,14,0.906267,0.927,distill_tcn_attn_weld_seam_windows_ws5_tf75_pg0_h1_ep80_lr0.0002_bs128_T3.0_lce0.8_lkd1.2_lf0.2_seed*,False
distill_tcn_attn_weld_seam_windows_ws5_tf75_pg0_h1_ep80_lr0.0002_bs128_T3.0_lce0.8_lkd1.2_lf0.2_seed42,ablation_experiments/h1/results/comparison_18d_baselines/teacher_student_reference/student_h1_sweep/student_h1_scan96_20260326/stage0/s0_val_macro_f1_seed42/distill_tcn_attn_weld_seam_windows_ws5_tf75_pg0_h1_ep80_lr0.0002_bs128_T3.0_lce0.8_lkd1.2_lf0.2_seed42,42,0.833916,0.8454999999999999,distill_tcn_attn_weld_seam_windows_ws5_tf75_pg0_h1_ep80_lr0.0002_bs128_T3.0_lce0.8_lkd1.2_lf0.2_seed*,False
distill_tcn_attn_weld_seam_windows_ws5_tf75_pg0_h1_ep80_lr0.0002_bs128_T3.0_lce0.8_lkd1.2_lf0.2_seed14,ablation_experiments/h1/results/comparison_18d_baselines/teacher_student_reference/student_h1_sweep/student_h1_scan96_20260326/stage0/s0_val_teacher_agreement_seed14/distill_tcn_attn_weld_seam_windows_ws5_tf75_pg0_h1_ep80_lr0.0002_bs128_T3.0_lce0.8_lkd1.2_lf0.2_seed14,14,0.961188,0.9522,distill_tcn_attn_weld_seam_windows_ws5_tf75_pg0_h1_ep80_lr0.0002_bs128_T3.0_lce0.8_lkd1.2_lf0.2_seed*,False
distill_tcn_attn_weld_seam_windows_ws5_tf75_pg0_h1_ep80_lr0.0002_bs128_T3.0_lce0.8_lkd1.2_lf0.2_seed42,ablation_experiments/h1/results/comparison_18d_baselines/teacher_student_reference/student_h1_sweep/student_h1_scan96_20260326/stage0/s0_val_teacher_agreement_seed42/distill_tcn_attn_weld_seam_windows_ws5_tf75_pg0_h1_ep80_lr0.0002_bs128_T3.0_lce0.8_lkd1.2_lf0.2_seed42,42,0.758519,0.7331,distill_tcn_attn_weld_seam_windows_ws5_tf75_pg0_h1_ep80_lr0.0002_bs128_T3.0_lce0.8_lkd1.2_lf0.2_seed*,False
distill_tcn_attn_weld_seam_windows_ws5_tf75_pg0_h1_ep80_lr0.00015_bs128_T2.5_lce1.0_lkd1.0_lf0.1_seed14,ablation_experiments/h1/results/comparison_18d_baselines/teacher_student_reference/student_h1_sweep/student_h1_scan96_20260326/stage1/s1_l1_o1/distill_tcn_attn_weld_seam_windows_ws5_tf75_pg0_h1_ep80_lr0.00015_bs128_T2.5_lce1.0_lkd1.0_lf0.1_seed14,14,0.927721,0.9185,distill_tcn_attn_weld_seam_windows_ws5_tf75_pg0_h1_ep80_lr0.00015_bs128_T2.5_lce1.0_lkd1.0_lf0.1_seed*,False
distill_tcn_attn_weld_seam_windows_ws5_tf75_pg0_h1_ep80_lr0.0002_bs128_T2.5_lce1.0_lkd1.0_lf0.1_seed14,ablation_experiments/h1/results/comparison_18d_baselines/teacher_student_reference/student_h1_sweep/student_h1_scan96_20260326/stage1/s1_l1_o2/distill_tcn_attn_weld_seam_windows_ws5_tf75_pg0_h1_ep80_lr0.0002_bs128_T2.5_lce1.0_lkd1.0_lf0.1_seed14,14,0.831887,0.8173999999999999,distill_tcn_attn_weld_seam_windows_ws5_tf75_pg0_h1_ep80_lr0.0002_bs128_T2.5_lce1.0_lkd1.0_lf0.1_seed*,False
distill_tcn_attn_weld_seam_windows_ws5_tf75_pg0_h1_ep80_lr0.00025_bs128_T2.5_lce1.0_lkd1.0_lf0.1_seed14,ablation_experiments/h1/results/comparison_18d_baselines/teacher_student_reference/student_h1_sweep/student_h1_scan96_20260326/stage1/s1_l1_o3/distill_tcn_attn_weld_seam_windows_ws5_tf75_pg0_h1_ep80_lr0.00025_bs128_T2.5_lce1.0_lkd1.0_lf0.1_seed14,14,0.901002,0.8904000000000001,distill_tcn_attn_weld_seam_windows_ws5_tf75_pg0_h1_ep80_lr0.00025_bs128_T2.5_lce1.0_lkd1.0_lf0.1_seed*,False
distill_tcn_attn_weld_seam_windows_ws5_tf75_pg0_h1_ep80_lr0.0003_bs128_T2.5_lce1.0_lkd1.0_lf0.1_seed14,ablation_experiments/h1/results/comparison_18d_baselines/teacher_student_reference/student_h1_sweep/student_h1_scan96_20260326/stage1/s1_l1_o4/distill_tcn_attn_weld_seam_windows_ws5_tf75_pg0_h1_ep80_lr0.0003_bs128_T2.5_lce1.0_lkd1.0_lf0.1_seed14,14,0.948591,0.9382,distill_tcn_attn_weld_seam_windows_ws5_tf75_pg0_h1_ep80_lr0.0003_bs128_T2.5_lce1.0_lkd1.0_lf0.1_seed*,False
distill_tcn_attn_weld_seam_windows_ws5_tf75_pg0_h1_ep80_lr0.00015_bs128_T3.0_lce0.8_lkd1.2_lf0.2_seed14,ablation_experiments/h1/results/comparison_18d_baselines/teacher_student_reference/student_h1_sweep/student_h1_scan96_20260326/stage1/s1_l2_o1/distill_tcn_attn_weld_seam_windows_ws5_tf75_pg0_h1_ep80_lr0.00015_bs128_T3.0_lce0.8_lkd1.2_lf0.2_seed14,14,0.927721,0.9185,distill_tcn_attn_weld_seam_windows_ws5_tf75_pg0_h1_ep80_lr0.00015_bs128_T3.0_lce0.8_lkd1.2_lf0.2_seed*,False
distill_tcn_attn_weld_seam_windows_ws5_tf75_pg0_h1_ep80_lr0.0002_bs128_T3.0_lce0.8_lkd1.2_lf0.2_seed14,ablation_experiments/h1/results/comparison_18d_baselines/teacher_student_reference/student_h1_sweep/student_h1_scan96_20260326/stage1/s1_l2_o2/distill_tcn_attn_weld_seam_windows_ws5_tf75_pg0_h1_ep80_lr0.0002_bs128_T3.0_lce0.8_lkd1.2_lf0.2_seed14,14,0.961188,0.9522,distill_tcn_attn_weld_seam_windows_ws5_tf75_pg0_h1_ep80_lr0.0002_bs128_T3.0_lce0.8_lkd1.2_lf0.2_seed*,False
distill_tcn_attn_weld_seam_windows_ws5_tf75_pg0_h1_ep80_lr0.00025_bs128_T3.0_lce0.8_lkd1.2_lf0.2_seed14,ablation_experiments/h1/results/comparison_18d_baselines/teacher_student_reference/student_h1_sweep/student_h1_scan96_20260326/stage1/s1_l2_o3/distill_tcn_attn_weld_seam_windows_ws5_tf75_pg0_h1_ep80_lr0.00025_bs128_T3.0_lce0.8_lkd1.2_lf0.2_seed14,14,0.921064,0.9073,distill_tcn_attn_weld_seam_windows_ws5_tf75_pg0_h1_ep80_lr0.00025_bs128_T3.0_lce0.8_lkd1.2_lf0.2_seed*,False
distill_tcn_attn_weld_seam_windows_ws5_tf75_pg0_h1_ep80_lr0.0003_bs128_T3.0_lce0.8_lkd1.2_lf0.2_seed14,ablation_experiments/h1/results/comparison_18d_baselines/teacher_student_reference/student_h1_sweep/student_h1_scan96_20260326/stage1/s1_l2_o4/distill_tcn_attn_weld_seam_windows_ws5_tf75_pg0_h1_ep80_lr0.0003_bs128_T3.0_lce0.8_lkd1.2_lf0.2_seed14,14,0.94486,0.9326,distill_tcn_attn_weld_seam_windows_ws5_tf75_pg0_h1_ep80_lr0.0003_bs128_T3.0_lce0.8_lkd1.2_lf0.2_seed*,False
distill_tcn_attn_weld_seam_windows_ws5_tf75_pg0_h1_ep80_lr0.00015_bs128_T3.5_lce0.7_lkd1.4_lf0.3_seed14,ablation_experiments/h1/results/comparison_18d_baselines/teacher_student_reference/student_h1_sweep/student_h1_scan96_20260326/stage1/s1_l3_o1/distill_tcn_attn_weld_seam_windows_ws5_tf75_pg0_h1_ep80_lr0.00015_bs128_T3.5_lce0.7_lkd1.4_lf0.3_seed14,14,0.931651,0.9213,distill_tcn_attn_weld_seam_windows_ws5_tf75_pg0_h1_ep80_lr0.00015_bs128_T3.5_lce0.7_lkd1.4_lf0.3_seed*,False
distill_tcn_attn_weld_seam_windows_ws5_tf75_pg0_h1_ep80_lr0.0002_bs128_T3.5_lce0.7_lkd1.4_lf0.3_seed14,ablation_experiments/h1/results/comparison_18d_baselines/teacher_student_reference/student_h1_sweep/student_h1_scan96_20260326/stage1/s1_l3_o2/distill_tcn_attn_weld_seam_windows_ws5_tf75_pg0_h1_ep80_lr0.0002_bs128_T3.5_lce0.7_lkd1.4_lf0.3_seed14,14,0.958524,0.9494,distill_tcn_attn_weld_seam_windows_ws5_tf75_pg0_h1_ep80_lr0.0002_bs128_T3.5_lce0.7_lkd1.4_lf0.3_seed*,False
distill_tcn_attn_weld_seam_windows_ws5_tf75_pg0_h1_ep80_lr0.00025_bs128_T3.5_lce0.7_lkd1.4_lf0.3_seed14,ablation_experiments/h1/results/comparison_18d_baselines/teacher_student_reference/student_h1_sweep/student_h1_scan96_20260326/stage1/s1_l3_o3/distill_tcn_attn_weld_seam_windows_ws5_tf75_pg0_h1_ep80_lr0.00025_bs128_T3.5_lce0.7_lkd1.4_lf0.3_seed14,14,0.916204,0.9073,distill_tcn_attn_weld_seam_windows_ws5_tf75_pg0_h1_ep80_lr0.00025_bs128_T3.5_lce0.7_lkd1.4_lf0.3_seed*,False
distill_tcn_attn_weld_seam_windows_ws5_tf75_pg0_h1_ep80_lr0.0003_bs128_T3.5_lce0.7_lkd1.4_lf0.3_seed14,ablation_experiments/h1/results/comparison_18d_baselines/teacher_student_reference/student_h1_sweep/student_h1_scan96_20260326/stage1/s1_l3_o4/distill_tcn_attn_weld_seam_windows_ws5_tf75_pg0_h1_ep80_lr0.0003_bs128_T3.5_lce0.7_lkd1.4_lf0.3_seed14,14,0.94486,0.9326,distill_tcn_attn_weld_seam_windows_ws5_tf75_pg0_h1_ep80_lr0.0003_bs128_T3.5_lce0.7_lkd1.4_lf0.3_seed*,False
distill_tcn_attn_weld_seam_windows_ws5_tf75_pg0_h1_ep80_lr0.00015_bs128_T2.0_lce0.9_lkd1.1_lf0.0_seed14,ablation_experiments/h1/results/comparison_18d_baselines/teacher_student_reference/student_h1_sweep/student_h1_scan96_20260326/stage1/s1_l4_o1/distill_tcn_attn_weld_seam_windows_ws5_tf75_pg0_h1_ep80_lr0.00015_bs128_T2.0_lce0.9_lkd1.1_lf0.0_seed14,14,0.927721,0.9185,distill_tcn_attn_weld_seam_windows_ws5_tf75_pg0_h1_ep80_lr0.00015_bs128_T2.0_lce0.9_lkd1.1_lf0.0_seed*,False
distill_tcn_attn_weld_seam_windows_ws5_tf75_pg0_h1_ep80_lr0.0002_bs128_T2.0_lce0.9_lkd1.1_lf0.0_seed14,ablation_experiments/h1/results/comparison_18d_baselines/teacher_student_reference/student_h1_sweep/student_h1_scan96_20260326/stage1/s1_l4_o2/distill_tcn_attn_weld_seam_windows_ws5_tf75_pg0_h1_ep80_lr0.0002_bs128_T2.0_lce0.9_lkd1.1_lf0.0_seed14,14,0.823823,0.8034,distill_tcn_attn_weld_seam_windows_ws5_tf75_pg0_h1_ep80_lr0.0002_bs128_T2.0_lce0.9_lkd1.1_lf0.0_seed*,False
distill_tcn_attn_weld_seam_windows_ws5_tf75_pg0_h1_ep80_lr0.00025_bs128_T2.0_lce0.9_lkd1.1_lf0.0_seed14,ablation_experiments/h1/results/comparison_18d_baselines/teacher_student_reference/student_h1_sweep/student_h1_scan96_20260326/stage1/s1_l4_o3/distill_tcn_attn_weld_seam_windows_ws5_tf75_pg0_h1_ep80_lr0.00025_bs128_T2.0_lce0.9_lkd1.1_lf0.0_seed14,14,0.90288,0.8876000000000001,distill_tcn_attn_weld_seam_windows_ws5_tf75_pg0_h1_ep80_lr0.00025_bs128_T2.0_lce0.9_lkd1.1_lf0.0_seed*,False
distill_tcn_attn_weld_seam_windows_ws5_tf75_pg0_h1_ep80_lr0.0003_bs128_T2.0_lce0.9_lkd1.1_lf0.0_seed14,ablation_experiments/h1/results/comparison_18d_baselines/teacher_student_reference/student_h1_sweep/student_h1_scan96_20260326/stage1/s1_l4_o4/distill_tcn_attn_weld_seam_windows_ws5_tf75_pg0_h1_ep80_lr0.0003_bs128_T2.0_lce0.9_lkd1.1_lf0.0_seed14,14,0.951342,0.9382,distill_tcn_attn_weld_seam_windows_ws5_tf75_pg0_h1_ep80_lr0.0003_bs128_T2.0_lce0.9_lkd1.1_lf0.0_seed*,False
distill_tcn_attn_weld_seam_windows_ws5_tf75_pg0_h1_ep80_lr0.0002_bs128_T3.0_lce0.8_lkd1.2_lf0.2_seed14,ablation_experiments/h1/results/comparison_18d_baselines/teacher_student_reference/student_h1_sweep/student_h1_scan96_20260326/stage2/s2_s1_l2_o2_c0/distill_tcn_attn_weld_seam_windows_ws5_tf75_pg0_h1_ep80_lr0.0002_bs128_T3.0_lce0.8_lkd1.2_lf0.2_seed14,14,0.961188,0.9522,distill_tcn_attn_weld_seam_windows_ws5_tf75_pg0_h1_ep80_lr0.0002_bs128_T3.0_lce0.8_lkd1.2_lf0.2_seed*,False
distill_tcn_attn_weld_seam_windows_ws5_tf75_pg0_h1_ep80_lr0.0002_bs128_T3.0_lce0.8_lkd1.2_lf0.2_seed14,ablation_experiments/h1/results/comparison_18d_baselines/teacher_student_reference/student_h1_sweep/student_h1_scan96_20260326/stage2/s2_s1_l2_o2_c1/distill_tcn_attn_weld_seam_windows_ws5_tf75_pg0_h1_ep80_lr0.0002_bs128_T3.0_lce0.8_lkd1.2_lf0.2_seed14,14,0.907637,0.8933,distill_tcn_attn_weld_seam_windows_ws5_tf75_pg0_h1_ep80_lr0.0002_bs128_T3.0_lce0.8_lkd1.2_lf0.2_seed*,False
distill_tcn_attn_weld_seam_windows_ws5_tf75_pg0_h1_ep80_lr0.0002_bs128_T3.0_lce0.8_lkd1.2_lf0.2_seed14,ablation_experiments/h1/results/comparison_18d_baselines/teacher_student_reference/student_h1_sweep/student_h1_scan96_20260326/stage2/s2_s1_l2_o2_c2/distill_tcn_attn_weld_seam_windows_ws5_tf75_pg0_h1_ep80_lr0.0002_bs128_T3.0_lce0.8_lkd1.2_lf0.2_seed14,14,0.852062,0.8343,distill_tcn_attn_weld_seam_windows_ws5_tf75_pg0_h1_ep80_lr0.0002_bs128_T3.0_lce0.8_lkd1.2_lf0.2_seed*,False
distill_tcn_attn_weld_seam_windows_ws5_tf75_pg0_h1_ep80_lr0.0002_bs128_T3.0_lce0.8_lkd1.2_lf0.2_seed14,ablation_experiments/h1/results/comparison_18d_baselines/teacher_student_reference/student_h1_sweep/student_h1_scan96_20260326/stage2/s2_s1_l2_o2_c5/distill_tcn_attn_weld_seam_windows_ws5_tf75_pg0_h1_ep80_lr0.0002_bs128_T3.0_lce0.8_lkd1.2_lf0.2_seed14,14,0.939524,0.9466,distill_tcn_attn_weld_seam_windows_ws5_tf75_pg0_h1_ep80_lr0.0002_bs128_T3.0_lce0.8_lkd1.2_lf0.2_seed*,False
distill_tcn_attn_weld_seam_windows_ws5_tf75_pg0_h1_ep80_lr0.0002_bs128_T3.0_lce0.8_lkd1.2_lf0.2_seed14,ablation_experiments/h1/results/comparison_18d_baselines/teacher_student_reference/student_h1_sweep/student_h1_scan96_20260326/stage2/s2_s1_l2_o2_c6/distill_tcn_attn_weld_seam_windows_ws5_tf75_pg0_h1_ep80_lr0.0002_bs128_T3.0_lce0.8_lkd1.2_lf0.2_seed14,14,0.922652,0.9213,distill_tcn_attn_weld_seam_windows_ws5_tf75_pg0_h1_ep80_lr0.0002_bs128_T3.0_lce0.8_lkd1.2_lf0.2_seed*,False
distill_tcn_attn_weld_seam_windows_ws5_tf75_pg0_h1_ep80_lr0.0002_bs128_T3.0_lce0.8_lkd1.2_lf0.2_seed14,ablation_experiments/h1/results/comparison_18d_baselines/teacher_student_reference/student_h1_sweep/student_h1_scan96_20260326/stage2/s2_s1_l2_o2_c7/distill_tcn_attn_weld_seam_windows_ws5_tf75_pg0_h1_ep80_lr0.0002_bs128_T3.0_lce0.8_lkd1.2_lf0.2_seed14,14,0.870604,0.8511,distill_tcn_attn_weld_seam_windows_ws5_tf75_pg0_h1_ep80_lr0.0002_bs128_T3.0_lce0.8_lkd1.2_lf0.2_seed*,False
distill_tcn_attn_weld_seam_windows_ws5_tf75_pg0_h1_ep80_lr0.0002_bs128_T3.5_lce0.7_lkd1.4_lf0.3_seed14,ablation_experiments/h1/results/comparison_18d_baselines/teacher_student_reference/student_h1_sweep/student_h1_scan96_20260326/stage2/s2_s1_l3_o2_c0/distill_tcn_attn_weld_seam_windows_ws5_tf75_pg0_h1_ep80_lr0.0002_bs128_T3.5_lce0.7_lkd1.4_lf0.3_seed14,14,0.958524,0.9494,distill_tcn_attn_weld_seam_windows_ws5_tf75_pg0_h1_ep80_lr0.0002_bs128_T3.5_lce0.7_lkd1.4_lf0.3_seed*,False
distill_tcn_attn_weld_seam_windows_ws5_tf75_pg0_h1_ep80_lr0.0002_bs128_T3.5_lce0.7_lkd1.4_lf0.3_seed14,ablation_experiments/h1/results/comparison_18d_baselines/teacher_student_reference/student_h1_sweep/student_h1_scan96_20260326/stage2/s2_s1_l3_o2_c1/distill_tcn_attn_weld_seam_windows_ws5_tf75_pg0_h1_ep80_lr0.0002_bs128_T3.5_lce0.7_lkd1.4_lf0.3_seed14,14,0.905254,0.8961,distill_tcn_attn_weld_seam_windows_ws5_tf75_pg0_h1_ep80_lr0.0002_bs128_T3.5_lce0.7_lkd1.4_lf0.3_seed*,False
distill_tcn_attn_weld_seam_windows_ws5_tf75_pg0_h1_ep80_lr0.0002_bs128_T3.5_lce0.7_lkd1.4_lf0.3_seed14,ablation_experiments/h1/results/comparison_18d_baselines/teacher_student_reference/student_h1_sweep/student_h1_scan96_20260326/stage2/s2_s1_l3_o2_c2/distill_tcn_attn_weld_seam_windows_ws5_tf75_pg0_h1_ep80_lr0.0002_bs128_T3.5_lce0.7_lkd1.4_lf0.3_seed14,14,0.973757,0.9635,distill_tcn_attn_weld_seam_windows_ws5_tf75_pg0_h1_ep80_lr0.0002_bs128_T3.5_lce0.7_lkd1.4_lf0.3_seed*,False
distill_tcn_attn_weld_seam_windows_ws5_tf75_pg0_h1_ep80_lr0.0002_bs128_T3.5_lce0.7_lkd1.4_lf0.3_seed14,ablation_experiments/h1/results/comparison_18d_baselines/teacher_student_reference/student_h1_sweep/student_h1_scan96_20260326/stage2/s2_s1_l3_o2_c5/distill_tcn_attn_weld_seam_windows_ws5_tf75_pg0_h1_ep80_lr0.0002_bs128_T3.5_lce0.7_lkd1.4_lf0.3_seed14,14,0.921431,0.9466,distill_tcn_attn_weld_seam_windows_ws5_tf75_pg0_h1_ep80_lr0.0002_bs128_T3.5_lce0.7_lkd1.4_lf0.3_seed*,False
distill_tcn_attn_weld_seam_windows_ws5_tf75_pg0_h1_ep80_lr0.0002_bs128_T3.5_lce0.7_lkd1.4_lf0.3_seed14,ablation_experiments/h1/results/comparison_18d_baselines/teacher_student_reference/student_h1_sweep/student_h1_scan96_20260326/stage2/s2_s1_l3_o2_c6/distill_tcn_attn_weld_seam_windows_ws5_tf75_pg0_h1_ep80_lr0.0002_bs128_T3.5_lce0.7_lkd1.4_lf0.3_seed14,14,0.92816,0.9213,distill_tcn_attn_weld_seam_windows_ws5_tf75_pg0_h1_ep80_lr0.0002_bs128_T3.5_lce0.7_lkd1.4_lf0.3_seed*,False
distill_tcn_attn_weld_seam_windows_ws5_tf75_pg0_h1_ep80_lr0.0002_bs128_T3.5_lce0.7_lkd1.4_lf0.3_seed14,ablation_experiments/h1/results/comparison_18d_baselines/teacher_student_reference/student_h1_sweep/student_h1_scan96_20260326/stage2/s2_s1_l3_o2_c7/distill_tcn_attn_weld_seam_windows_ws5_tf75_pg0_h1_ep80_lr0.0002_bs128_T3.5_lce0.7_lkd1.4_lf0.3_seed14,14,0.877476,0.8595999999999999,distill_tcn_attn_weld_seam_windows_ws5_tf75_pg0_h1_ep80_lr0.0002_bs128_T3.5_lce0.7_lkd1.4_lf0.3_seed*,False
distill_tcn_attn_weld_seam_windows_ws5_tf75_pg0_h1_ep80_lr0.0003_bs128_T2.0_lce0.9_lkd1.1_lf0.0_seed14,ablation_experiments/h1/results/comparison_18d_baselines/teacher_student_reference/student_h1_sweep/student_h1_scan96_20260326/stage2/s2_s1_l4_o4_c0/distill_tcn_attn_weld_seam_windows_ws5_tf75_pg0_h1_ep80_lr0.0003_bs128_T2.0_lce0.9_lkd1.1_lf0.0_seed14,14,0.951342,0.9382,distill_tcn_attn_weld_seam_windows_ws5_tf75_pg0_h1_ep80_lr0.0003_bs128_T2.0_lce0.9_lkd1.1_lf0.0_seed*,False
distill_tcn_attn_weld_seam_windows_ws5_tf75_pg0_h1_ep80_lr0.0003_bs128_T2.0_lce0.9_lkd1.1_lf0.0_seed14,ablation_experiments/h1/results/comparison_18d_baselines/teacher_student_reference/student_h1_sweep/student_h1_scan96_20260326/stage2/s2_s1_l4_o4_c1/distill_tcn_attn_weld_seam_windows_ws5_tf75_pg0_h1_ep80_lr0.0003_bs128_T2.0_lce0.9_lkd1.1_lf0.0_seed14,14,0.964004,0.9522,distill_tcn_attn_weld_seam_windows_ws5_tf75_pg0_h1_ep80_lr0.0003_bs128_T2.0_lce0.9_lkd1.1_lf0.0_seed*,False
distill_tcn_attn_weld_seam_windows_ws5_tf75_pg0_h1_ep80_lr0.0003_bs128_T2.0_lce0.9_lkd1.1_lf0.0_seed14,ablation_experiments/h1/results/comparison_18d_baselines/teacher_student_reference/student_h1_sweep/student_h1_scan96_20260326/stage2/s2_s1_l4_o4_c2/distill_tcn_attn_weld_seam_windows_ws5_tf75_pg0_h1_ep80_lr0.0003_bs128_T2.0_lce0.9_lkd1.1_lf0.0_seed14,14,0.951342,0.9382,distill_tcn_attn_weld_seam_windows_ws5_tf75_pg0_h1_ep80_lr0.0003_bs128_T2.0_lce0.9_lkd1.1_lf0.0_seed*,False
distill_tcn_attn_weld_seam_windows_ws5_tf75_pg0_h1_ep80_lr0.0003_bs128_T2.0_lce0.9_lkd1.1_lf0.0_seed14,ablation_experiments/h1/results/comparison_18d_baselines/teacher_student_reference/student_h1_sweep/student_h1_scan96_20260326/stage2/s2_s1_l4_o4_c5/distill_tcn_attn_weld_seam_windows_ws5_tf75_pg0_h1_ep80_lr0.0003_bs128_T2.0_lce0.9_lkd1.1_lf0.0_seed14,14,0.931336,0.9466,distill_tcn_attn_weld_seam_windows_ws5_tf75_pg0_h1_ep80_lr0.0003_bs128_T2.0_lce0.9_lkd1.1_lf0.0_seed*,False
distill_tcn_attn_weld_seam_windows_ws5_tf75_pg0_h1_ep80_lr0.0003_bs128_T2.0_lce0.9_lkd1.1_lf0.0_seed14,ablation_experiments/h1/results/comparison_18d_baselines/teacher_student_reference/student_h1_sweep/student_h1_scan96_20260326/stage2/s2_s1_l4_o4_c6/distill_tcn_attn_weld_seam_windows_ws5_tf75_pg0_h1_ep80_lr0.0003_bs128_T2.0_lce0.9_lkd1.1_lf0.0_seed14,14,0.953686,0.9382,distill_tcn_attn_weld_seam_windows_ws5_tf75_pg0_h1_ep80_lr0.0003_bs128_T2.0_lce0.9_lkd1.1_lf0.0_seed*,False
distill_tcn_attn_weld_seam_windows_ws5_tf75_pg0_h1_ep80_lr0.0003_bs128_T2.0_lce0.9_lkd1.1_lf0.0_seed14,ablation_experiments/h1/results/comparison_18d_baselines/teacher_student_reference/student_h1_sweep/student_h1_scan96_20260326/stage2/s2_s1_l4_o4_c7/distill_tcn_attn_weld_seam_windows_ws5_tf75_pg0_h1_ep80_lr0.0003_bs128_T2.0_lce0.9_lkd1.1_lf0.0_seed14,14,0.971053,0.9663,distill_tcn_attn_weld_seam_windows_ws5_tf75_pg0_h1_ep80_lr0.0003_bs128_T2.0_lce0.9_lkd1.1_lf0.0_seed*,False
distill_tcn_attn_weld_seam_windows_ws5_tf75_pg0_h1_ep80_lr0.00015000000000000001_bs128_T3.0_lce0.8_lkd1.2_lf0.2_seed14,ablation_experiments/h1/results/comparison_18d_baselines/teacher_student_reference/student_h1_sweep/student_h1_scan96_20260326/stage3/s3_s2_s1_l2_o2_c0_r1/distill_tcn_attn_weld_seam_windows_ws5_tf75_pg0_h1_ep80_lr0.00015000000000000001_bs128_T3.0_lce0.8_lkd1.2_lf0.2_seed14,14,0.93021,0.9213,distill_tcn_attn_weld_seam_windows_ws5_tf75_pg0_h1_ep80_lr0.00015000000000000001_bs128_T3.0_lce0.8_lkd1.2_lf0.2_seed*,False
distill_tcn_attn_weld_seam_windows_ws5_tf75_pg0_h1_ep80_lr0.00025_bs128_T3.0_lce0.8_lkd1.2_lf0.2_seed14,ablation_experiments/h1/results/comparison_18d_baselines/teacher_student_reference/student_h1_sweep/student_h1_scan96_20260326/stage3/s3_s2_s1_l2_o2_c0_r2/distill_tcn_attn_weld_seam_windows_ws5_tf75_pg0_h1_ep80_lr0.00025_bs128_T3.0_lce0.8_lkd1.2_lf0.2_seed14,14,0.921064,0.9073,distill_tcn_attn_weld_seam_windows_ws5_tf75_pg0_h1_ep80_lr0.00025_bs128_T3.0_lce0.8_lkd1.2_lf0.2_seed*,False
distill_tcn_attn_weld_seam_windows_ws5_tf75_pg0_h1_ep80_lr0.0002_bs128_T3.5_lce0.8_lkd1.2_lf0.2_seed14,ablation_experiments/h1/results/comparison_18d_baselines/teacher_student_reference/student_h1_sweep/student_h1_scan96_20260326/stage3/s3_s2_s1_l2_o2_c0_r3/distill_tcn_attn_weld_seam_windows_ws5_tf75_pg0_h1_ep80_lr0.0002_bs128_T3.5_lce0.8_lkd1.2_lf0.2_seed14,14,0.836943,0.8201999999999999,distill_tcn_attn_weld_seam_windows_ws5_tf75_pg0_h1_ep80_lr0.0002_bs128_T3.5_lce0.8_lkd1.2_lf0.2_seed*,False
distill_tcn_attn_weld_seam_windows_ws5_tf75_pg0_h1_ep80_lr0.0002_bs128_T3.0_lce0.7000000000000001_lkd1.4_lf0.2_seed14,ablation_experiments/h1/results/comparison_18d_baselines/teacher_student_reference/student_h1_sweep/student_h1_scan96_20260326/stage3/s3_s2_s1_l2_o2_c0_r4/distill_tcn_attn_weld_seam_windows_ws5_tf75_pg0_h1_ep80_lr0.0002_bs128_T3.0_lce0.7000000000000001_lkd1.4_lf0.2_seed14,14,0.901792,0.9354,distill_tcn_attn_weld_seam_windows_ws5_tf75_pg0_h1_ep80_lr0.0002_bs128_T3.0_lce0.7000000000000001_lkd1.4_lf0.2_seed*,False
distill_tcn_attn_weld_seam_windows_ws5_tf75_pg0_h1_ep80_lr0.0002_bs128_T3.0_lce0.8_lkd1.3_lf0.3_seed14,ablation_experiments/h1/results/comparison_18d_baselines/teacher_student_reference/student_h1_sweep/student_h1_scan96_20260326/stage3/s3_s2_s1_l2_o2_c0_r5/distill_tcn_attn_weld_seam_windows_ws5_tf75_pg0_h1_ep80_lr0.0002_bs128_T3.0_lce0.8_lkd1.3_lf0.3_seed14,14,0.961188,0.9522,distill_tcn_attn_weld_seam_windows_ws5_tf75_pg0_h1_ep80_lr0.0002_bs128_T3.0_lce0.8_lkd1.3_lf0.3_seed*,False
distill_tcn_attn_weld_seam_windows_ws5_tf75_pg0_h1_ep80_lr0.00015000000000000001_bs128_T3.5_lce0.7_lkd1.4_lf0.3_seed14,ablation_experiments/h1/results/comparison_18d_baselines/teacher_student_reference/student_h1_sweep/student_h1_scan96_20260326/stage3/s3_s2_s1_l3_o2_c2_r1/distill_tcn_attn_weld_seam_windows_ws5_tf75_pg0_h1_ep80_lr0.00015000000000000001_bs128_T3.5_lce0.7_lkd1.4_lf0.3_seed14,14,0.92316,0.9129,distill_tcn_attn_weld_seam_windows_ws5_tf75_pg0_h1_ep80_lr0.00015000000000000001_bs128_T3.5_lce0.7_lkd1.4_lf0.3_seed*,False
distill_tcn_attn_weld_seam_windows_ws5_tf75_pg0_h1_ep80_lr0.00025_bs128_T3.5_lce0.7_lkd1.4_lf0.3_seed14,ablation_experiments/h1/results/comparison_18d_baselines/teacher_student_reference/student_h1_sweep/student_h1_scan96_20260326/stage3/s3_s2_s1_l3_o2_c2_r2/distill_tcn_attn_weld_seam_windows_ws5_tf75_pg0_h1_ep80_lr0.00025_bs128_T3.5_lce0.7_lkd1.4_lf0.3_seed14,14,0.906597,0.8961,distill_tcn_attn_weld_seam_windows_ws5_tf75_pg0_h1_ep80_lr0.00025_bs128_T3.5_lce0.7_lkd1.4_lf0.3_seed*,False
distill_tcn_attn_weld_seam_windows_ws5_tf75_pg0_h1_ep80_lr0.0002_bs128_T4.0_lce0.7_lkd1.4_lf0.3_seed14,ablation_experiments/h1/results/comparison_18d_baselines/teacher_student_reference/student_h1_sweep/student_h1_scan96_20260326/stage3/s3_s2_s1_l3_o2_c2_r3/distill_tcn_attn_weld_seam_windows_ws5_tf75_pg0_h1_ep80_lr0.0002_bs128_T4.0_lce0.7_lkd1.4_lf0.3_seed14,14,0.973757,0.9635,distill_tcn_attn_weld_seam_windows_ws5_tf75_pg0_h1_ep80_lr0.0002_bs128_T4.0_lce0.7_lkd1.4_lf0.3_seed*,False
distill_tcn_attn_weld_seam_windows_ws5_tf75_pg0_h1_ep80_lr0.0002_bs128_T3.5_lce0.6_lkd1.5999999999999999_lf0.3_seed14,ablation_experiments/h1/results/comparison_18d_baselines/teacher_student_reference/student_h1_sweep/student_h1_scan96_20260326/stage3/s3_s2_s1_l3_o2_c2_r4/distill_tcn_attn_weld_seam_windows_ws5_tf75_pg0_h1_ep80_lr0.0002_bs128_T3.5_lce0.6_lkd1.5999999999999999_lf0.3_seed14,14,0.963039,0.9522,distill_tcn_attn_weld_seam_windows_ws5_tf75_pg0_h1_ep80_lr0.0002_bs128_T3.5_lce0.6_lkd1.5999999999999999_lf0.3_seed*,False
distill_tcn_attn_weld_seam_windows_ws5_tf75_pg0_h1_ep80_lr0.0002_bs128_T3.5_lce0.7_lkd1.5_lf0.3_seed14,ablation_experiments/h1/results/comparison_18d_baselines/teacher_student_reference/student_h1_sweep/student_h1_scan96_20260326/stage3/s3_s2_s1_l3_o2_c2_r5/distill_tcn_attn_weld_seam_windows_ws5_tf75_pg0_h1_ep80_lr0.0002_bs128_T3.5_lce0.7_lkd1.5_lf0.3_seed14,14,0.973757,0.9635,distill_tcn_attn_weld_seam_windows_ws5_tf75_pg0_h1_ep80_lr0.0002_bs128_T3.5_lce0.7_lkd1.5_lf0.3_seed*,True
distill_tcn_attn_weld_seam_windows_ws5_tf75_pg0_h1_ep80_lr0.00024999999999999995_bs128_T2.0_lce0.9_lkd1.1_lf0.0_seed14,ablation_experiments/h1/results/comparison_18d_baselines/teacher_student_reference/student_h1_sweep/student_h1_scan96_20260326/stage3/s3_s2_s1_l4_o4_c1_r1/distill_tcn_attn_weld_seam_windows_ws5_tf75_pg0_h1_ep80_lr0.00024999999999999995_bs128_T2.0_lce0.9_lkd1.1_lf0.0_seed14,14,0.940489,0.927,distill_tcn_attn_weld_seam_windows_ws5_tf75_pg0_h1_ep80_lr0.00024999999999999995_bs128_T2.0_lce0.9_lkd1.1_lf0.0_seed*,False
distill_tcn_attn_weld_seam_windows_ws5_tf75_pg0_h1_ep80_lr0.00035_bs128_T2.0_lce0.9_lkd1.1_lf0.0_seed14,ablation_experiments/h1/results/comparison_18d_baselines/teacher_student_reference/student_h1_sweep/student_h1_scan96_20260326/stage3/s3_s2_s1_l4_o4_c1_r2/distill_tcn_attn_weld_seam_windows_ws5_tf75_pg0_h1_ep80_lr0.00035_bs128_T2.0_lce0.9_lkd1.1_lf0.0_seed14,14,0.773834,0.7331,distill_tcn_attn_weld_seam_windows_ws5_tf75_pg0_h1_ep80_lr0.00035_bs128_T2.0_lce0.9_lkd1.1_lf0.0_seed*,False
distill_tcn_attn_weld_seam_windows_ws5_tf75_pg0_h1_ep80_lr0.0003_bs128_T2.5_lce0.9_lkd1.1_lf0.0_seed14,ablation_experiments/h1/results/comparison_18d_baselines/teacher_student_reference/student_h1_sweep/student_h1_scan96_20260326/stage3/s3_s2_s1_l4_o4_c1_r3/distill_tcn_attn_weld_seam_windows_ws5_tf75_pg0_h1_ep80_lr0.0003_bs128_T2.5_lce0.9_lkd1.1_lf0.0_seed14,14,0.961331,0.9494,distill_tcn_attn_weld_seam_windows_ws5_tf75_pg0_h1_ep80_lr0.0003_bs128_T2.5_lce0.9_lkd1.1_lf0.0_seed*,False
distill_tcn_attn_weld_seam_windows_ws5_tf75_pg0_h1_ep80_lr0.0003_bs128_T2.0_lce0.8_lkd1.3_lf0.0_seed14,ablation_experiments/h1/results/comparison_18d_baselines/teacher_student_reference/student_h1_sweep/student_h1_scan96_20260326/stage3/s3_s2_s1_l4_o4_c1_r4/distill_tcn_attn_weld_seam_windows_ws5_tf75_pg0_h1_ep80_lr0.0003_bs128_T2.0_lce0.8_lkd1.3_lf0.0_seed14,14,0.956032,0.9438,distill_tcn_attn_weld_seam_windows_ws5_tf75_pg0_h1_ep80_lr0.0003_bs128_T2.0_lce0.8_lkd1.3_lf0.0_seed*,False
distill_tcn_attn_weld_seam_windows_ws5_tf75_pg0_h1_ep80_lr0.0003_bs128_T2.0_lce0.9_lkd1.2000000000000002_lf0.1_seed14,ablation_experiments/h1/results/comparison_18d_baselines/teacher_student_reference/student_h1_sweep/student_h1_scan96_20260326/stage3/s3_s2_s1_l4_o4_c1_r5/distill_tcn_attn_weld_seam_windows_ws5_tf75_pg0_h1_ep80_lr0.0003_bs128_T2.0_lce0.9_lkd1.2000000000000002_lf0.1_seed14,14,0.964004,0.9522,distill_tcn_attn_weld_seam_windows_ws5_tf75_pg0_h1_ep80_lr0.0003_bs128_T2.0_lce0.9_lkd1.2000000000000002_lf0.1_seed*,False
distill_tcn_attn_weld_seam_windows_ws5_tf75_pg0_h1_ep80_lr0.00024999999999999995_bs128_T2.0_lce0.9_lkd1.1_lf0.0_seed14,ablation_experiments/h1/results/comparison_18d_baselines/teacher_student_reference/student_h1_sweep/student_h1_scan96_20260326/stage3/s3_s2_s1_l4_o4_c7_r1/distill_tcn_attn_weld_seam_windows_ws5_tf75_pg0_h1_ep80_lr0.00024999999999999995_bs128_T2.0_lce0.9_lkd1.1_lf0.0_seed14,14,0.922403,0.9129,distill_tcn_attn_weld_seam_windows_ws5_tf75_pg0_h1_ep80_lr0.00024999999999999995_bs128_T2.0_lce0.9_lkd1.1_lf0.0_seed*,False
distill_tcn_attn_weld_seam_windows_ws5_tf75_pg0_h1_ep80_lr0.00035_bs128_T2.0_lce0.9_lkd1.1_lf0.0_seed14,ablation_experiments/h1/results/comparison_18d_baselines/teacher_student_reference/student_h1_sweep/student_h1_scan96_20260326/stage3/s3_s2_s1_l4_o4_c7_r2/distill_tcn_attn_weld_seam_windows_ws5_tf75_pg0_h1_ep80_lr0.00035_bs128_T2.0_lce0.9_lkd1.1_lf0.0_seed14,14,0.787827,0.7472,distill_tcn_attn_weld_seam_windows_ws5_tf75_pg0_h1_ep80_lr0.00035_bs128_T2.0_lce0.9_lkd1.1_lf0.0_seed*,False
distill_tcn_attn_weld_seam_windows_ws5_tf75_pg0_h1_ep80_lr0.0003_bs128_T2.5_lce0.9_lkd1.1_lf0.0_seed14,ablation_experiments/h1/results/comparison_18d_baselines/teacher_student_reference/student_h1_sweep/student_h1_scan96_20260326/stage3/s3_s2_s1_l4_o4_c7_r3/distill_tcn_attn_weld_seam_windows_ws5_tf75_pg0_h1_ep80_lr0.0003_bs128_T2.5_lce0.9_lkd1.1_lf0.0_seed14,14,0.971053,0.9663,distill_tcn_attn_weld_seam_windows_ws5_tf75_pg0_h1_ep80_lr0.0003_bs128_T2.5_lce0.9_lkd1.1_lf0.0_seed*,False
distill_tcn_attn_weld_seam_windows_ws5_tf75_pg0_h1_ep80_lr0.0003_bs128_T2.0_lce0.8_lkd1.3_lf0.0_seed14,ablation_experiments/h1/results/comparison_18d_baselines/teacher_student_reference/student_h1_sweep/student_h1_scan96_20260326/stage3/s3_s2_s1_l4_o4_c7_r4/distill_tcn_attn_weld_seam_windows_ws5_tf75_pg0_h1_ep80_lr0.0003_bs128_T2.0_lce0.8_lkd1.3_lf0.0_seed14,14,0.971053,0.9663,distill_tcn_attn_weld_seam_windows_ws5_tf75_pg0_h1_ep80_lr0.0003_bs128_T2.0_lce0.8_lkd1.3_lf0.0_seed*,False
distill_tcn_attn_weld_seam_windows_ws5_tf75_pg0_h1_ep80_lr0.0003_bs128_T2.0_lce0.9_lkd1.2000000000000002_lf0.1_seed14,ablation_experiments/h1/results/comparison_18d_baselines/teacher_student_reference/student_h1_sweep/student_h1_scan96_20260326/stage3/s3_s2_s1_l4_o4_c7_r5/distill_tcn_attn_weld_seam_windows_ws5_tf75_pg0_h1_ep80_lr0.0003_bs128_T2.0_lce0.9_lkd1.2000000000000002_lf0.1_seed14,14,0.976478,0.9719,distill_tcn_attn_weld_seam_windows_ws5_tf75_pg0_h1_ep80_lr0.0003_bs128_T2.0_lce0.9_lkd1.2000000000000002_lf0.1_seed*,False
distill_tcn_attn_weld_seam_windows_ws5_tf75_pg0_h1_ep80_lr0.0002_bs128_T4.0_lce0.7_lkd1.4_lf0.3_seed122,ablation_experiments/h1/results/comparison_18d_baselines/teacher_student_reference/student_h1_sweep/student_h1_scan96_20260326/stage4/stage4_s3_s2_s1_l3_o2_c2_r3/distill_tcn_attn_weld_seam_windows_ws5_tf75_pg0_h1_ep80_lr0.0002_bs128_T4.0_lce0.7_lkd1.4_lf0.3_seed122,122,0.91752,0.9326,distill_tcn_attn_weld_seam_windows_ws5_tf75_pg0_h1_ep80_lr0.0002_bs128_T4.0_lce0.7_lkd1.4_lf0.3_seed*,False
distill_tcn_attn_weld_seam_windows_ws5_tf75_pg0_h1_ep80_lr0.0002_bs128_T4.0_lce0.7_lkd1.4_lf0.3_seed183,ablation_experiments/h1/results/comparison_18d_baselines/teacher_student_reference/student_h1_sweep/student_h1_scan96_20260326/stage4/stage4_s3_s2_s1_l3_o2_c2_r3/distill_tcn_attn_weld_seam_windows_ws5_tf75_pg0_h1_ep80_lr0.0002_bs128_T4.0_lce0.7_lkd1.4_lf0.3_seed183,183,0.848811,0.8399,distill_tcn_attn_weld_seam_windows_ws5_tf75_pg0_h1_ep80_lr0.0002_bs128_T4.0_lce0.7_lkd1.4_lf0.3_seed*,False
distill_tcn_attn_weld_seam_windows_ws5_tf75_pg0_h1_ep80_lr0.0002_bs128_T4.0_lce0.7_lkd1.4_lf0.3_seed21,ablation_experiments/h1/results/comparison_18d_baselines/teacher_student_reference/student_h1_sweep/student_h1_scan96_20260326/stage4/stage4_s3_s2_s1_l3_o2_c2_r3/distill_tcn_attn_weld_seam_windows_ws5_tf75_pg0_h1_ep80_lr0.0002_bs128_T4.0_lce0.7_lkd1.4_lf0.3_seed21,21,0.821911,0.7978000000000001,distill_tcn_attn_weld_seam_windows_ws5_tf75_pg0_h1_ep80_lr0.0002_bs128_T4.0_lce0.7_lkd1.4_lf0.3_seed*,False
distill_tcn_attn_weld_seam_windows_ws5_tf75_pg0_h1_ep80_lr0.0002_bs128_T4.0_lce0.7_lkd1.4_lf0.3_seed7,ablation_experiments/h1/results/comparison_18d_baselines/teacher_student_reference/student_h1_sweep/student_h1_scan96_20260326/stage4/stage4_s3_s2_s1_l3_o2_c2_r3/distill_tcn_attn_weld_seam_windows_ws5_tf75_pg0_h1_ep80_lr0.0002_bs128_T4.0_lce0.7_lkd1.4_lf0.3_seed7,7,0.892659,0.9185,distill_tcn_attn_weld_seam_windows_ws5_tf75_pg0_h1_ep80_lr0.0002_bs128_T4.0_lce0.7_lkd1.4_lf0.3_seed*,False
distill_tcn_attn_weld_seam_windows_ws5_tf75_pg0_h1_ep80_lr0.0002_bs128_T4.0_lce0.7_lkd1.4_lf0.3_seed77,ablation_experiments/h1/results/comparison_18d_baselines/teacher_student_reference/student_h1_sweep/student_h1_scan96_20260326/stage4/stage4_s3_s2_s1_l3_o2_c2_r3/distill_tcn_attn_weld_seam_windows_ws5_tf75_pg0_h1_ep80_lr0.0002_bs128_T4.0_lce0.7_lkd1.4_lf0.3_seed77,77,0.889827,0.9157,distill_tcn_attn_weld_seam_windows_ws5_tf75_pg0_h1_ep80_lr0.0002_bs128_T4.0_lce0.7_lkd1.4_lf0.3_seed*,False
distill_tcn_attn_weld_seam_windows_ws5_tf75_pg0_h1_ep80_lr0.0002_bs128_T3.5_lce0.7_lkd1.5_lf0.3_seed122,ablation_experiments/h1/results/comparison_18d_baselines/teacher_student_reference/student_h1_sweep/student_h1_scan96_20260326/stage4/stage4_s3_s2_s1_l3_o2_c2_r5/distill_tcn_attn_weld_seam_windows_ws5_tf75_pg0_h1_ep80_lr0.0002_bs128_T3.5_lce0.7_lkd1.5_lf0.3_seed122,122,0.9216,0.9354,distill_tcn_attn_weld_seam_windows_ws5_tf75_pg0_h1_ep80_lr0.0002_bs128_T3.5_lce0.7_lkd1.5_lf0.3_seed*,True
distill_tcn_attn_weld_seam_windows_ws5_tf75_pg0_h1_ep80_lr0.0002_bs128_T3.5_lce0.7_lkd1.5_lf0.3_seed183,ablation_experiments/h1/results/comparison_18d_baselines/teacher_student_reference/student_h1_sweep/student_h1_scan96_20260326/stage4/stage4_s3_s2_s1_l3_o2_c2_r5/distill_tcn_attn_weld_seam_windows_ws5_tf75_pg0_h1_ep80_lr0.0002_bs128_T3.5_lce0.7_lkd1.5_lf0.3_seed183,183,0.917694,0.9298,distill_tcn_attn_weld_seam_windows_ws5_tf75_pg0_h1_ep80_lr0.0002_bs128_T3.5_lce0.7_lkd1.5_lf0.3_seed*,True
distill_tcn_attn_weld_seam_windows_ws5_tf75_pg0_h1_ep80_lr0.0002_bs128_T3.5_lce0.7_lkd1.5_lf0.3_seed21,ablation_experiments/h1/results/comparison_18d_baselines/teacher_student_reference/student_h1_sweep/student_h1_scan96_20260326/stage4/stage4_s3_s2_s1_l3_o2_c2_r5/distill_tcn_attn_weld_seam_windows_ws5_tf75_pg0_h1_ep80_lr0.0002_bs128_T3.5_lce0.7_lkd1.5_lf0.3_seed21,21,0.816386,0.7978000000000001,distill_tcn_attn_weld_seam_windows_ws5_tf75_pg0_h1_ep80_lr0.0002_bs128_T3.5_lce0.7_lkd1.5_lf0.3_seed*,True
distill_tcn_attn_weld_seam_windows_ws5_tf75_pg0_h1_ep80_lr0.0002_bs128_T3.5_lce0.7_lkd1.5_lf0.3_seed7,ablation_experiments/h1/results/comparison_18d_baselines/teacher_student_reference/student_h1_sweep/student_h1_scan96_20260326/stage4/stage4_s3_s2_s1_l3_o2_c2_r5/distill_tcn_attn_weld_seam_windows_ws5_tf75_pg0_h1_ep80_lr0.0002_bs128_T3.5_lce0.7_lkd1.5_lf0.3_seed7,7,0.896672,0.9213,distill_tcn_attn_weld_seam_windows_ws5_tf75_pg0_h1_ep80_lr0.0002_bs128_T3.5_lce0.7_lkd1.5_lf0.3_seed*,True
distill_tcn_attn_weld_seam_windows_ws5_tf75_pg0_h1_ep80_lr0.0002_bs128_T3.5_lce0.7_lkd1.5_lf0.3_seed77,ablation_experiments/h1/results/comparison_18d_baselines/teacher_student_reference/student_h1_sweep/student_h1_scan96_20260326/stage4/stage4_s3_s2_s1_l3_o2_c2_r5/distill_tcn_attn_weld_seam_windows_ws5_tf75_pg0_h1_ep80_lr0.0002_bs128_T3.5_lce0.7_lkd1.5_lf0.3_seed77,77,0.889827,0.9157,distill_tcn_attn_weld_seam_windows_ws5_tf75_pg0_h1_ep80_lr0.0002_bs128_T3.5_lce0.7_lkd1.5_lf0.3_seed*,True
distill_tcn_attn_weld_seam_windows_ws5_tf75_pg0_h1_ep80_lr0.0003_bs128_T2.5_lce0.9_lkd1.1_lf0.0_seed122,ablation_experiments/h1/results/comparison_18d_baselines/teacher_student_reference/student_h1_sweep/student_h1_scan96_20260326/stage4/stage4_s3_s2_s1_l4_o4_c7_r3/distill_tcn_attn_weld_seam_windows_ws5_tf75_pg0_h1_ep80_lr0.0003_bs128_T2.5_lce0.9_lkd1.1_lf0.0_seed122,122,0.904402,0.9382,distill_tcn_attn_weld_seam_windows_ws5_tf75_pg0_h1_ep80_lr0.0003_bs128_T2.5_lce0.9_lkd1.1_lf0.0_seed*,False
distill_tcn_attn_weld_seam_windows_ws5_tf75_pg0_h1_ep80_lr0.0003_bs128_T2.5_lce0.9_lkd1.1_lf0.0_seed183,ablation_experiments/h1/results/comparison_18d_baselines/teacher_student_reference/student_h1_sweep/student_h1_scan96_20260326/stage4/stage4_s3_s2_s1_l4_o4_c7_r3/distill_tcn_attn_weld_seam_windows_ws5_tf75_pg0_h1_ep80_lr0.0003_bs128_T2.5_lce0.9_lkd1.1_lf0.0_seed183,183,0.886656,0.8904000000000001,distill_tcn_attn_weld_seam_windows_ws5_tf75_pg0_h1_ep80_lr0.0003_bs128_T2.5_lce0.9_lkd1.1_lf0.0_seed*,False
distill_tcn_attn_weld_seam_windows_ws5_tf75_pg0_h1_ep80_lr0.0003_bs128_T2.5_lce0.9_lkd1.1_lf0.0_seed21,ablation_experiments/h1/results/comparison_18d_baselines/teacher_student_reference/student_h1_sweep/student_h1_scan96_20260326/stage4/stage4_s3_s2_s1_l4_o4_c7_r3/distill_tcn_attn_weld_seam_windows_ws5_tf75_pg0_h1_ep80_lr0.0003_bs128_T2.5_lce0.9_lkd1.1_lf0.0_seed21,21,0.794365,0.764,distill_tcn_attn_weld_seam_windows_ws5_tf75_pg0_h1_ep80_lr0.0003_bs128_T2.5_lce0.9_lkd1.1_lf0.0_seed*,False
distill_tcn_attn_weld_seam_windows_ws5_tf75_pg0_h1_ep80_lr0.0003_bs128_T2.5_lce0.9_lkd1.1_lf0.0_seed7,ablation_experiments/h1/results/comparison_18d_baselines/teacher_student_reference/student_h1_sweep/student_h1_scan96_20260326/stage4/stage4_s3_s2_s1_l4_o4_c7_r3/distill_tcn_attn_weld_seam_windows_ws5_tf75_pg0_h1_ep80_lr0.0003_bs128_T2.5_lce0.9_lkd1.1_lf0.0_seed7,7,0.876035,0.9185,distill_tcn_attn_weld_seam_windows_ws5_tf75_pg0_h1_ep80_lr0.0003_bs128_T2.5_lce0.9_lkd1.1_lf0.0_seed*,False
distill_tcn_attn_weld_seam_windows_ws5_tf75_pg0_h1_ep80_lr0.0003_bs128_T2.5_lce0.9_lkd1.1_lf0.0_seed77,ablation_experiments/h1/results/comparison_18d_baselines/teacher_student_reference/student_h1_sweep/student_h1_scan96_20260326/stage4/stage4_s3_s2_s1_l4_o4_c7_r3/distill_tcn_attn_weld_seam_windows_ws5_tf75_pg0_h1_ep80_lr0.0003_bs128_T2.5_lce0.9_lkd1.1_lf0.0_seed77,77,0.804931,0.8146,distill_tcn_attn_weld_seam_windows_ws5_tf75_pg0_h1_ep80_lr0.0003_bs128_T2.5_lce0.9_lkd1.1_lf0.0_seed*,False
distill_tcn_attn_weld_seam_windows_ws5_tf75_pg0_h1_ep80_lr0.0003_bs128_T2.0_lce0.9_lkd1.2000000000000002_lf0.1_seed122,ablation_experiments/h1/results/comparison_18d_baselines/teacher_student_reference/student_h1_sweep/student_h1_scan96_20260326/stage4/stage4_s3_s2_s1_l4_o4_c7_r5/distill_tcn_attn_weld_seam_windows_ws5_tf75_pg0_h1_ep80_lr0.0003_bs128_T2.0_lce0.9_lkd1.2000000000000002_lf0.1_seed122,122,0.895427,0.9298,distill_tcn_attn_weld_seam_windows_ws5_tf75_pg0_h1_ep80_lr0.0003_bs128_T2.0_lce0.9_lkd1.2000000000000002_lf0.1_seed*,False
distill_tcn_attn_weld_seam_windows_ws5_tf75_pg0_h1_ep80_lr0.0003_bs128_T2.0_lce0.9_lkd1.2000000000000002_lf0.1_seed183,ablation_experiments/h1/results/comparison_18d_baselines/teacher_student_reference/student_h1_sweep/student_h1_scan96_20260326/stage4/stage4_s3_s2_s1_l4_o4_c7_r5/distill_tcn_attn_weld_seam_windows_ws5_tf75_pg0_h1_ep80_lr0.0003_bs128_T2.0_lce0.9_lkd1.2000000000000002_lf0.1_seed183,183,0.933699,0.9298,distill_tcn_attn_weld_seam_windows_ws5_tf75_pg0_h1_ep80_lr0.0003_bs128_T2.0_lce0.9_lkd1.2000000000000002_lf0.1_seed*,False
distill_tcn_attn_weld_seam_windows_ws5_tf75_pg0_h1_ep80_lr0.0003_bs128_T2.0_lce0.9_lkd1.2000000000000002_lf0.1_seed21,ablation_experiments/h1/results/comparison_18d_baselines/teacher_student_reference/student_h1_sweep/student_h1_scan96_20260326/stage4/stage4_s3_s2_s1_l4_o4_c7_r5/distill_tcn_attn_weld_seam_windows_ws5_tf75_pg0_h1_ep80_lr0.0003_bs128_T2.0_lce0.9_lkd1.2000000000000002_lf0.1_seed21,21,0.79216,0.7612000000000001,distill_tcn_attn_weld_seam_windows_ws5_tf75_pg0_h1_ep80_lr0.0003_bs128_T2.0_lce0.9_lkd1.2000000000000002_lf0.1_seed*,False
distill_tcn_attn_weld_seam_windows_ws5_tf75_pg0_h1_ep80_lr0.0003_bs128_T2.0_lce0.9_lkd1.2000000000000002_lf0.1_seed7,ablation_experiments/h1/results/comparison_18d_baselines/teacher_student_reference/student_h1_sweep/student_h1_scan96_20260326/stage4/stage4_s3_s2_s1_l4_o4_c7_r5/distill_tcn_attn_weld_seam_windows_ws5_tf75_pg0_h1_ep80_lr0.0003_bs128_T2.0_lce0.9_lkd1.2000000000000002_lf0.1_seed7,7,0.896812,0.9298,distill_tcn_attn_weld_seam_windows_ws5_tf75_pg0_h1_ep80_lr0.0003_bs128_T2.0_lce0.9_lkd1.2000000000000002_lf0.1_seed*,False
distill_tcn_attn_weld_seam_windows_ws5_tf75_pg0_h1_ep80_lr0.0003_bs128_T2.0_lce0.9_lkd1.2000000000000002_lf0.1_seed77,ablation_experiments/h1/results/comparison_18d_baselines/teacher_student_reference/student_h1_sweep/student_h1_scan96_20260326/stage4/stage4_s3_s2_s1_l4_o4_c7_r5/distill_tcn_attn_weld_seam_windows_ws5_tf75_pg0_h1_ep80_lr0.0003_bs128_T2.0_lce0.9_lkd1.2000000000000002_lf0.1_seed77,77,0.793582,0.8006,distill_tcn_attn_weld_seam_windows_ws5_tf75_pg0_h1_ep80_lr0.0003_bs128_T2.0_lce0.9_lkd1.2000000000000002_lf0.1_seed*,False
distill_tcn_attn_weld_seam_windows_ws5_tf75_pg0_h1_ep80_lr0.0002_bs128_T3.0_lce0.8_lkd1.2_lf0.2_seed14,ablation_experiments/h1/results/comparison_18d_baselines/teacher_student_reference/student_h1_sweep/student_h1_scan96_smoke_20260326/stage0/s0_val_macro_f1_seed14/distill_tcn_attn_weld_seam_windows_ws5_tf75_pg0_h1_ep80_lr0.0002_bs128_T3.0_lce0.8_lkd1.2_lf0.2_seed14,14,0.906267,0.927,distill_tcn_attn_weld_seam_windows_ws5_tf75_pg0_h1_ep80_lr0.0002_bs128_T3.0_lce0.8_lkd1.2_lf0.2_seed*,False
distill_tcn_attn_weld_seam_windows_ws5_tf75_pg0_h1_ep80_lr0.0002_bs128_T3.0_lce0.8_lkd1.2_lf0.2_seed42,ablation_experiments/h1/results/comparison_18d_baselines/teacher_student_reference/student_h1_sweep/student_h1_scan96_smoke_20260326/stage0/s0_val_macro_f1_seed42/distill_tcn_attn_weld_seam_windows_ws5_tf75_pg0_h1_ep80_lr0.0002_bs128_T3.0_lce0.8_lkd1.2_lf0.2_seed42,42,0.833916,0.8454999999999999,distill_tcn_attn_weld_seam_windows_ws5_tf75_pg0_h1_ep80_lr0.0002_bs128_T3.0_lce0.8_lkd1.2_lf0.2_seed*,False
distill_tcn_attn_weld_seam_windows_ws5_tf75_pg0_h1_ep80_lr0.0002_bs128_T3.0_lce0.8_lkd1.2_lf0.2_seed14,ablation_experiments/h1/results/comparison_18d_baselines/teacher_student_reference/student_h1_sweep/student_h1_scan96_smoke_20260326/stage0/s0_val_teacher_agreement_seed14/distill_tcn_attn_weld_seam_windows_ws5_tf75_pg0_h1_ep80_lr0.0002_bs128_T3.0_lce0.8_lkd1.2_lf0.2_seed14,14,0.961188,0.9522,distill_tcn_attn_weld_seam_windows_ws5_tf75_pg0_h1_ep80_lr0.0002_bs128_T3.0_lce0.8_lkd1.2_lf0.2_seed*,False
distill_tcn_attn_weld_seam_windows_ws5_tf75_pg0_h1_ep80_lr0.0002_bs128_T3.0_lce0.8_lkd1.2_lf0.2_seed42,ablation_experiments/h1/results/comparison_18d_baselines/teacher_student_reference/student_h1_sweep/student_h1_scan96_smoke_20260326/stage0/s0_val_teacher_agreement_seed42/distill_tcn_attn_weld_seam_windows_ws5_tf75_pg0_h1_ep80_lr0.0002_bs128_T3.0_lce0.8_lkd1.2_lf0.2_seed42,42,0.758519,0.7331,distill_tcn_attn_weld_seam_windows_ws5_tf75_pg0_h1_ep80_lr0.0002_bs128_T3.0_lce0.8_lkd1.2_lf0.2_seed*,False
