group,run_name,run_path,seed,checkpoint_metric,test_acc,macro_f1,teacher_agreement
teacher-student(student),distill_tcn_attn_weld_seam_windows_ws5_tf75_pg0_h1_ep80_lr0.0002_bs128_T4.0_lce0.7_lkd1.4_lf0.3_seed1001,ablation_experiments/h1/results/comparison_18d_baselines/teacher_student_reference/student_h1_sweep/student_h1_scan96_20260326/extension/extension_s3_s2_s1_l3_o2_c2_r3/distill_tcn_attn_weld_seam_windows_ws5_tf75_pg0_h1_ep80_lr0.0002_bs128_T4.0_lce0.7_lkd1.4_lf0.3_seed1001,1001,val_teacher_agreement,0.9101,0.90111,0.8989
teacher-student(student),distill_tcn_attn_weld_seam_windows_ws5_tf75_pg0_h1_ep80_lr0.0002_bs128_T4.0_lce0.7_lkd1.4_lf0.3_seed132,ablation_experiments/h1/results/comparison_18d_baselines/teacher_student_reference/student_h1_sweep/student_h1_scan96_20260326/extension/extension_s3_s2_s1_l3_o2_c2_r3/distill_tcn_attn_weld_seam_windows_ws5_tf75_pg0_h1_ep80_lr0.0002_bs128_T4.0_lce0.7_lkd1.4_lf0.3_seed132,132,val_teacher_agreement,0.9719,0.965694,0.9606999999999999
teacher-student(student),distill_tcn_attn_weld_seam_windows_ws5_tf75_pg0_h1_ep80_lr0.0002_bs128_T4.0_lce0.7_lkd1.4_lf0.3_seed230,ablation_experiments/h1/results/comparison_18d_baselines/teacher_student_reference/student_h1_sweep/student_h1_scan96_20260326/extension/extension_s3_s2_s1_l3_o2_c2_r3/distill_tcn_attn_weld_seam_windows_ws5_tf75_pg0_h1_ep80_lr0.0002_bs128_T4.0_lce0.7_lkd1.4_lf0.3_seed230,230,val_teacher_agreement,0.927,0.898227,0.927
teacher-student(student),distill_tcn_attn_weld_seam_windows_ws5_tf75_pg0_h1_ep80_lr0.0002_bs128_T4.0_lce0.7_lkd1.4_lf0.3_seed314,ablation_experiments/h1/results/comparison_18d_baselines/teacher_student_reference/student_h1_sweep/student_h1_scan96_20260326/extension/extension_s3_s2_s1_l3_o2_c2_r3/distill_tcn_attn_weld_seam_windows_ws5_tf75_pg0_h1_ep80_lr0.0002_bs128_T4.0_lce0.7_lkd1.4_lf0.3_seed314,314,val_teacher_agreement,0.9466,0.935061,0.9521999999999999
teacher-student(student),distill_tcn_attn_weld_seam_windows_ws5_tf75_pg0_h1_ep80_lr0.0002_bs128_T4.0_lce0.7_lkd1.4_lf0.3_seed512,ablation_experiments/h1/results/comparison_18d_baselines/teacher_student_reference/student_h1_sweep/student_h1_scan96_20260326/extension/extension_s3_s2_s1_l3_o2_c2_r3/distill_tcn_attn_weld_seam_windows_ws5_tf75_pg0_h1_ep80_lr0.0002_bs128_T4.0_lce0.7_lkd1.4_lf0.3_seed512,512,val_teacher_agreement,0.8652,0.83369,0.8482999999999999
teacher-student(student),distill_tcn_attn_weld_seam_windows_ws5_tf75_pg0_h1_ep80_lr0.0002_bs128_T4.0_lce0.7_lkd1.4_lf0.3_seed777,ablation_experiments/h1/results/comparison_18d_baselines/teacher_student_reference/student_h1_sweep/student_h1_scan96_20260326/extension/extension_s3_s2_s1_l3_o2_c2_r3/distill_tcn_attn_weld_seam_windows_ws5_tf75_pg0_h1_ep80_lr0.0002_bs128_T4.0_lce0.7_lkd1.4_lf0.3_seed777,777,val_teacher_agreement,0.7444,0.773018,0.7444
teacher-student(student),distill_tcn_attn_weld_seam_windows_ws5_tf75_pg0_h1_ep80_lr0.0002_bs128_T3.5_lce0.7_lkd1.5_lf0.3_seed1001,ablation_experiments/h1/results/comparison_18d_baselines/teacher_student_reference/student_h1_sweep/student_h1_scan96_20260326/extension/extension_s3_s2_s1_l3_o2_c2_r5/distill_tcn_attn_weld_seam_windows_ws5_tf75_pg0_h1_ep80_lr0.0002_bs128_T3.5_lce0.7_lkd1.5_lf0.3_seed1001,1001,val_teacher_agreement,0.9634999999999999,0.945488,0.9579000000000001
teacher-student(student),distill_tcn_attn_weld_seam_windows_ws5_tf75_pg0_h1_ep80_lr0.0002_bs128_T3.5_lce0.7_lkd1.5_lf0.3_seed132,ablation_experiments/h1/results/comparison_18d_baselines/teacher_student_reference/student_h1_sweep/student_h1_scan96_20260326/extension/extension_s3_s2_s1_l3_o2_c2_r5/distill_tcn_attn_weld_seam_windows_ws5_tf75_pg0_h1_ep80_lr0.0002_bs128_T3.5_lce0.7_lkd1.5_lf0.3_seed132,132,val_teacher_agreement,0.9747,0.969756,0.9634999999999999
teacher-student(student),distill_tcn_attn_weld_seam_windows_ws5_tf75_pg0_h1_ep80_lr0.0002_bs128_T3.5_lce0.7_lkd1.5_lf0.3_seed230,ablation_experiments/h1/results/comparison_18d_baselines/teacher_student_reference/student_h1_sweep/student_h1_scan96_20260326/extension/extension_s3_s2_s1_l3_o2_c2_r5/distill_tcn_attn_weld_seam_windows_ws5_tf75_pg0_h1_ep80_lr0.0002_bs128_T3.5_lce0.7_lkd1.5_lf0.3_seed230,230,val_teacher_agreement,0.941,0.917958,0.941
teacher-student(student),distill_tcn_attn_weld_seam_windows_ws5_tf75_pg0_h1_ep80_lr0.0002_bs128_T3.5_lce0.7_lkd1.5_lf0.3_seed314,ablation_experiments/h1/results/comparison_18d_baselines/teacher_student_reference/student_h1_sweep/student_h1_scan96_20260326/extension/extension_s3_s2_s1_l3_o2_c2_r5/distill_tcn_attn_weld_seam_windows_ws5_tf75_pg0_h1_ep80_lr0.0002_bs128_T3.5_lce0.7_lkd1.5_lf0.3_seed314,314,val_teacher_agreement,0.941,0.927791,0.941
teacher-student(student),distill_tcn_attn_weld_seam_windows_ws5_tf75_pg0_h1_ep80_lr0.0002_bs128_T3.5_lce0.7_lkd1.5_lf0.3_seed512,ablation_experiments/h1/results/comparison_18d_baselines/teacher_student_reference/student_h1_sweep/student_h1_scan96_20260326/extension/extension_s3_s2_s1_l3_o2_c2_r5/distill_tcn_attn_weld_seam_windows_ws5_tf75_pg0_h1_ep80_lr0.0002_bs128_T3.5_lce0.7_lkd1.5_lf0.3_seed512,512,val_teacher_agreement,0.868,0.838062,0.8511
teacher-student(student),distill_tcn_attn_weld_seam_windows_ws5_tf75_pg0_h1_ep80_lr0.0002_bs128_T3.5_lce0.7_lkd1.5_lf0.3_seed777,ablation_experiments/h1/results/comparison_18d_baselines/teacher_student_reference/student_h1_sweep/student_h1_scan96_20260326/extension/extension_s3_s2_s1_l3_o2_c2_r5/distill_tcn_attn_weld_seam_windows_ws5_tf75_pg0_h1_ep80_lr0.0002_bs128_T3.5_lce0.7_lkd1.5_lf0.3_seed777,777,val_teacher_agreement,0.7781,0.799104,0.7781
teacher-student(student),distill_tcn_attn_weld_seam_windows_ws5_tf75_pg0_h1_ep80_lr0.0003_bs128_T2.5_lce0.9_lkd1.1_lf0.0_seed1001,ablation_experiments/h1/results/comparison_18d_baselines/teacher_student_reference/student_h1_sweep/student_h1_scan96_20260326/extension/extension_s3_s2_s1_l4_o4_c7_r3/distill_tcn_attn_weld_seam_windows_ws5_tf75_pg0_h1_ep80_lr0.0003_bs128_T2.5_lce0.9_lkd1.1_lf0.0_seed1001,1001,val_teacher_agreement,0.8173999999999999,0.823512,0.8062
teacher-student(student),distill_tcn_attn_weld_seam_windows_ws5_tf75_pg0_h1_ep80_lr0.0003_bs128_T2.5_lce0.9_lkd1.1_lf0.0_seed132,ablation_experiments/h1/results/comparison_18d_baselines/teacher_student_reference/student_h1_sweep/student_h1_scan96_20260326/extension/extension_s3_s2_s1_l4_o4_c7_r3/distill_tcn_attn_weld_seam_windows_ws5_tf75_pg0_h1_ep80_lr0.0003_bs128_T2.5_lce0.9_lkd1.1_lf0.0_seed132,132,val_teacher_agreement,0.9887999999999999,0.984675,0.9719
teacher-student(student),distill_tcn_attn_weld_seam_windows_ws5_tf75_pg0_h1_ep80_lr0.0003_bs128_T2.5_lce0.9_lkd1.1_lf0.0_seed230,ablation_experiments/h1/results/comparison_18d_baselines/teacher_student_reference/student_h1_sweep/student_h1_scan96_20260326/extension/extension_s3_s2_s1_l4_o4_c7_r3/distill_tcn_attn_weld_seam_windows_ws5_tf75_pg0_h1_ep80_lr0.0003_bs128_T2.5_lce0.9_lkd1.1_lf0.0_seed230,230,val_teacher_agreement,0.9521999999999999,0.937569,0.9466
teacher-student(student),distill_tcn_attn_weld_seam_windows_ws5_tf75_pg0_h1_ep80_lr0.0003_bs128_T2.5_lce0.9_lkd1.1_lf0.0_seed314,ablation_experiments/h1/results/comparison_18d_baselines/teacher_student_reference/student_h1_sweep/student_h1_scan96_20260326/extension/extension_s3_s2_s1_l4_o4_c7_r3/distill_tcn_attn_weld_seam_windows_ws5_tf75_pg0_h1_ep80_lr0.0003_bs128_T2.5_lce0.9_lkd1.1_lf0.0_seed314,314,val_teacher_agreement,0.9494,0.93624,0.9494
teacher-student(student),distill_tcn_attn_weld_seam_windows_ws5_tf75_pg0_h1_ep80_lr0.0003_bs128_T2.5_lce0.9_lkd1.1_lf0.0_seed512,ablation_experiments/h1/results/comparison_18d_baselines/teacher_student_reference/student_h1_sweep/student_h1_scan96_20260326/extension/extension_s3_s2_s1_l4_o4_c7_r3/distill_tcn_attn_weld_seam_windows_ws5_tf75_pg0_h1_ep80_lr0.0003_bs128_T2.5_lce0.9_lkd1.1_lf0.0_seed512,512,val_teacher_agreement,0.8315,0.825453,0.8146
teacher-student(student),distill_tcn_attn_weld_seam_windows_ws5_tf75_pg0_h1_ep80_lr0.0003_bs128_T2.5_lce0.9_lkd1.1_lf0.0_seed777,ablation_experiments/h1/results/comparison_18d_baselines/teacher_student_reference/student_h1_sweep/student_h1_scan96_20260326/extension/extension_s3_s2_s1_l4_o4_c7_r3/distill_tcn_attn_weld_seam_windows_ws5_tf75_pg0_h1_ep80_lr0.0003_bs128_T2.5_lce0.9_lkd1.1_lf0.0_seed777,777,val_teacher_agreement,0.7669,0.785077,0.7612000000000001
teacher-student(student),distill_tcn_attn_weld_seam_windows_ws5_tf75_pg0_h1_ep80_lr0.0003_bs128_T2.0_lce0.9_lkd1.2000000000000002_lf0.1_seed1001,ablation_experiments/h1/results/comparison_18d_baselines/teacher_student_reference/student_h1_sweep/student_h1_scan96_20260326/extension/extension_s3_s2_s1_l4_o4_c7_r5/distill_tcn_attn_weld_seam_windows_ws5_tf75_pg0_h1_ep80_lr0.0003_bs128_T2.0_lce0.9_lkd1.2000000000000002_lf0.1_seed1001,1001,val_teacher_agreement,0.809,0.816326,0.8034
teacher-student(student),distill_tcn_attn_weld_seam_windows_ws5_tf75_pg0_h1_ep80_lr0.0003_bs128_T2.0_lce0.9_lkd1.2000000000000002_lf0.1_seed132,ablation_experiments/h1/results/comparison_18d_baselines/teacher_student_reference/student_h1_sweep/student_h1_scan96_20260326/extension/extension_s3_s2_s1_l4_o4_c7_r5/distill_tcn_attn_weld_seam_windows_ws5_tf75_pg0_h1_ep80_lr0.0003_bs128_T2.0_lce0.9_lkd1.2000000000000002_lf0.1_seed132,132,val_teacher_agreement,0.9185,0.881177,0.9185
teacher-student(student),distill_tcn_attn_weld_seam_windows_ws5_tf75_pg0_h1_ep80_lr0.0003_bs128_T2.0_lce0.9_lkd1.2000000000000002_lf0.1_seed230,ablation_experiments/h1/results/comparison_18d_baselines/teacher_student_reference/student_h1_sweep/student_h1_scan96_20260326/extension/extension_s3_s2_s1_l4_o4_c7_r5/distill_tcn_attn_weld_seam_windows_ws5_tf75_pg0_h1_ep80_lr0.0003_bs128_T2.0_lce0.9_lkd1.2000000000000002_lf0.1_seed230,230,val_teacher_agreement,0.8287,0.836945,0.8287
teacher-student(student),distill_tcn_attn_weld_seam_windows_ws5_tf75_pg0_h1_ep80_lr0.0003_bs128_T2.0_lce0.9_lkd1.2000000000000002_lf0.1_seed314,ablation_experiments/h1/results/comparison_18d_baselines/teacher_student_reference/student_h1_sweep/student_h1_scan96_20260326/extension/extension_s3_s2_s1_l4_o4_c7_r5/distill_tcn_attn_weld_seam_windows_ws5_tf75_pg0_h1_ep80_lr0.0003_bs128_T2.0_lce0.9_lkd1.2000000000000002_lf0.1_seed314,314,val_teacher_agreement,0.9466,0.933675,0.9521999999999999
teacher-student(student),distill_tcn_attn_weld_seam_windows_ws5_tf75_pg0_h1_ep80_lr0.0003_bs128_T2.0_lce0.9_lkd1.2000000000000002_lf0.1_seed512,ablation_experiments/h1/results/comparison_18d_baselines/teacher_student_reference/student_h1_sweep/student_h1_scan96_20260326/extension/extension_s3_s2_s1_l4_o4_c7_r5/distill_tcn_attn_weld_seam_windows_ws5_tf75_pg0_h1_ep80_lr0.0003_bs128_T2.0_lce0.9_lkd1.2000000000000002_lf0.1_seed512,512,val_teacher_agreement,0.8454999999999999,0.837975,0.8287
teacher-student(student),distill_tcn_attn_weld_seam_windows_ws5_tf75_pg0_h1_ep80_lr0.0003_bs128_T2.0_lce0.9_lkd1.2000000000000002_lf0.1_seed777,ablation_experiments/h1/results/comparison_18d_baselines/teacher_student_reference/student_h1_sweep/student_h1_scan96_20260326/extension/extension_s3_s2_s1_l4_o4_c7_r5/distill_tcn_attn_weld_seam_windows_ws5_tf75_pg0_h1_ep80_lr0.0003_bs128_T2.0_lce0.9_lkd1.2000000000000002_lf0.1_seed777,777,val_teacher_agreement,0.7528,0.774428,0.7472
teacher-student(student),distill_tcn_attn_weld_seam_windows_ws5_tf75_pg0_h1_ep80_lr0.0002_bs128_T3.0_lce0.8_lkd1.2_lf0.2_seed14,ablation_experiments/h1/results/comparison_18d_baselines/teacher_student_reference/student_h1_sweep/student_h1_scan96_20260326/stage0/s0_val_macro_f1_seed14/distill_tcn_attn_weld_seam_windows_ws5_tf75_pg0_h1_ep80_lr0.0002_bs128_T3.0_lce0.8_lkd1.2_lf0.2_seed14,14,val_macro_f1,0.9381999999999999,0.906267,0.927
teacher-student(student),distill_tcn_attn_weld_seam_windows_ws5_tf75_pg0_h1_ep80_lr0.0002_bs128_T3.0_lce0.8_lkd1.2_lf0.2_seed42,ablation_experiments/h1/results/comparison_18d_baselines/teacher_student_reference/student_h1_sweep/student_h1_scan96_20260326/stage0/s0_val_macro_f1_seed42/distill_tcn_attn_weld_seam_windows_ws5_tf75_pg0_h1_ep80_lr0.0002_bs128_T3.0_lce0.8_lkd1.2_lf0.2_seed42,42,val_macro_f1,0.8454999999999999,0.833916,0.8454999999999999
teacher-student(student),distill_tcn_attn_weld_seam_windows_ws5_tf75_pg0_h1_ep80_lr0.0002_bs128_T3.0_lce0.8_lkd1.2_lf0.2_seed14,ablation_experiments/h1/results/comparison_18d_baselines/teacher_student_reference/student_h1_sweep/student_h1_scan96_20260326/stage0/s0_val_teacher_agreement_seed14/distill_tcn_attn_weld_seam_windows_ws5_tf75_pg0_h1_ep80_lr0.0002_bs128_T3.0_lce0.8_lkd1.2_lf0.2_seed14,14,val_teacher_agreement,0.9691,0.961188,0.9521999999999999
teacher-student(student),distill_tcn_attn_weld_seam_windows_ws5_tf75_pg0_h1_ep80_lr0.0002_bs128_T3.0_lce0.8_lkd1.2_lf0.2_seed42,ablation_experiments/h1/results/comparison_18d_baselines/teacher_student_reference/student_h1_sweep/student_h1_scan96_20260326/stage0/s0_val_teacher_agreement_seed42/distill_tcn_attn_weld_seam_windows_ws5_tf75_pg0_h1_ep80_lr0.0002_bs128_T3.0_lce0.8_lkd1.2_lf0.2_seed42,42,val_teacher_agreement,0.7275,0.758519,0.7331
teacher-student(student),distill_tcn_attn_weld_seam_windows_ws5_tf75_pg0_h1_ep80_lr0.00015_bs128_T2.5_lce1.0_lkd1.0_lf0.1_seed14,ablation_experiments/h1/results/comparison_18d_baselines/teacher_student_reference/student_h1_sweep/student_h1_scan96_20260326/stage1/s1_l1_o1/distill_tcn_attn_weld_seam_windows_ws5_tf75_pg0_h1_ep80_lr0.00015_bs128_T2.5_lce1.0_lkd1.0_lf0.1_seed14,14,val_teacher_agreement,0.9354,0.927721,0.9185
teacher-student(student),distill_tcn_attn_weld_seam_windows_ws5_tf75_pg0_h1_ep80_lr0.0002_bs128_T2.5_lce1.0_lkd1.0_lf0.1_seed14,ablation_experiments/h1/results/comparison_18d_baselines/teacher_student_reference/student_h1_sweep/student_h1_scan96_20260326/stage1/s1_l1_o2/distill_tcn_attn_weld_seam_windows_ws5_tf75_pg0_h1_ep80_lr0.0002_bs128_T2.5_lce1.0_lkd1.0_lf0.1_seed14,14,val_teacher_agreement,0.8287,0.831887,0.8173999999999999
teacher-student(student),distill_tcn_attn_weld_seam_windows_ws5_tf75_pg0_h1_ep80_lr0.00025_bs128_T2.5_lce1.0_lkd1.0_lf0.1_seed14,ablation_experiments/h1/results/comparison_18d_baselines/teacher_student_reference/student_h1_sweep/student_h1_scan96_20260326/stage1/s1_l1_o3/distill_tcn_attn_weld_seam_windows_ws5_tf75_pg0_h1_ep80_lr0.00025_bs128_T2.5_lce1.0_lkd1.0_lf0.1_seed14,14,val_teacher_agreement,0.9073,0.901002,0.8904000000000001
teacher-student(student),distill_tcn_attn_weld_seam_windows_ws5_tf75_pg0_h1_ep80_lr0.0003_bs128_T2.5_lce1.0_lkd1.0_lf0.1_seed14,ablation_experiments/h1/results/comparison_18d_baselines/teacher_student_reference/student_h1_sweep/student_h1_scan96_20260326/stage1/s1_l1_o4/distill_tcn_attn_weld_seam_windows_ws5_tf75_pg0_h1_ep80_lr0.0003_bs128_T2.5_lce1.0_lkd1.0_lf0.1_seed14,14,val_teacher_agreement,0.9551000000000001,0.948591,0.9381999999999999
teacher-student(student),distill_tcn_attn_weld_seam_windows_ws5_tf75_pg0_h1_ep80_lr0.00015_bs128_T3.0_lce0.8_lkd1.2_lf0.2_seed14,ablation_experiments/h1/results/comparison_18d_baselines/teacher_student_reference/student_h1_sweep/student_h1_scan96_20260326/stage1/s1_l2_o1/distill_tcn_attn_weld_seam_windows_ws5_tf75_pg0_h1_ep80_lr0.00015_bs128_T3.0_lce0.8_lkd1.2_lf0.2_seed14,14,val_teacher_agreement,0.9354,0.927721,0.9185
teacher-student(student),distill_tcn_attn_weld_seam_windows_ws5_tf75_pg0_h1_ep80_lr0.0002_bs128_T3.0_lce0.8_lkd1.2_lf0.2_seed14,ablation_experiments/h1/results/comparison_18d_baselines/teacher_student_reference/student_h1_sweep/student_h1_scan96_20260326/stage1/s1_l2_o2/distill_tcn_attn_weld_seam_windows_ws5_tf75_pg0_h1_ep80_lr0.0002_bs128_T3.0_lce0.8_lkd1.2_lf0.2_seed14,14,val_teacher_agreement,0.9691,0.961188,0.9521999999999999
teacher-student(student),distill_tcn_attn_weld_seam_windows_ws5_tf75_pg0_h1_ep80_lr0.00025_bs128_T3.0_lce0.8_lkd1.2_lf0.2_seed14,ablation_experiments/h1/results/comparison_18d_baselines/teacher_student_reference/student_h1_sweep/student_h1_scan96_20260326/stage1/s1_l2_o3/distill_tcn_attn_weld_seam_windows_ws5_tf75_pg0_h1_ep80_lr0.00025_bs128_T3.0_lce0.8_lkd1.2_lf0.2_seed14,14,val_teacher_agreement,0.9242,0.921064,0.9073
teacher-student(student),distill_tcn_attn_weld_seam_windows_ws5_tf75_pg0_h1_ep80_lr0.0003_bs128_T3.0_lce0.8_lkd1.2_lf0.2_seed14,ablation_experiments/h1/results/comparison_18d_baselines/teacher_student_reference/student_h1_sweep/student_h1_scan96_20260326/stage1/s1_l2_o4/distill_tcn_attn_weld_seam_windows_ws5_tf75_pg0_h1_ep80_lr0.0003_bs128_T3.0_lce0.8_lkd1.2_lf0.2_seed14,14,val_teacher_agreement,0.9494,0.94486,0.9326000000000001
teacher-student(student),distill_tcn_attn_weld_seam_windows_ws5_tf75_pg0_h1_ep80_lr0.00015_bs128_T3.5_lce0.7_lkd1.4_lf0.3_seed14,ablation_experiments/h1/results/comparison_18d_baselines/teacher_student_reference/student_h1_sweep/student_h1_scan96_20260326/stage1/s1_l3_o1/distill_tcn_attn_weld_seam_windows_ws5_tf75_pg0_h1_ep80_lr0.00015_bs128_T3.5_lce0.7_lkd1.4_lf0.3_seed14,14,val_teacher_agreement,0.9381999999999999,0.931651,0.9213
teacher-student(student),distill_tcn_attn_weld_seam_windows_ws5_tf75_pg0_h1_ep80_lr0.0002_bs128_T3.5_lce0.7_lkd1.4_lf0.3_seed14,ablation_experiments/h1/results/comparison_18d_baselines/teacher_student_reference/student_h1_sweep/student_h1_scan96_20260326/stage1/s1_l3_o2/distill_tcn_attn_weld_seam_windows_ws5_tf75_pg0_h1_ep80_lr0.0002_bs128_T3.5_lce0.7_lkd1.4_lf0.3_seed14,14,val_teacher_agreement,0.9662999999999999,0.958524,0.9494
teacher-student(student),distill_tcn_attn_weld_seam_windows_ws5_tf75_pg0_h1_ep80_lr0.00025_bs128_T3.5_lce0.7_lkd1.4_lf0.3_seed14,ablation_experiments/h1/results/comparison_18d_baselines/teacher_student_reference/student_h1_sweep/student_h1_scan96_20260326/stage1/s1_l3_o3/distill_tcn_attn_weld_seam_windows_ws5_tf75_pg0_h1_ep80_lr0.00025_bs128_T3.5_lce0.7_lkd1.4_lf0.3_seed14,14,val_teacher_agreement,0.9185,0.916204,0.9073
teacher-student(student),distill_tcn_attn_weld_seam_windows_ws5_tf75_pg0_h1_ep80_lr0.0003_bs128_T3.5_lce0.7_lkd1.4_lf0.3_seed14,ablation_experiments/h1/results/comparison_18d_baselines/teacher_student_reference/student_h1_sweep/student_h1_scan96_20260326/stage1/s1_l3_o4/distill_tcn_attn_weld_seam_windows_ws5_tf75_pg0_h1_ep80_lr0.0003_bs128_T3.5_lce0.7_lkd1.4_lf0.3_seed14,14,val_teacher_agreement,0.9494,0.94486,0.9326000000000001
teacher-student(student),distill_tcn_attn_weld_seam_windows_ws5_tf75_pg0_h1_ep80_lr0.00015_bs128_T2.0_lce0.9_lkd1.1_lf0.0_seed14,ablation_experiments/h1/results/comparison_18d_baselines/teacher_student_reference/student_h1_sweep/student_h1_scan96_20260326/stage1/s1_l4_o1/distill_tcn_attn_weld_seam_windows_ws5_tf75_pg0_h1_ep80_lr0.00015_bs128_T2.0_lce0.9_lkd1.1_lf0.0_seed14,14,val_teacher_agreement,0.9354,0.927721,0.9185
teacher-student(student),distill_tcn_attn_weld_seam_windows_ws5_tf75_pg0_h1_ep80_lr0.0002_bs128_T2.0_lce0.9_lkd1.1_lf0.0_seed14,ablation_experiments/h1/results/comparison_18d_baselines/teacher_student_reference/student_h1_sweep/student_h1_scan96_20260326/stage1/s1_l4_o2/distill_tcn_attn_weld_seam_windows_ws5_tf75_pg0_h1_ep80_lr0.0002_bs128_T2.0_lce0.9_lkd1.1_lf0.0_seed14,14,val_teacher_agreement,0.8146,0.823823,0.8034
teacher-student(student),distill_tcn_attn_weld_seam_windows_ws5_tf75_pg0_h1_ep80_lr0.00025_bs128_T2.0_lce0.9_lkd1.1_lf0.0_seed14,ablation_experiments/h1/results/comparison_18d_baselines/teacher_student_reference/student_h1_sweep/student_h1_scan96_20260326/stage1/s1_l4_o3/distill_tcn_attn_weld_seam_windows_ws5_tf75_pg0_h1_ep80_lr0.00025_bs128_T2.0_lce0.9_lkd1.1_lf0.0_seed14,14,val_teacher_agreement,0.9045000000000001,0.90288,0.8876000000000001
teacher-student(student),distill_tcn_attn_weld_seam_windows_ws5_tf75_pg0_h1_ep80_lr0.0003_bs128_T2.0_lce0.9_lkd1.1_lf0.0_seed14,ablation_experiments/h1/results/comparison_18d_baselines/teacher_student_reference/student_h1_sweep/student_h1_scan96_20260326/stage1/s1_l4_o4/distill_tcn_attn_weld_seam_windows_ws5_tf75_pg0_h1_ep80_lr0.0003_bs128_T2.0_lce0.9_lkd1.1_lf0.0_seed14,14,val_teacher_agreement,0.9551000000000001,0.951342,0.9381999999999999
teacher-student(student),distill_tcn_attn_weld_seam_windows_ws5_tf75_pg0_h1_ep80_lr0.0002_bs128_T3.0_lce0.8_lkd1.2_lf0.2_seed14,ablation_experiments/h1/results/comparison_18d_baselines/teacher_student_reference/student_h1_sweep/student_h1_scan96_20260326/stage2/s2_s1_l2_o2_c0/distill_tcn_attn_weld_seam_windows_ws5_tf75_pg0_h1_ep80_lr0.0002_bs128_T3.0_lce0.8_lkd1.2_lf0.2_seed14,14,val_teacher_agreement,0.9691,0.961188,0.9521999999999999
teacher-student(student),distill_tcn_attn_weld_seam_windows_ws5_tf75_pg0_h1_ep80_lr0.0002_bs128_T3.0_lce0.8_lkd1.2_lf0.2_seed14,ablation_experiments/h1/results/comparison_18d_baselines/teacher_student_reference/student_h1_sweep/student_h1_scan96_20260326/stage2/s2_s1_l2_o2_c1/distill_tcn_attn_weld_seam_windows_ws5_tf75_pg0_h1_ep80_lr0.0002_bs128_T3.0_lce0.8_lkd1.2_lf0.2_seed14,14,val_teacher_agreement,0.9101,0.907637,0.8933
teacher-student(student),distill_tcn_attn_weld_seam_windows_ws5_tf75_pg0_h1_ep80_lr0.0002_bs128_T3.0_lce0.8_lkd1.2_lf0.2_seed14,ablation_experiments/h1/results/comparison_18d_baselines/teacher_student_reference/student_h1_sweep/student_h1_scan96_20260326/stage2/s2_s1_l2_o2_c2/distill_tcn_attn_weld_seam_windows_ws5_tf75_pg0_h1_ep80_lr0.0002_bs128_T3.0_lce0.8_lkd1.2_lf0.2_seed14,14,val_teacher_agreement,0.8454999999999999,0.852062,0.8343
teacher-student(student),distill_tcn_attn_weld_seam_windows_ws5_tf75_pg0_h1_ep80_lr0.0002_bs128_T3.0_lce0.8_lkd1.2_lf0.2_seed14,ablation_experiments/h1/results/comparison_18d_baselines/teacher_student_reference/student_h1_sweep/student_h1_scan96_20260326/stage2/s2_s1_l2_o2_c5/distill_tcn_attn_weld_seam_windows_ws5_tf75_pg0_h1_ep80_lr0.0002_bs128_T3.0_lce0.8_lkd1.2_lf0.2_seed14,14,val_teacher_agreement,0.9466,0.939524,0.9466
teacher-student(student),distill_tcn_attn_weld_seam_windows_ws5_tf75_pg0_h1_ep80_lr0.0002_bs128_T3.0_lce0.8_lkd1.2_lf0.2_seed14,ablation_experiments/h1/results/comparison_18d_baselines/teacher_student_reference/student_h1_sweep/student_h1_scan96_20260326/stage2/s2_s1_l2_o2_c6/distill_tcn_attn_weld_seam_windows_ws5_tf75_pg0_h1_ep80_lr0.0002_bs128_T3.0_lce0.8_lkd1.2_lf0.2_seed14,14,val_teacher_agreement,0.9326000000000001,0.922652,0.9213
teacher-student(student),distill_tcn_attn_weld_seam_windows_ws5_tf75_pg0_h1_ep80_lr0.0002_bs128_T3.0_lce0.8_lkd1.2_lf0.2_seed14,ablation_experiments/h1/results/comparison_18d_baselines/teacher_student_reference/student_h1_sweep/student_h1_scan96_20260326/stage2/s2_s1_l2_o2_c7/distill_tcn_attn_weld_seam_windows_ws5_tf75_pg0_h1_ep80_lr0.0002_bs128_T3.0_lce0.8_lkd1.2_lf0.2_seed14,14,val_teacher_agreement,0.8623999999999999,0.870604,0.8511
teacher-student(student),distill_tcn_attn_weld_seam_windows_ws5_tf75_pg0_h1_ep80_lr0.0002_bs128_T3.5_lce0.7_lkd1.4_lf0.3_seed14,ablation_experiments/h1/results/comparison_18d_baselines/teacher_student_reference/student_h1_sweep/student_h1_scan96_20260326/stage2/s2_s1_l3_o2_c0/distill_tcn_attn_weld_seam_windows_ws5_tf75_pg0_h1_ep80_lr0.0002_bs128_T3.5_lce0.7_lkd1.4_lf0.3_seed14,14,val_teacher_agreement,0.9662999999999999,0.958524,0.9494
teacher-student(student),distill_tcn_attn_weld_seam_windows_ws5_tf75_pg0_h1_ep80_lr0.0002_bs128_T3.5_lce0.7_lkd1.4_lf0.3_seed14,ablation_experiments/h1/results/comparison_18d_baselines/teacher_student_reference/student_h1_sweep/student_h1_scan96_20260326/stage2/s2_s1_l3_o2_c1/distill_tcn_attn_weld_seam_windows_ws5_tf75_pg0_h1_ep80_lr0.0002_bs128_T3.5_lce0.7_lkd1.4_lf0.3_seed14,14,val_teacher_agreement,0.9073,0.905254,0.8961
teacher-student(student),distill_tcn_attn_weld_seam_windows_ws5_tf75_pg0_h1_ep80_lr0.0002_bs128_T3.5_lce0.7_lkd1.4_lf0.3_seed14,ablation_experiments/h1/results/comparison_18d_baselines/teacher_student_reference/student_h1_sweep/student_h1_scan96_20260326/stage2/s2_s1_l3_o2_c2/distill_tcn_attn_weld_seam_windows_ws5_tf75_pg0_h1_ep80_lr0.0002_bs128_T3.5_lce0.7_lkd1.4_lf0.3_seed14,14,val_teacher_agreement,0.9803000000000001,0.973757,0.9634999999999999
teacher-student(student),distill_tcn_attn_weld_seam_windows_ws5_tf75_pg0_h1_ep80_lr0.0002_bs128_T3.5_lce0.7_lkd1.4_lf0.3_seed14,ablation_experiments/h1/results/comparison_18d_baselines/teacher_student_reference/student_h1_sweep/student_h1_scan96_20260326/stage2/s2_s1_l3_o2_c5/distill_tcn_attn_weld_seam_windows_ws5_tf75_pg0_h1_ep80_lr0.0002_bs128_T3.5_lce0.7_lkd1.4_lf0.3_seed14,14,val_teacher_agreement,0.9466,0.921431,0.9466
teacher-student(student),distill_tcn_attn_weld_seam_windows_ws5_tf75_pg0_h1_ep80_lr0.0002_bs128_T3.5_lce0.7_lkd1.4_lf0.3_seed14,ablation_experiments/h1/results/comparison_18d_baselines/teacher_student_reference/student_h1_sweep/student_h1_scan96_20260326/stage2/s2_s1_l3_o2_c6/distill_tcn_attn_weld_seam_windows_ws5_tf75_pg0_h1_ep80_lr0.0002_bs128_T3.5_lce0.7_lkd1.4_lf0.3_seed14,14,val_teacher_agreement,0.9326000000000001,0.92816,0.9213
teacher-student(student),distill_tcn_attn_weld_seam_windows_ws5_tf75_pg0_h1_ep80_lr0.0002_bs128_T3.5_lce0.7_lkd1.4_lf0.3_seed14,ablation_experiments/h1/results/comparison_18d_baselines/teacher_student_reference/student_h1_sweep/student_h1_scan96_20260326/stage2/s2_s1_l3_o2_c7/distill_tcn_attn_weld_seam_windows_ws5_tf75_pg0_h1_ep80_lr0.0002_bs128_T3.5_lce0.7_lkd1.4_lf0.3_seed14,14,val_teacher_agreement,0.8708,0.877476,0.8595999999999999
teacher-student(student),distill_tcn_attn_weld_seam_windows_ws5_tf75_pg0_h1_ep80_lr0.0003_bs128_T2.0_lce0.9_lkd1.1_lf0.0_seed14,ablation_experiments/h1/results/comparison_18d_baselines/teacher_student_reference/student_h1_sweep/student_h1_scan96_20260326/stage2/s2_s1_l4_o4_c0/distill_tcn_attn_weld_seam_windows_ws5_tf75_pg0_h1_ep80_lr0.0003_bs128_T2.0_lce0.9_lkd1.1_lf0.0_seed14,14,val_teacher_agreement,0.9551000000000001,0.951342,0.9381999999999999
teacher-student(student),distill_tcn_attn_weld_seam_windows_ws5_tf75_pg0_h1_ep80_lr0.0003_bs128_T2.0_lce0.9_lkd1.1_lf0.0_seed14,ablation_experiments/h1/results/comparison_18d_baselines/teacher_student_reference/student_h1_sweep/student_h1_scan96_20260326/stage2/s2_s1_l4_o4_c1/distill_tcn_attn_weld_seam_windows_ws5_tf75_pg0_h1_ep80_lr0.0003_bs128_T2.0_lce0.9_lkd1.1_lf0.0_seed14,14,val_teacher_agreement,0.9691,0.964004,0.9521999999999999
teacher-student(student),distill_tcn_attn_weld_seam_windows_ws5_tf75_pg0_h1_ep80_lr0.0003_bs128_T2.0_lce0.9_lkd1.1_lf0.0_seed14,ablation_experiments/h1/results/comparison_18d_baselines/teacher_student_reference/student_h1_sweep/student_h1_scan96_20260326/stage2/s2_s1_l4_o4_c2/distill_tcn_attn_weld_seam_windows_ws5_tf75_pg0_h1_ep80_lr0.0003_bs128_T2.0_lce0.9_lkd1.1_lf0.0_seed14,14,val_teacher_agreement,0.9551000000000001,0.951342,0.9381999999999999
teacher-student(student),distill_tcn_attn_weld_seam_windows_ws5_tf75_pg0_h1_ep80_lr0.0003_bs128_T2.0_lce0.9_lkd1.1_lf0.0_seed14,ablation_experiments/h1/results/comparison_18d_baselines/teacher_student_reference/student_h1_sweep/student_h1_scan96_20260326/stage2/s2_s1_l4_o4_c5/distill_tcn_attn_weld_seam_windows_ws5_tf75_pg0_h1_ep80_lr0.0003_bs128_T2.0_lce0.9_lkd1.1_lf0.0_seed14,14,val_teacher_agreement,0.9466,0.931336,0.9466
teacher-student(student),distill_tcn_attn_weld_seam_windows_ws5_tf75_pg0_h1_ep80_lr0.0003_bs128_T2.0_lce0.9_lkd1.1_lf0.0_seed14,ablation_experiments/h1/results/comparison_18d_baselines/teacher_student_reference/student_h1_sweep/student_h1_scan96_20260326/stage2/s2_s1_l4_o4_c6/distill_tcn_attn_weld_seam_windows_ws5_tf75_pg0_h1_ep80_lr0.0003_bs128_T2.0_lce0.9_lkd1.1_lf0.0_seed14,14,val_teacher_agreement,0.9551000000000001,0.953686,0.9381999999999999
teacher-student(student),distill_tcn_attn_weld_seam_windows_ws5_tf75_pg0_h1_ep80_lr0.0003_bs128_T2.0_lce0.9_lkd1.1_lf0.0_seed14,ablation_experiments/h1/results/comparison_18d_baselines/teacher_student_reference/student_h1_sweep/student_h1_scan96_20260326/stage2/s2_s1_l4_o4_c7/distill_tcn_attn_weld_seam_windows_ws5_tf75_pg0_h1_ep80_lr0.0003_bs128_T2.0_lce0.9_lkd1.1_lf0.0_seed14,14,val_teacher_agreement,0.9775,0.971053,0.9662999999999999
teacher-student(student),distill_tcn_attn_weld_seam_windows_ws5_tf75_pg0_h1_ep80_lr0.00015000000000000001_bs128_T3.0_lce0.8_lkd1.2_lf0.2_seed14,ablation_experiments/h1/results/comparison_18d_baselines/teacher_student_reference/student_h1_sweep/student_h1_scan96_20260326/stage3/s3_s2_s1_l2_o2_c0_r1/distill_tcn_attn_weld_seam_windows_ws5_tf75_pg0_h1_ep80_lr0.00015000000000000001_bs128_T3.0_lce0.8_lkd1.2_lf0.2_seed14,14,val_teacher_agreement,0.9381999999999999,0.93021,0.9213
teacher-student(student),distill_tcn_attn_weld_seam_windows_ws5_tf75_pg0_h1_ep80_lr0.00025_bs128_T3.0_lce0.8_lkd1.2_lf0.2_seed14,ablation_experiments/h1/results/comparison_18d_baselines/teacher_student_reference/student_h1_sweep/student_h1_scan96_20260326/stage3/s3_s2_s1_l2_o2_c0_r2/distill_tcn_attn_weld_seam_windows_ws5_tf75_pg0_h1_ep80_lr0.00025_bs128_T3.0_lce0.8_lkd1.2_lf0.2_seed14,14,val_teacher_agreement,0.9242,0.921064,0.9073
teacher-student(student),distill_tcn_attn_weld_seam_windows_ws5_tf75_pg0_h1_ep80_lr0.0002_bs128_T3.5_lce0.8_lkd1.2_lf0.2_seed14,ablation_experiments/h1/results/comparison_18d_baselines/teacher_student_reference/student_h1_sweep/student_h1_scan96_20260326/stage3/s3_s2_s1_l2_o2_c0_r3/distill_tcn_attn_weld_seam_windows_ws5_tf75_pg0_h1_ep80_lr0.0002_bs128_T3.5_lce0.8_lkd1.2_lf0.2_seed14,14,val_teacher_agreement,0.8315,0.836943,0.8201999999999999
teacher-student(student),distill_tcn_attn_weld_seam_windows_ws5_tf75_pg0_h1_ep80_lr0.0002_bs128_T3.0_lce0.7000000000000001_lkd1.4_lf0.2_seed14,ablation_experiments/h1/results/comparison_18d_baselines/teacher_student_reference/student_h1_sweep/student_h1_scan96_20260326/stage3/s3_s2_s1_l2_o2_c0_r4/distill_tcn_attn_weld_seam_windows_ws5_tf75_pg0_h1_ep80_lr0.0002_bs128_T3.0_lce0.7000000000000001_lkd1.4_lf0.2_seed14,14,val_teacher_agreement,0.9354,0.901792,0.9354
teacher-student(student),distill_tcn_attn_weld_seam_windows_ws5_tf75_pg0_h1_ep80_lr0.0002_bs128_T3.0_lce0.8_lkd1.3_lf0.3_seed14,ablation_experiments/h1/results/comparison_18d_baselines/teacher_student_reference/student_h1_sweep/student_h1_scan96_20260326/stage3/s3_s2_s1_l2_o2_c0_r5/distill_tcn_attn_weld_seam_windows_ws5_tf75_pg0_h1_ep80_lr0.0002_bs128_T3.0_lce0.8_lkd1.3_lf0.3_seed14,14,val_teacher_agreement,0.9691,0.961188,0.9521999999999999
teacher-student(student),distill_tcn_attn_weld_seam_windows_ws5_tf75_pg0_h1_ep80_lr0.00015000000000000001_bs128_T3.5_lce0.7_lkd1.4_lf0.3_seed14,ablation_experiments/h1/results/comparison_18d_baselines/teacher_student_reference/student_h1_sweep/student_h1_scan96_20260326/stage3/s3_s2_s1_l3_o2_c2_r1/distill_tcn_attn_weld_seam_windows_ws5_tf75_pg0_h1_ep80_lr0.00015000000000000001_bs128_T3.5_lce0.7_lkd1.4_lf0.3_seed14,14,val_teacher_agreement,0.9298000000000001,0.92316,0.9129
teacher-student(student),distill_tcn_attn_weld_seam_windows_ws5_tf75_pg0_h1_ep80_lr0.00025_bs128_T3.5_lce0.7_lkd1.4_lf0.3_seed14,ablation_experiments/h1/results/comparison_18d_baselines/teacher_student_reference/student_h1_sweep/student_h1_scan96_20260326/stage3/s3_s2_s1_l3_o2_c2_r2/distill_tcn_attn_weld_seam_windows_ws5_tf75_pg0_h1_ep80_lr0.00025_bs128_T3.5_lce0.7_lkd1.4_lf0.3_seed14,14,val_teacher_agreement,0.9073,0.906597,0.8961
teacher-student(student),distill_tcn_attn_weld_seam_windows_ws5_tf75_pg0_h1_ep80_lr0.0002_bs128_T4.0_lce0.7_lkd1.4_lf0.3_seed14,ablation_experiments/h1/results/comparison_18d_baselines/teacher_student_reference/student_h1_sweep/student_h1_scan96_20260326/stage3/s3_s2_s1_l3_o2_c2_r3/distill_tcn_attn_weld_seam_windows_ws5_tf75_pg0_h1_ep80_lr0.0002_bs128_T4.0_lce0.7_lkd1.4_lf0.3_seed14,14,val_teacher_agreement,0.9803000000000001,0.973757,0.9634999999999999
teacher-student(student),distill_tcn_attn_weld_seam_windows_ws5_tf75_pg0_h1_ep80_lr0.0002_bs128_T3.5_lce0.6_lkd1.5999999999999999_lf0.3_seed14,ablation_experiments/h1/results/comparison_18d_baselines/teacher_student_reference/student_h1_sweep/student_h1_scan96_20260326/stage3/s3_s2_s1_l3_o2_c2_r4/distill_tcn_attn_weld_seam_windows_ws5_tf75_pg0_h1_ep80_lr0.0002_bs128_T3.5_lce0.6_lkd1.5999999999999999_lf0.3_seed14,14,val_teacher_agreement,0.9691,0.963039,0.9521999999999999
teacher-student(student),distill_tcn_attn_weld_seam_windows_ws5_tf75_pg0_h1_ep80_lr0.0002_bs128_T3.5_lce0.7_lkd1.5_lf0.3_seed14,ablation_experiments/h1/results/comparison_18d_baselines/teacher_student_reference/student_h1_sweep/student_h1_scan96_20260326/stage3/s3_s2_s1_l3_o2_c2_r5/distill_tcn_attn_weld_seam_windows_ws5_tf75_pg0_h1_ep80_lr0.0002_bs128_T3.5_lce0.7_lkd1.5_lf0.3_seed14,14,val_teacher_agreement,0.9803000000000001,0.973757,0.9634999999999999
teacher-student(student),distill_tcn_attn_weld_seam_windows_ws5_tf75_pg0_h1_ep80_lr0.00024999999999999995_bs128_T2.0_lce0.9_lkd1.1_lf0.0_seed14,ablation_experiments/h1/results/comparison_18d_baselines/teacher_student_reference/student_h1_sweep/student_h1_scan96_20260326/stage3/s3_s2_s1_l4_o4_c1_r1/distill_tcn_attn_weld_seam_windows_ws5_tf75_pg0_h1_ep80_lr0.00024999999999999995_bs128_T2.0_lce0.9_lkd1.1_lf0.0_seed14,14,val_teacher_agreement,0.9438,0.940489,0.927
teacher-student(student),distill_tcn_attn_weld_seam_windows_ws5_tf75_pg0_h1_ep80_lr0.00035_bs128_T2.0_lce0.9_lkd1.1_lf0.0_seed14,ablation_experiments/h1/results/comparison_18d_baselines/teacher_student_reference/student_h1_sweep/student_h1_scan96_20260326/stage3/s3_s2_s1_l4_o4_c1_r2/distill_tcn_attn_weld_seam_windows_ws5_tf75_pg0_h1_ep80_lr0.00035_bs128_T2.0_lce0.9_lkd1.1_lf0.0_seed14,14,val_teacher_agreement,0.7444,0.773834,0.7331
teacher-student(student),distill_tcn_attn_weld_seam_windows_ws5_tf75_pg0_h1_ep80_lr0.0003_bs128_T2.5_lce0.9_lkd1.1_lf0.0_seed14,ablation_experiments/h1/results/comparison_18d_baselines/teacher_student_reference/student_h1_sweep/student_h1_scan96_20260326/stage3/s3_s2_s1_l4_o4_c1_r3/distill_tcn_attn_weld_seam_windows_ws5_tf75_pg0_h1_ep80_lr0.0003_bs128_T2.5_lce0.9_lkd1.1_lf0.0_seed14,14,val_teacher_agreement,0.9662999999999999,0.961331,0.9494
teacher-student(student),distill_tcn_attn_weld_seam_windows_ws5_tf75_pg0_h1_ep80_lr0.0003_bs128_T2.0_lce0.8_lkd1.3_lf0.0_seed14,ablation_experiments/h1/results/comparison_18d_baselines/teacher_student_reference/student_h1_sweep/student_h1_scan96_20260326/stage3/s3_s2_s1_l4_o4_c1_r4/distill_tcn_attn_weld_seam_windows_ws5_tf75_pg0_h1_ep80_lr0.0003_bs128_T2.0_lce0.8_lkd1.3_lf0.0_seed14,14,val_teacher_agreement,0.9606999999999999,0.956032,0.9438
teacher-student(student),distill_tcn_attn_weld_seam_windows_ws5_tf75_pg0_h1_ep80_lr0.0003_bs128_T2.0_lce0.9_lkd1.2000000000000002_lf0.1_seed14,ablation_experiments/h1/results/comparison_18d_baselines/teacher_student_reference/student_h1_sweep/student_h1_scan96_20260326/stage3/s3_s2_s1_l4_o4_c1_r5/distill_tcn_attn_weld_seam_windows_ws5_tf75_pg0_h1_ep80_lr0.0003_bs128_T2.0_lce0.9_lkd1.2000000000000002_lf0.1_seed14,14,val_teacher_agreement,0.9691,0.964004,0.9521999999999999
teacher-student(student),distill_tcn_attn_weld_seam_windows_ws5_tf75_pg0_h1_ep80_lr0.00024999999999999995_bs128_T2.0_lce0.9_lkd1.1_lf0.0_seed14,ablation_experiments/h1/results/comparison_18d_baselines/teacher_student_reference/student_h1_sweep/student_h1_scan96_20260326/stage3/s3_s2_s1_l4_o4_c7_r1/distill_tcn_attn_weld_seam_windows_ws5_tf75_pg0_h1_ep80_lr0.00024999999999999995_bs128_T2.0_lce0.9_lkd1.1_lf0.0_seed14,14,val_teacher_agreement,0.9242,0.922403,0.9129
teacher-student(student),distill_tcn_attn_weld_seam_windows_ws5_tf75_pg0_h1_ep80_lr0.00035_bs128_T2.0_lce0.9_lkd1.1_lf0.0_seed14,ablation_experiments/h1/results/comparison_18d_baselines/teacher_student_reference/student_h1_sweep/student_h1_scan96_20260326/stage3/s3_s2_s1_l4_o4_c7_r2/distill_tcn_attn_weld_seam_windows_ws5_tf75_pg0_h1_ep80_lr0.00035_bs128_T2.0_lce0.9_lkd1.1_lf0.0_seed14,14,val_teacher_agreement,0.7584000000000001,0.787827,0.7472
teacher-student(student),distill_tcn_attn_weld_seam_windows_ws5_tf75_pg0_h1_ep80_lr0.0003_bs128_T2.5_lce0.9_lkd1.1_lf0.0_seed14,ablation_experiments/h1/results/comparison_18d_baselines/teacher_student_reference/student_h1_sweep/student_h1_scan96_20260326/stage3/s3_s2_s1_l4_o4_c7_r3/distill_tcn_attn_weld_seam_windows_ws5_tf75_pg0_h1_ep80_lr0.0003_bs128_T2.5_lce0.9_lkd1.1_lf0.0_seed14,14,val_teacher_agreement,0.9775,0.971053,0.9662999999999999
teacher-student(student),distill_tcn_attn_weld_seam_windows_ws5_tf75_pg0_h1_ep80_lr0.0003_bs128_T2.0_lce0.8_lkd1.3_lf0.0_seed14,ablation_experiments/h1/results/comparison_18d_baselines/teacher_student_reference/student_h1_sweep/student_h1_scan96_20260326/stage3/s3_s2_s1_l4_o4_c7_r4/distill_tcn_attn_weld_seam_windows_ws5_tf75_pg0_h1_ep80_lr0.0003_bs128_T2.0_lce0.8_lkd1.3_lf0.0_seed14,14,val_teacher_agreement,0.9775,0.971053,0.9662999999999999
teacher-student(student),distill_tcn_attn_weld_seam_windows_ws5_tf75_pg0_h1_ep80_lr0.0003_bs128_T2.0_lce0.9_lkd1.2000000000000002_lf0.1_seed14,ablation_experiments/h1/results/comparison_18d_baselines/teacher_student_reference/student_h1_sweep/student_h1_scan96_20260326/stage3/s3_s2_s1_l4_o4_c7_r5/distill_tcn_attn_weld_seam_windows_ws5_tf75_pg0_h1_ep80_lr0.0003_bs128_T2.0_lce0.9_lkd1.2000000000000002_lf0.1_seed14,14,val_teacher_agreement,0.9831,0.976478,0.9719
teacher-student(student),distill_tcn_attn_weld_seam_windows_ws5_tf75_pg0_h1_ep80_lr0.0002_bs128_T4.0_lce0.7_lkd1.4_lf0.3_seed122,ablation_experiments/h1/results/comparison_18d_baselines/teacher_student_reference/student_h1_sweep/student_h1_scan96_20260326/stage4/stage4_s3_s2_s1_l3_o2_c2_r3/distill_tcn_attn_weld_seam_windows_ws5_tf75_pg0_h1_ep80_lr0.0002_bs128_T4.0_lce0.7_lkd1.4_lf0.3_seed122,122,val_teacher_agreement,0.9326000000000001,0.91752,0.9326000000000001
teacher-student(student),distill_tcn_attn_weld_seam_windows_ws5_tf75_pg0_h1_ep80_lr0.0002_bs128_T4.0_lce0.7_lkd1.4_lf0.3_seed183,ablation_experiments/h1/results/comparison_18d_baselines/teacher_student_reference/student_h1_sweep/student_h1_scan96_20260326/stage4/stage4_s3_s2_s1_l3_o2_c2_r3/distill_tcn_attn_weld_seam_windows_ws5_tf75_pg0_h1_ep80_lr0.0002_bs128_T4.0_lce0.7_lkd1.4_lf0.3_seed183,183,val_teacher_agreement,0.8399,0.848811,0.8399
teacher-student(student),distill_tcn_attn_weld_seam_windows_ws5_tf75_pg0_h1_ep80_lr0.0002_bs128_T4.0_lce0.7_lkd1.4_lf0.3_seed21,ablation_experiments/h1/results/comparison_18d_baselines/teacher_student_reference/student_h1_sweep/student_h1_scan96_20260326/stage4/stage4_s3_s2_s1_l3_o2_c2_r3/distill_tcn_attn_weld_seam_windows_ws5_tf75_pg0_h1_ep80_lr0.0002_bs128_T4.0_lce0.7_lkd1.4_lf0.3_seed21,21,val_teacher_agreement,0.8034,0.821911,0.7978000000000001
teacher-student(student),distill_tcn_attn_weld_seam_windows_ws5_tf75_pg0_h1_ep80_lr0.0002_bs128_T4.0_lce0.7_lkd1.4_lf0.3_seed7,ablation_experiments/h1/results/comparison_18d_baselines/teacher_student_reference/student_h1_sweep/student_h1_scan96_20260326/stage4/stage4_s3_s2_s1_l3_o2_c2_r3/distill_tcn_attn_weld_seam_windows_ws5_tf75_pg0_h1_ep80_lr0.0002_bs128_T4.0_lce0.7_lkd1.4_lf0.3_seed7,7,val_teacher_agreement,0.9073,0.892659,0.9185
teacher-student(student),distill_tcn_attn_weld_seam_windows_ws5_tf75_pg0_h1_ep80_lr0.0002_bs128_T4.0_lce0.7_lkd1.4_lf0.3_seed77,ablation_experiments/h1/results/comparison_18d_baselines/teacher_student_reference/student_h1_sweep/student_h1_scan96_20260326/stage4/stage4_s3_s2_s1_l3_o2_c2_r3/distill_tcn_attn_weld_seam_windows_ws5_tf75_pg0_h1_ep80_lr0.0002_bs128_T4.0_lce0.7_lkd1.4_lf0.3_seed77,77,val_teacher_agreement,0.9045000000000001,0.889827,0.9157
teacher-student(student),distill_tcn_attn_weld_seam_windows_ws5_tf75_pg0_h1_ep80_lr0.0002_bs128_T3.5_lce0.7_lkd1.5_lf0.3_seed122,ablation_experiments/h1/results/comparison_18d_baselines/teacher_student_reference/student_h1_sweep/student_h1_scan96_20260326/stage4/stage4_s3_s2_s1_l3_o2_c2_r5/distill_tcn_attn_weld_seam_windows_ws5_tf75_pg0_h1_ep80_lr0.0002_bs128_T3.5_lce0.7_lkd1.5_lf0.3_seed122,122,val_teacher_agreement,0.9354,0.9216,0.9354
teacher-student(student),distill_tcn_attn_weld_seam_windows_ws5_tf75_pg0_h1_ep80_lr0.0002_bs128_T3.5_lce0.7_lkd1.5_lf0.3_seed183,ablation_experiments/h1/results/comparison_18d_baselines/teacher_student_reference/student_h1_sweep/student_h1_scan96_20260326/stage4/stage4_s3_s2_s1_l3_o2_c2_r5/distill_tcn_attn_weld_seam_windows_ws5_tf75_pg0_h1_ep80_lr0.0002_bs128_T3.5_lce0.7_lkd1.5_lf0.3_seed183,183,val_teacher_agreement,0.9298000000000001,0.917694,0.9298000000000001
teacher-student(student),distill_tcn_attn_weld_seam_windows_ws5_tf75_pg0_h1_ep80_lr0.0002_bs128_T3.5_lce0.7_lkd1.5_lf0.3_seed21,ablation_experiments/h1/results/comparison_18d_baselines/teacher_student_reference/student_h1_sweep/student_h1_scan96_20260326/stage4/stage4_s3_s2_s1_l3_o2_c2_r5/distill_tcn_attn_weld_seam_windows_ws5_tf75_pg0_h1_ep80_lr0.0002_bs128_T3.5_lce0.7_lkd1.5_lf0.3_seed21,21,val_teacher_agreement,0.7978000000000001,0.816386,0.7978000000000001
teacher-student(student),distill_tcn_attn_weld_seam_windows_ws5_tf75_pg0_h1_ep80_lr0.0002_bs128_T3.5_lce0.7_lkd1.5_lf0.3_seed7,ablation_experiments/h1/results/comparison_18d_baselines/teacher_student_reference/student_h1_sweep/student_h1_scan96_20260326/stage4/stage4_s3_s2_s1_l3_o2_c2_r5/distill_tcn_attn_weld_seam_windows_ws5_tf75_pg0_h1_ep80_lr0.0002_bs128_T3.5_lce0.7_lkd1.5_lf0.3_seed7,7,val_teacher_agreement,0.9101,0.896672,0.9213
teacher-student(student),distill_tcn_attn_weld_seam_windows_ws5_tf75_pg0_h1_ep80_lr0.0002_bs128_T3.5_lce0.7_lkd1.5_lf0.3_seed77,ablation_experiments/h1/results/comparison_18d_baselines/teacher_student_reference/student_h1_sweep/student_h1_scan96_20260326/stage4/stage4_s3_s2_s1_l3_o2_c2_r5/distill_tcn_attn_weld_seam_windows_ws5_tf75_pg0_h1_ep80_lr0.0002_bs128_T3.5_lce0.7_lkd1.5_lf0.3_seed77,77,val_teacher_agreement,0.9045000000000001,0.889827,0.9157
teacher-student(student),distill_tcn_attn_weld_seam_windows_ws5_tf75_pg0_h1_ep80_lr0.0003_bs128_T2.5_lce0.9_lkd1.1_lf0.0_seed122,ablation_experiments/h1/results/comparison_18d_baselines/teacher_student_reference/student_h1_sweep/student_h1_scan96_20260326/stage4/stage4_s3_s2_s1_l4_o4_c7_r3/distill_tcn_attn_weld_seam_windows_ws5_tf75_pg0_h1_ep80_lr0.0003_bs128_T2.5_lce0.9_lkd1.1_lf0.0_seed122,122,val_teacher_agreement,0.927,0.904402,0.9381999999999999
teacher-student(student),distill_tcn_attn_weld_seam_windows_ws5_tf75_pg0_h1_ep80_lr0.0003_bs128_T2.5_lce0.9_lkd1.1_lf0.0_seed183,ablation_experiments/h1/results/comparison_18d_baselines/teacher_student_reference/student_h1_sweep/student_h1_scan96_20260326/stage4/stage4_s3_s2_s1_l4_o4_c7_r3/distill_tcn_attn_weld_seam_windows_ws5_tf75_pg0_h1_ep80_lr0.0003_bs128_T2.5_lce0.9_lkd1.1_lf0.0_seed183,183,val_teacher_agreement,0.8961,0.886656,0.8904000000000001
teacher-student(student),distill_tcn_attn_weld_seam_windows_ws5_tf75_pg0_h1_ep80_lr0.0003_bs128_T2.5_lce0.9_lkd1.1_lf0.0_seed21,ablation_experiments/h1/results/comparison_18d_baselines/teacher_student_reference/student_h1_sweep/student_h1_scan96_20260326/stage4/stage4_s3_s2_s1_l4_o4_c7_r3/distill_tcn_attn_weld_seam_windows_ws5_tf75_pg0_h1_ep80_lr0.0003_bs128_T2.5_lce0.9_lkd1.1_lf0.0_seed21,21,val_teacher_agreement,0.7696999999999999,0.794365,0.764
teacher-student(student),distill_tcn_attn_weld_seam_windows_ws5_tf75_pg0_h1_ep80_lr0.0003_bs128_T2.5_lce0.9_lkd1.1_lf0.0_seed7,ablation_experiments/h1/results/comparison_18d_baselines/teacher_student_reference/student_h1_sweep/student_h1_scan96_20260326/stage4/stage4_s3_s2_s1_l4_o4_c7_r3/distill_tcn_attn_weld_seam_windows_ws5_tf75_pg0_h1_ep80_lr0.0003_bs128_T2.5_lce0.9_lkd1.1_lf0.0_seed7,7,val_teacher_agreement,0.9129,0.876035,0.9185
teacher-student(student),distill_tcn_attn_weld_seam_windows_ws5_tf75_pg0_h1_ep80_lr0.0003_bs128_T2.5_lce0.9_lkd1.1_lf0.0_seed77,ablation_experiments/h1/results/comparison_18d_baselines/teacher_student_reference/student_h1_sweep/student_h1_scan96_20260326/stage4/stage4_s3_s2_s1_l4_o4_c7_r3/distill_tcn_attn_weld_seam_windows_ws5_tf75_pg0_h1_ep80_lr0.0003_bs128_T2.5_lce0.9_lkd1.1_lf0.0_seed77,77,val_teacher_agreement,0.809,0.804931,0.8146
teacher-student(student),distill_tcn_attn_weld_seam_windows_ws5_tf75_pg0_h1_ep80_lr0.0003_bs128_T2.0_lce0.9_lkd1.2000000000000002_lf0.1_seed122,ablation_experiments/h1/results/comparison_18d_baselines/teacher_student_reference/student_h1_sweep/student_h1_scan96_20260326/stage4/stage4_s3_s2_s1_l4_o4_c7_r5/distill_tcn_attn_weld_seam_windows_ws5_tf75_pg0_h1_ep80_lr0.0003_bs128_T2.0_lce0.9_lkd1.2000000000000002_lf0.1_seed122,122,val_teacher_agreement,0.9185,0.895427,0.9298000000000001
teacher-student(student),distill_tcn_attn_weld_seam_windows_ws5_tf75_pg0_h1_ep80_lr0.0003_bs128_T2.0_lce0.9_lkd1.2000000000000002_lf0.1_seed183,ablation_experiments/h1/results/comparison_18d_baselines/teacher_student_reference/student_h1_sweep/student_h1_scan96_20260326/stage4/stage4_s3_s2_s1_l4_o4_c7_r5/distill_tcn_attn_weld_seam_windows_ws5_tf75_pg0_h1_ep80_lr0.0003_bs128_T2.0_lce0.9_lkd1.2000000000000002_lf0.1_seed183,183,val_teacher_agreement,0.9466,0.933699,0.9298000000000001
teacher-student(student),distill_tcn_attn_weld_seam_windows_ws5_tf75_pg0_h1_ep80_lr0.0003_bs128_T2.0_lce0.9_lkd1.2000000000000002_lf0.1_seed21,ablation_experiments/h1/results/comparison_18d_baselines/teacher_student_reference/student_h1_sweep/student_h1_scan96_20260326/stage4/stage4_s3_s2_s1_l4_o4_c7_r5/distill_tcn_attn_weld_seam_windows_ws5_tf75_pg0_h1_ep80_lr0.0003_bs128_T2.0_lce0.9_lkd1.2000000000000002_lf0.1_seed21,21,val_teacher_agreement,0.7669,0.79216,0.7612000000000001
teacher-student(student),distill_tcn_attn_weld_seam_windows_ws5_tf75_pg0_h1_ep80_lr0.0003_bs128_T2.0_lce0.9_lkd1.2000000000000002_lf0.1_seed7,ablation_experiments/h1/results/comparison_18d_baselines/teacher_student_reference/student_h1_sweep/student_h1_scan96_20260326/stage4/stage4_s3_s2_s1_l4_o4_c7_r5/distill_tcn_attn_weld_seam_windows_ws5_tf75_pg0_h1_ep80_lr0.0003_bs128_T2.0_lce0.9_lkd1.2000000000000002_lf0.1_seed7,7,val_teacher_agreement,0.9185,0.896812,0.9298000000000001
teacher-student(student),distill_tcn_attn_weld_seam_windows_ws5_tf75_pg0_h1_ep80_lr0.0003_bs128_T2.0_lce0.9_lkd1.2000000000000002_lf0.1_seed77,ablation_experiments/h1/results/comparison_18d_baselines/teacher_student_reference/student_h1_sweep/student_h1_scan96_20260326/stage4/stage4_s3_s2_s1_l4_o4_c7_r5/distill_tcn_attn_weld_seam_windows_ws5_tf75_pg0_h1_ep80_lr0.0003_bs128_T2.0_lce0.9_lkd1.2000000000000002_lf0.1_seed77,77,val_teacher_agreement,0.7948999999999999,0.793582,0.8006
teacher-student(student),distill_tcn_attn_weld_seam_windows_ws5_tf75_pg0_h1_ep80_lr0.0002_bs128_T3.0_lce0.8_lkd1.2_lf0.2_seed14,ablation_experiments/h1/results/comparison_18d_baselines/teacher_student_reference/student_h1_sweep/student_h1_scan96_smoke_20260326/stage0/s0_val_macro_f1_seed14/distill_tcn_attn_weld_seam_windows_ws5_tf75_pg0_h1_ep80_lr0.0002_bs128_T3.0_lce0.8_lkd1.2_lf0.2_seed14,14,val_macro_f1,0.9381999999999999,0.906267,0.927
teacher-student(student),distill_tcn_attn_weld_seam_windows_ws5_tf75_pg0_h1_ep80_lr0.0002_bs128_T3.0_lce0.8_lkd1.2_lf0.2_seed42,ablation_experiments/h1/results/comparison_18d_baselines/teacher_student_reference/student_h1_sweep/student_h1_scan96_smoke_20260326/stage0/s0_val_macro_f1_seed42/distill_tcn_attn_weld_seam_windows_ws5_tf75_pg0_h1_ep80_lr0.0002_bs128_T3.0_lce0.8_lkd1.2_lf0.2_seed42,42,val_macro_f1,0.8454999999999999,0.833916,0.8454999999999999
teacher-student(student),distill_tcn_attn_weld_seam_windows_ws5_tf75_pg0_h1_ep80_lr0.0002_bs128_T3.0_lce0.8_lkd1.2_lf0.2_seed14,ablation_experiments/h1/results/comparison_18d_baselines/teacher_student_reference/student_h1_sweep/student_h1_scan96_smoke_20260326/stage0/s0_val_teacher_agreement_seed14/distill_tcn_attn_weld_seam_windows_ws5_tf75_pg0_h1_ep80_lr0.0002_bs128_T3.0_lce0.8_lkd1.2_lf0.2_seed14,14,val_teacher_agreement,0.9691,0.961188,0.9521999999999999
teacher-student(student),distill_tcn_attn_weld_seam_windows_ws5_tf75_pg0_h1_ep80_lr0.0002_bs128_T3.0_lce0.8_lkd1.2_lf0.2_seed42,ablation_experiments/h1/results/comparison_18d_baselines/teacher_student_reference/student_h1_sweep/student_h1_scan96_smoke_20260326/stage0/s0_val_teacher_agreement_seed42/distill_tcn_attn_weld_seam_windows_ws5_tf75_pg0_h1_ep80_lr0.0002_bs128_T3.0_lce0.8_lkd1.2_lf0.2_seed42,42,val_teacher_agreement,0.7275,0.758519,0.7331
lstm,lstm_weld_seam_windows_ws5_tf75_pg0_h1_h128_l1_bi_do0.1_ep80_lr0.0003_wd1e-05_bs128_seed183,ablation_experiments/h1/results/comparison_18d_baselines/lstm/lstm_weld_seam_windows_ws5_tf75_pg0_h1_h128_l1_bi_do0.1_ep80_lr0.0003_wd1e-05_bs128_seed183,183,val_macro_f1,0.809,0.740031,-1.0
lstm,lstm_weld_seam_windows_ws5_tf75_pg0_h1_h128_l1_bi_do0.3_ep80_lr0.0001_wd0.0002_bs128_seed183,ablation_experiments/h1/results/comparison_18d_baselines/lstm/lstm_weld_seam_windows_ws5_tf75_pg0_h1_h128_l1_bi_do0.3_ep80_lr0.0001_wd0.0002_bs128_seed183,183,val_macro_f1,0.882,0.839235,-1.0
lstm,lstm_weld_seam_windows_ws5_tf75_pg0_h1_h128_l2_bi_do0.1_ep80_lr0.0002_wd0.0002_bs64_seed183,ablation_experiments/h1/results/comparison_18d_baselines/lstm/lstm_weld_seam_windows_ws5_tf75_pg0_h1_h128_l2_bi_do0.1_ep80_lr0.0002_wd0.0002_bs64_seed183,183,val_macro_f1,0.8006,0.733976,-1.0
lstm,lstm_weld_seam_windows_ws5_tf75_pg0_h1_h128_l2_bi_do0.1_ep80_lr0.0002_wd0.0005_bs128_seed100,ablation_experiments/h1/results/comparison_18d_baselines/lstm/lstm_weld_seam_windows_ws5_tf75_pg0_h1_h128_l2_bi_do0.1_ep80_lr0.0002_wd0.0005_bs128_seed100,100,val_macro_f1,0.8258,0.763225,-1.0
lstm,lstm_weld_seam_windows_ws5_tf75_pg0_h1_h128_l2_bi_do0.2_ep80_lr0.0001_wd0.0002_bs128_seed77,ablation_experiments/h1/results/comparison_18d_baselines/lstm/lstm_weld_seam_windows_ws5_tf75_pg0_h1_h128_l2_bi_do0.2_ep80_lr0.0001_wd0.0002_bs128_seed77,77,val_macro_f1,0.8848,0.840824,-1.0
lstm,lstm_weld_seam_windows_ws5_tf75_pg0_h1_h128_l2_uni_do0.2_ep80_lr0.0001_wd0.0002_bs64_seed100,ablation_experiments/h1/results/comparison_18d_baselines/lstm/lstm_weld_seam_windows_ws5_tf75_pg0_h1_h128_l2_uni_do0.2_ep80_lr0.0001_wd0.0002_bs64_seed100,100,val_macro_f1,0.8595999999999999,0.81363,-1.0
lstm,lstm_weld_seam_windows_ws5_tf75_pg0_h1_h128_l2_uni_do0.2_ep80_lr0.0003_wd0.0001_bs64_seed77,ablation_experiments/h1/results/comparison_18d_baselines/lstm/lstm_weld_seam_windows_ws5_tf75_pg0_h1_h128_l2_uni_do0.2_ep80_lr0.0003_wd0.0001_bs64_seed77,77,val_macro_f1,0.8118000000000001,0.733112,-1.0
lstm,lstm_weld_seam_windows_ws5_tf75_pg0_h1_h128_l2_uni_do0.3_ep80_lr0.0003_wd1e-05_bs64_seed14,ablation_experiments/h1/results/comparison_18d_baselines/lstm/lstm_weld_seam_windows_ws5_tf75_pg0_h1_h128_l2_uni_do0.3_ep80_lr0.0003_wd1e-05_bs64_seed14,14,val_macro_f1,0.8876000000000001,0.856418,-1.0
lstm,lstm_weld_seam_windows_ws5_tf75_pg0_h1_h128_l2_uni_do0.3_ep80_lr0.0005_wd0.0001_bs64_seed100,ablation_experiments/h1/results/comparison_18d_baselines/lstm/lstm_weld_seam_windows_ws5_tf75_pg0_h1_h128_l2_uni_do0.3_ep80_lr0.0005_wd0.0001_bs64_seed100,100,val_macro_f1,0.8511,0.806592,-1.0
lstm,lstm_weld_seam_windows_ws5_tf75_pg0_h1_h128_l3_bi_do0.2_ep80_lr0.0003_wd0.0001_bs64_seed42,ablation_experiments/h1/results/comparison_18d_baselines/lstm/lstm_weld_seam_windows_ws5_tf75_pg0_h1_h128_l3_bi_do0.2_ep80_lr0.0003_wd0.0001_bs64_seed42,42,val_macro_f1,0.7837000000000001,0.709748,-1.0
lstm,lstm_weld_seam_windows_ws5_tf75_pg0_h1_h128_l3_uni_do0.1_ep80_lr0.0001_wd1e-05_bs128_seed42,ablation_experiments/h1/results/comparison_18d_baselines/lstm/lstm_weld_seam_windows_ws5_tf75_pg0_h1_h128_l3_uni_do0.1_ep80_lr0.0001_wd1e-05_bs128_seed42,42,val_macro_f1,0.8736,0.825416,-1.0
lstm,lstm_weld_seam_windows_ws5_tf75_pg0_h1_h128_l3_uni_do0.2_ep80_lr0.0005_wd1e-05_bs64_seed14,ablation_experiments/h1/results/comparison_18d_baselines/lstm/lstm_weld_seam_windows_ws5_tf75_pg0_h1_h128_l3_uni_do0.2_ep80_lr0.0005_wd1e-05_bs64_seed14,14,val_macro_f1,0.7920999999999999,0.725472,-1.0
lstm,lstm_weld_seam_windows_ws5_tf75_pg0_h1_h64_l1_bi_do0.1_ep80_lr0.0003_wd1e-05_bs64_seed183,ablation_experiments/h1/results/comparison_18d_baselines/lstm/lstm_weld_seam_windows_ws5_tf75_pg0_h1_h64_l1_bi_do0.1_ep80_lr0.0003_wd1e-05_bs64_seed183,183,val_macro_f1,0.8062,0.732043,-1.0
lstm,lstm_weld_seam_windows_ws5_tf75_pg0_h1_h64_l1_bi_do0.3_ep80_lr0.0001_wd0.0001_bs128_seed14,ablation_experiments/h1/results/comparison_18d_baselines/lstm/lstm_weld_seam_windows_ws5_tf75_pg0_h1_h64_l1_bi_do0.3_ep80_lr0.0001_wd0.0001_bs128_seed14,14,val_macro_f1,0.9017000000000001,0.865073,-1.0
lstm,lstm_weld_seam_windows_ws5_tf75_pg0_h1_h64_l1_bi_do0.3_ep80_lr0.0001_wd0.0001_bs128_seed183,ablation_experiments/h1/results/comparison_18d_baselines/lstm/lstm_weld_seam_windows_ws5_tf75_pg0_h1_h64_l1_bi_do0.3_ep80_lr0.0001_wd0.0001_bs128_seed183,183,val_macro_f1,0.8848,0.834149,-1.0
lstm,lstm_weld_seam_windows_ws5_tf75_pg0_h1_h64_l1_bi_do0.3_ep80_lr0.0001_wd0.0001_bs128_seed42,ablation_experiments/h1/results/comparison_18d_baselines/lstm/lstm_weld_seam_windows_ws5_tf75_pg0_h1_h64_l1_bi_do0.3_ep80_lr0.0001_wd0.0001_bs128_seed42,42,val_macro_f1,0.8933,0.851492,-1.0
lstm,lstm_weld_seam_windows_ws5_tf75_pg0_h1_h64_l1_bi_do0.3_ep80_lr0.0001_wd0.0001_bs64_seed183,ablation_experiments/h1/results/comparison_18d_baselines/lstm/lstm_weld_seam_windows_ws5_tf75_pg0_h1_h64_l1_bi_do0.3_ep80_lr0.0001_wd0.0001_bs64_seed183,183,val_macro_f1,0.8876000000000001,0.843873,-1.0
lstm,lstm_weld_seam_windows_ws5_tf75_pg0_h1_h64_l1_bi_do0.3_ep80_lr0.0001_wd0.0001_bs64_seed42,ablation_experiments/h1/results/comparison_18d_baselines/lstm/lstm_weld_seam_windows_ws5_tf75_pg0_h1_h64_l1_bi_do0.3_ep80_lr0.0001_wd0.0001_bs64_seed42,42,val_macro_f1,0.8736,0.820405,-1.0
lstm,lstm_weld_seam_windows_ws5_tf75_pg0_h1_h64_l1_bi_do0.3_ep80_lr0.0002_wd0.0001_bs128_seed42,ablation_experiments/h1/results/comparison_18d_baselines/lstm/lstm_weld_seam_windows_ws5_tf75_pg0_h1_h64_l1_bi_do0.3_ep80_lr0.0002_wd0.0001_bs128_seed42,42,val_macro_f1,0.882,0.836209,-1.0
lstm,lstm_weld_seam_windows_ws5_tf75_pg0_h1_h64_l1_bi_do0.3_ep80_lr0.0003_wd0.0002_bs128_seed183,ablation_experiments/h1/results/comparison_18d_baselines/lstm/lstm_weld_seam_windows_ws5_tf75_pg0_h1_h64_l1_bi_do0.3_ep80_lr0.0003_wd0.0002_bs128_seed183,183,val_macro_f1,0.8118000000000001,0.743455,-1.0
lstm,lstm_weld_seam_windows_ws5_tf75_pg0_h1_h64_l2_bi_do0.1_ep80_lr0.0001_wd0.0005_bs64_seed77,ablation_experiments/h1/results/comparison_18d_baselines/lstm/lstm_weld_seam_windows_ws5_tf75_pg0_h1_h64_l2_bi_do0.1_ep80_lr0.0001_wd0.0005_bs64_seed77,77,val_macro_f1,0.8792,0.838829,-1.0
lstm,lstm_weld_seam_windows_ws5_tf75_pg0_h1_h64_l2_bi_do0.3_ep80_lr0.0001_wd0.0005_bs64_seed183,ablation_experiments/h1/results/comparison_18d_baselines/lstm/lstm_weld_seam_windows_ws5_tf75_pg0_h1_h64_l2_bi_do0.3_ep80_lr0.0001_wd0.0005_bs64_seed183,183,val_macro_f1,0.8511,0.792336,-1.0
lstm,lstm_weld_seam_windows_ws5_tf75_pg0_h1_h64_l2_bi_do0.3_ep80_lr0.0001_wd1e-05_bs128_seed14,ablation_experiments/h1/results/comparison_18d_baselines/lstm/lstm_weld_seam_windows_ws5_tf75_pg0_h1_h64_l2_bi_do0.3_ep80_lr0.0001_wd1e-05_bs128_seed14,14,val_macro_f1,0.8989,0.863421,-1.0
lstm,lstm_weld_seam_windows_ws5_tf75_pg0_h1_h64_l2_bi_do0.3_ep80_lr0.0001_wd1e-05_bs128_seed183,ablation_experiments/h1/results/comparison_18d_baselines/lstm/lstm_weld_seam_windows_ws5_tf75_pg0_h1_h64_l2_bi_do0.3_ep80_lr0.0001_wd1e-05_bs128_seed183,183,val_macro_f1,0.882,0.832921,-1.0
lstm,lstm_weld_seam_windows_ws5_tf75_pg0_h1_h64_l2_bi_do0.3_ep80_lr0.0001_wd1e-05_bs128_seed42,ablation_experiments/h1/results/comparison_18d_baselines/lstm/lstm_weld_seam_windows_ws5_tf75_pg0_h1_h64_l2_bi_do0.3_ep80_lr0.0001_wd1e-05_bs128_seed42,42,val_macro_f1,0.9073,0.875341,-1.0
lstm,lstm_weld_seam_windows_ws5_tf75_pg0_h1_h64_l2_uni_do0.1_ep80_lr0.0005_wd0.0002_bs128_seed183,ablation_experiments/h1/results/comparison_18d_baselines/lstm/lstm_weld_seam_windows_ws5_tf75_pg0_h1_h64_l2_uni_do0.1_ep80_lr0.0005_wd0.0002_bs128_seed183,183,val_macro_f1,0.7865000000000001,0.713539,-1.0
lstm,lstm_weld_seam_windows_ws5_tf75_pg0_h1_h64_l2_uni_do0.2_ep80_lr0.0005_wd0.0001_bs128_seed100,ablation_experiments/h1/results/comparison_18d_baselines/lstm/lstm_weld_seam_windows_ws5_tf75_pg0_h1_h64_l2_uni_do0.2_ep80_lr0.0005_wd0.0001_bs128_seed100,100,val_macro_f1,0.8118000000000001,0.748486,-1.0
lstm,lstm_weld_seam_windows_ws5_tf75_pg0_h1_h64_l2_uni_do0.3_ep80_lr0.0001_wd0.0001_bs64_seed183,ablation_experiments/h1/results/comparison_18d_baselines/lstm/lstm_weld_seam_windows_ws5_tf75_pg0_h1_h64_l2_uni_do0.3_ep80_lr0.0001_wd0.0001_bs64_seed183,183,val_macro_f1,0.8904000000000001,0.855327,-1.0
lstm,lstm_weld_seam_windows_ws5_tf75_pg0_h1_h64_l2_uni_do0.3_ep80_lr0.0002_wd0.0005_bs128_seed77,ablation_experiments/h1/results/comparison_18d_baselines/lstm/lstm_weld_seam_windows_ws5_tf75_pg0_h1_h64_l2_uni_do0.3_ep80_lr0.0002_wd0.0005_bs128_seed77,77,val_macro_f1,0.8708,0.817379,-1.0
lstm,lstm_weld_seam_windows_ws5_tf75_pg0_h1_h64_l2_uni_do0.3_ep80_lr0.0003_wd0.0002_bs64_seed42,ablation_experiments/h1/results/comparison_18d_baselines/lstm/lstm_weld_seam_windows_ws5_tf75_pg0_h1_h64_l2_uni_do0.3_ep80_lr0.0003_wd0.0002_bs64_seed42,42,val_macro_f1,0.8623999999999999,0.821318,-1.0
lstm,lstm_weld_seam_windows_ws5_tf75_pg0_h1_h64_l3_bi_do0.2_ep80_lr0.0002_wd0.0002_bs128_seed77,ablation_experiments/h1/results/comparison_18d_baselines/lstm/lstm_weld_seam_windows_ws5_tf75_pg0_h1_h64_l3_bi_do0.2_ep80_lr0.0002_wd0.0002_bs128_seed77,77,val_macro_f1,0.8652,0.829324,-1.0
lstm,lstm_weld_seam_windows_ws5_tf75_pg0_h1_h64_l3_bi_do0.2_ep80_lr0.0002_wd0.0002_bs64_seed100,ablation_experiments/h1/results/comparison_18d_baselines/lstm/lstm_weld_seam_windows_ws5_tf75_pg0_h1_h64_l3_bi_do0.2_ep80_lr0.0002_wd0.0002_bs64_seed100,100,val_macro_f1,0.8736,0.837732,-1.0
lstm,lstm_weld_seam_windows_ws5_tf75_pg0_h1_h64_l3_bi_do0.2_ep80_lr0.0005_wd0.0001_bs128_seed77,ablation_experiments/h1/results/comparison_18d_baselines/lstm/lstm_weld_seam_windows_ws5_tf75_pg0_h1_h64_l3_bi_do0.2_ep80_lr0.0005_wd0.0001_bs128_seed77,77,val_macro_f1,0.8006,0.721394,-1.0
lstm,lstm_weld_seam_windows_ws5_tf75_pg0_h1_h64_l3_bi_do0.3_ep80_lr0.0005_wd0.0001_bs64_seed183,ablation_experiments/h1/results/comparison_18d_baselines/lstm/lstm_weld_seam_windows_ws5_tf75_pg0_h1_h64_l3_bi_do0.3_ep80_lr0.0005_wd0.0001_bs64_seed183,183,val_macro_f1,0.7669,0.673627,-1.0
lstm,lstm_weld_seam_windows_ws5_tf75_pg0_h1_h64_l3_uni_do0.1_ep80_lr0.0001_wd0.0005_bs128_seed42,ablation_experiments/h1/results/comparison_18d_baselines/lstm/lstm_weld_seam_windows_ws5_tf75_pg0_h1_h64_l3_uni_do0.1_ep80_lr0.0001_wd0.0005_bs128_seed42,42,val_macro_f1,0.8146,0.716422,-1.0
lstm,lstm_weld_seam_windows_ws5_tf75_pg0_h1_h64_l3_uni_do0.1_ep80_lr0.0003_wd1e-05_bs64_seed14,ablation_experiments/h1/results/comparison_18d_baselines/lstm/lstm_weld_seam_windows_ws5_tf75_pg0_h1_h64_l3_uni_do0.1_ep80_lr0.0003_wd1e-05_bs64_seed14,14,val_macro_f1,0.8736,0.84013,-1.0
lstm,lstm_weld_seam_windows_ws5_tf75_pg0_h1_h96_l1_bi_do0.1_ep80_lr0.0001_wd1e-05_bs128_seed77,ablation_experiments/h1/results/comparison_18d_baselines/lstm/lstm_weld_seam_windows_ws5_tf75_pg0_h1_h96_l1_bi_do0.1_ep80_lr0.0001_wd1e-05_bs128_seed77,77,val_macro_f1,0.8792,0.831558,-1.0
lstm,lstm_weld_seam_windows_ws5_tf75_pg0_h1_h96_l1_bi_do0.1_ep80_lr0.0002_wd0.0001_bs64_seed122,ablation_experiments/h1/results/comparison_18d_baselines/lstm/lstm_weld_seam_windows_ws5_tf75_pg0_h1_h96_l1_bi_do0.1_ep80_lr0.0002_wd0.0001_bs64_seed122,122,val_macro_f1,0.8427,0.784436,-1.0
lstm,lstm_weld_seam_windows_ws5_tf75_pg0_h1_h96_l1_bi_do0.2_ep80_lr0.0001_wd0.0002_bs128_seed183,ablation_experiments/h1/results/comparison_18d_baselines/lstm/lstm_weld_seam_windows_ws5_tf75_pg0_h1_h96_l1_bi_do0.2_ep80_lr0.0001_wd0.0002_bs128_seed183,183,val_macro_f1,0.8792,0.829906,-1.0
lstm,lstm_weld_seam_windows_ws5_tf75_pg0_h1_h96_l1_uni_do0.1_ep80_lr0.0002_wd0.0001_bs128_seed122,ablation_experiments/h1/results/comparison_18d_baselines/lstm/lstm_weld_seam_windows_ws5_tf75_pg0_h1_h96_l1_uni_do0.1_ep80_lr0.0002_wd0.0001_bs128_seed122,122,val_macro_f1,0.8708,0.819094,-1.0
lstm,lstm_weld_seam_windows_ws5_tf75_pg0_h1_h96_l2_bi_do0.1_ep80_lr0.0002_wd1e-05_bs128_seed77,ablation_experiments/h1/results/comparison_18d_baselines/lstm/lstm_weld_seam_windows_ws5_tf75_pg0_h1_h96_l2_bi_do0.1_ep80_lr0.0002_wd1e-05_bs128_seed77,77,val_macro_f1,0.8427,0.785945,-1.0
lstm,lstm_weld_seam_windows_ws5_tf75_pg0_h1_h96_l2_bi_do0.3_ep80_lr0.0001_wd0.0002_bs128_seed14,ablation_experiments/h1/results/comparison_18d_baselines/lstm/lstm_weld_seam_windows_ws5_tf75_pg0_h1_h96_l2_bi_do0.3_ep80_lr0.0001_wd0.0002_bs128_seed14,14,val_macro_f1,0.9045000000000001,0.870929,-1.0
lstm,lstm_weld_seam_windows_ws5_tf75_pg0_h1_h96_l2_bi_do0.3_ep80_lr0.0001_wd0.0002_bs128_seed183,ablation_experiments/h1/results/comparison_18d_baselines/lstm/lstm_weld_seam_windows_ws5_tf75_pg0_h1_h96_l2_bi_do0.3_ep80_lr0.0001_wd0.0002_bs128_seed183,183,val_macro_f1,0.8933,0.853013,-1.0
lstm,lstm_weld_seam_windows_ws5_tf75_pg0_h1_h96_l2_bi_do0.3_ep80_lr0.0001_wd0.0002_bs128_seed42,ablation_experiments/h1/results/comparison_18d_baselines/lstm/lstm_weld_seam_windows_ws5_tf75_pg0_h1_h96_l2_bi_do0.3_ep80_lr0.0001_wd0.0002_bs128_seed42,42,val_macro_f1,0.8764,0.834336,-1.0
lstm,lstm_weld_seam_windows_ws5_tf75_pg0_h1_h96_l2_bi_do0.3_ep80_lr0.0002_wd0.0001_bs128_seed183,ablation_experiments/h1/results/comparison_18d_baselines/lstm/lstm_weld_seam_windows_ws5_tf75_pg0_h1_h96_l2_bi_do0.3_ep80_lr0.0002_wd0.0001_bs128_seed183,183,val_macro_f1,0.8399,0.777996,-1.0
lstm,lstm_weld_seam_windows_ws5_tf75_pg0_h1_h96_l2_bi_do0.3_ep80_lr0.0003_wd0.0005_bs64_seed42,ablation_experiments/h1/results/comparison_18d_baselines/lstm/lstm_weld_seam_windows_ws5_tf75_pg0_h1_h96_l2_bi_do0.3_ep80_lr0.0003_wd0.0005_bs64_seed42,42,val_macro_f1,0.7978000000000001,0.72185,-1.0
lstm,lstm_weld_seam_windows_ws5_tf75_pg0_h1_h96_l2_uni_do0.3_ep80_lr0.0003_wd0.0005_bs64_seed14,ablation_experiments/h1/results/comparison_18d_baselines/lstm/lstm_weld_seam_windows_ws5_tf75_pg0_h1_h96_l2_uni_do0.3_ep80_lr0.0003_wd0.0005_bs64_seed14,14,val_macro_f1,0.8567,0.813517,-1.0
lstm,lstm_weld_seam_windows_ws5_tf75_pg0_h1_h96_l3_bi_do0.3_ep80_lr0.0003_wd0.0001_bs128_seed77,ablation_experiments/h1/results/comparison_18d_baselines/lstm/lstm_weld_seam_windows_ws5_tf75_pg0_h1_h96_l3_bi_do0.3_ep80_lr0.0003_wd0.0001_bs128_seed77,77,val_macro_f1,0.7753,0.682116,-1.0
lstm,lstm_weld_seam_windows_ws5_tf75_pg0_h1_h96_l3_uni_do0.1_ep80_lr0.0005_wd0.0005_bs128_seed77,ablation_experiments/h1/results/comparison_18d_baselines/lstm/lstm_weld_seam_windows_ws5_tf75_pg0_h1_h96_l3_uni_do0.1_ep80_lr0.0005_wd0.0005_bs128_seed77,77,val_macro_f1,0.7920999999999999,0.713392,-1.0
lstm,lstm_weld_seam_windows_ws5_tf75_pg0_h1_h96_l3_uni_do0.3_ep80_lr0.0005_wd0.0001_bs128_seed77,ablation_experiments/h1/results/comparison_18d_baselines/lstm/lstm_weld_seam_windows_ws5_tf75_pg0_h1_h96_l3_uni_do0.3_ep80_lr0.0005_wd0.0001_bs128_seed77,77,val_macro_f1,0.8034,0.730245,-1.0
gru,gru_weld_seam_windows_ws5_tf75_pg0_h1_h128_l1_bi_do0.1_ep80_lr0.0005_wd0.0002_bs128_seed122,ablation_experiments/h1/results/comparison_18d_baselines/gru/gru_weld_seam_windows_ws5_tf75_pg0_h1_h128_l1_bi_do0.1_ep80_lr0.0005_wd0.0002_bs128_seed122,122,val_macro_f1,0.8708,0.830325,-1.0
gru,gru_weld_seam_windows_ws5_tf75_pg0_h1_h128_l1_bi_do0.1_ep80_lr0.0005_wd0.0002_bs128_seed14,ablation_experiments/h1/results/comparison_18d_baselines/gru/gru_weld_seam_windows_ws5_tf75_pg0_h1_h128_l1_bi_do0.1_ep80_lr0.0005_wd0.0002_bs128_seed14,14,val_macro_f1,0.8399,0.786626,-1.0
gru,gru_weld_seam_windows_ws5_tf75_pg0_h1_h128_l1_bi_do0.1_ep80_lr0.0005_wd0.0002_bs128_seed183,ablation_experiments/h1/results/comparison_18d_baselines/gru/gru_weld_seam_windows_ws5_tf75_pg0_h1_h128_l1_bi_do0.1_ep80_lr0.0005_wd0.0002_bs128_seed183,183,val_macro_f1,0.8315,0.771328,-1.0
gru,gru_weld_seam_windows_ws5_tf75_pg0_h1_h128_l1_bi_do0.1_ep80_lr0.0005_wd0.0002_bs128_seed42,ablation_experiments/h1/results/comparison_18d_baselines/gru/gru_weld_seam_windows_ws5_tf75_pg0_h1_h128_l1_bi_do0.1_ep80_lr0.0005_wd0.0002_bs128_seed42,42,val_macro_f1,0.8146,0.746851,-1.0
gru,gru_weld_seam_windows_ws5_tf75_pg0_h1_h128_l1_uni_do0.1_ep80_lr0.0002_wd0.0002_bs128_seed14,ablation_experiments/h1/results/comparison_18d_baselines/gru/gru_weld_seam_windows_ws5_tf75_pg0_h1_h128_l1_uni_do0.1_ep80_lr0.0002_wd0.0002_bs128_seed14,14,val_macro_f1,0.8539,0.795455,-1.0
gru,gru_weld_seam_windows_ws5_tf75_pg0_h1_h128_l1_uni_do0.2_ep80_lr0.0005_wd0.0005_bs128_seed42,ablation_experiments/h1/results/comparison_18d_baselines/gru/gru_weld_seam_windows_ws5_tf75_pg0_h1_h128_l1_uni_do0.2_ep80_lr0.0005_wd0.0005_bs128_seed42,42,val_macro_f1,0.809,0.735388,-1.0
gru,gru_weld_seam_windows_ws5_tf75_pg0_h1_h128_l2_bi_do0.1_ep80_lr0.0001_wd0.0005_bs64_seed14,ablation_experiments/h1/results/comparison_18d_baselines/gru/gru_weld_seam_windows_ws5_tf75_pg0_h1_h128_l2_bi_do0.1_ep80_lr0.0001_wd0.0005_bs64_seed14,14,val_macro_f1,0.8201999999999999,0.756479,-1.0
gru,gru_weld_seam_windows_ws5_tf75_pg0_h1_h128_l2_bi_do0.1_ep80_lr0.0003_wd0.0005_bs64_seed122,ablation_experiments/h1/results/comparison_18d_baselines/gru/gru_weld_seam_windows_ws5_tf75_pg0_h1_h128_l2_bi_do0.1_ep80_lr0.0003_wd0.0005_bs64_seed122,122,val_macro_f1,0.8652,0.829425,-1.0
gru,gru_weld_seam_windows_ws5_tf75_pg0_h1_h128_l2_bi_do0.2_ep80_lr0.0002_wd1e-05_bs64_seed77,ablation_experiments/h1/results/comparison_18d_baselines/gru/gru_weld_seam_windows_ws5_tf75_pg0_h1_h128_l2_bi_do0.2_ep80_lr0.0002_wd1e-05_bs64_seed77,77,val_macro_f1,0.809,0.73703,-1.0
gru,gru_weld_seam_windows_ws5_tf75_pg0_h1_h128_l2_uni_do0.1_ep80_lr0.0002_wd0.0001_bs128_seed183,ablation_experiments/h1/results/comparison_18d_baselines/gru/gru_weld_seam_windows_ws5_tf75_pg0_h1_h128_l2_uni_do0.1_ep80_lr0.0002_wd0.0001_bs128_seed183,183,val_macro_f1,0.8343,0.774643,-1.0
gru,gru_weld_seam_windows_ws5_tf75_pg0_h1_h128_l2_uni_do0.2_ep80_lr0.0002_wd0.0005_bs128_seed100,ablation_experiments/h1/results/comparison_18d_baselines/gru/gru_weld_seam_windows_ws5_tf75_pg0_h1_h128_l2_uni_do0.2_ep80_lr0.0002_wd0.0005_bs128_seed100,100,val_macro_f1,0.8652,0.822585,-1.0
gru,gru_weld_seam_windows_ws5_tf75_pg0_h1_h128_l3_bi_do0.1_ep80_lr0.0002_wd0.0005_bs64_seed14,ablation_experiments/h1/results/comparison_18d_baselines/gru/gru_weld_seam_windows_ws5_tf75_pg0_h1_h128_l3_bi_do0.1_ep80_lr0.0002_wd0.0005_bs64_seed14,14,val_macro_f1,0.7865000000000001,0.711584,-1.0
gru,gru_weld_seam_windows_ws5_tf75_pg0_h1_h128_l3_bi_do0.1_ep80_lr0.0003_wd0.0001_bs64_seed100,ablation_experiments/h1/results/comparison_18d_baselines/gru/gru_weld_seam_windows_ws5_tf75_pg0_h1_h128_l3_bi_do0.1_ep80_lr0.0003_wd0.0001_bs64_seed100,100,val_macro_f1,0.8708,0.826625,-1.0
gru,gru_weld_seam_windows_ws5_tf75_pg0_h1_h128_l3_bi_do0.2_ep80_lr0.0002_wd0.0005_bs128_seed77,ablation_experiments/h1/results/comparison_18d_baselines/gru/gru_weld_seam_windows_ws5_tf75_pg0_h1_h128_l3_bi_do0.2_ep80_lr0.0002_wd0.0005_bs128_seed77,77,val_macro_f1,0.8062,0.736579,-1.0
gru,gru_weld_seam_windows_ws5_tf75_pg0_h1_h128_l3_bi_do0.3_ep80_lr0.0005_wd1e-05_bs128_seed100,ablation_experiments/h1/results/comparison_18d_baselines/gru/gru_weld_seam_windows_ws5_tf75_pg0_h1_h128_l3_bi_do0.3_ep80_lr0.0005_wd1e-05_bs128_seed100,100,val_macro_f1,0.7865000000000001,0.711584,-1.0
gru,gru_weld_seam_windows_ws5_tf75_pg0_h1_h128_l3_uni_do0.1_ep80_lr0.0002_wd0.0001_bs128_seed183,ablation_experiments/h1/results/comparison_18d_baselines/gru/gru_weld_seam_windows_ws5_tf75_pg0_h1_h128_l3_uni_do0.1_ep80_lr0.0002_wd0.0001_bs128_seed183,183,val_macro_f1,0.8399,0.781196,-1.0
gru,gru_weld_seam_windows_ws5_tf75_pg0_h1_h64_l1_uni_do0.1_ep80_lr0.0001_wd0.0002_bs128_seed77,ablation_experiments/h1/results/comparison_18d_baselines/gru/gru_weld_seam_windows_ws5_tf75_pg0_h1_h64_l1_uni_do0.1_ep80_lr0.0001_wd0.0002_bs128_seed77,77,val_macro_f1,0.7584000000000001,0.759233,-1.0
gru,gru_weld_seam_windows_ws5_tf75_pg0_h1_h64_l1_uni_do0.3_ep80_lr0.0002_wd1e-05_bs64_seed183,ablation_experiments/h1/results/comparison_18d_baselines/gru/gru_weld_seam_windows_ws5_tf75_pg0_h1_h64_l1_uni_do0.3_ep80_lr0.0002_wd1e-05_bs64_seed183,183,val_macro_f1,0.8427,0.781176,-1.0
gru,gru_weld_seam_windows_ws5_tf75_pg0_h1_h64_l2_uni_do0.1_ep80_lr0.0003_wd0.0001_bs64_seed100,ablation_experiments/h1/results/comparison_18d_baselines/gru/gru_weld_seam_windows_ws5_tf75_pg0_h1_h64_l2_uni_do0.1_ep80_lr0.0003_wd0.0001_bs64_seed100,100,val_macro_f1,0.8399,0.787784,-1.0
gru,gru_weld_seam_windows_ws5_tf75_pg0_h1_h64_l2_uni_do0.3_ep80_lr0.0005_wd0.0005_bs64_seed100,ablation_experiments/h1/results/comparison_18d_baselines/gru/gru_weld_seam_windows_ws5_tf75_pg0_h1_h64_l2_uni_do0.3_ep80_lr0.0005_wd0.0005_bs64_seed100,100,val_macro_f1,0.8371,0.779378,-1.0
gru,gru_weld_seam_windows_ws5_tf75_pg0_h1_h64_l3_bi_do0.1_ep80_lr0.0002_wd0.0002_bs64_seed14,ablation_experiments/h1/results/comparison_18d_baselines/gru/gru_weld_seam_windows_ws5_tf75_pg0_h1_h64_l3_bi_do0.1_ep80_lr0.0002_wd0.0002_bs64_seed14,14,val_macro_f1,0.8371,0.776404,-1.0
gru,gru_weld_seam_windows_ws5_tf75_pg0_h1_h64_l3_bi_do0.1_ep80_lr0.0002_wd0.0002_bs64_seed183,ablation_experiments/h1/results/comparison_18d_baselines/gru/gru_weld_seam_windows_ws5_tf75_pg0_h1_h64_l3_bi_do0.1_ep80_lr0.0002_wd0.0002_bs64_seed183,183,val_macro_f1,0.8876000000000001,0.859723,-1.0
gru,gru_weld_seam_windows_ws5_tf75_pg0_h1_h64_l3_bi_do0.1_ep80_lr0.0002_wd0.0002_bs64_seed42,ablation_experiments/h1/results/comparison_18d_baselines/gru/gru_weld_seam_windows_ws5_tf75_pg0_h1_h64_l3_bi_do0.1_ep80_lr0.0002_wd0.0002_bs64_seed42,42,val_macro_f1,0.8399,0.787784,-1.0
gru,gru_weld_seam_windows_ws5_tf75_pg0_h1_h64_l3_bi_do0.1_ep80_lr0.0002_wd0.0002_bs64_seed77,ablation_experiments/h1/results/comparison_18d_baselines/gru/gru_weld_seam_windows_ws5_tf75_pg0_h1_h64_l3_bi_do0.1_ep80_lr0.0002_wd0.0002_bs64_seed77,77,val_macro_f1,0.8792,0.837506,-1.0
gru,gru_weld_seam_windows_ws5_tf75_pg0_h1_h64_l3_bi_do0.1_ep80_lr0.0002_wd0.0005_bs64_seed42,ablation_experiments/h1/results/comparison_18d_baselines/gru/gru_weld_seam_windows_ws5_tf75_pg0_h1_h64_l3_bi_do0.1_ep80_lr0.0002_wd0.0005_bs64_seed42,42,val_macro_f1,0.8258,0.768291,-1.0
gru,gru_weld_seam_windows_ws5_tf75_pg0_h1_h64_l3_bi_do0.2_ep80_lr0.0002_wd0.0001_bs64_seed42,ablation_experiments/h1/results/comparison_18d_baselines/gru/gru_weld_seam_windows_ws5_tf75_pg0_h1_h64_l3_bi_do0.2_ep80_lr0.0002_wd0.0001_bs64_seed42,42,val_macro_f1,0.8371,0.789912,-1.0
gru,gru_weld_seam_windows_ws5_tf75_pg0_h1_h64_l3_bi_do0.2_ep80_lr0.0005_wd1e-05_bs128_seed100,ablation_experiments/h1/results/comparison_18d_baselines/gru/gru_weld_seam_windows_ws5_tf75_pg0_h1_h64_l3_bi_do0.2_ep80_lr0.0005_wd1e-05_bs128_seed100,100,val_macro_f1,0.8287,0.769332,-1.0
gru,gru_weld_seam_windows_ws5_tf75_pg0_h1_h64_l3_bi_do0.3_ep80_lr0.0002_wd0.0002_bs128_seed42,ablation_experiments/h1/results/comparison_18d_baselines/gru/gru_weld_seam_windows_ws5_tf75_pg0_h1_h64_l3_bi_do0.3_ep80_lr0.0002_wd0.0002_bs128_seed42,42,val_macro_f1,0.8454999999999999,0.798706,-1.0
gru,gru_weld_seam_windows_ws5_tf75_pg0_h1_h64_l3_bi_do0.3_ep80_lr0.0005_wd1e-05_bs64_seed14,ablation_experiments/h1/results/comparison_18d_baselines/gru/gru_weld_seam_windows_ws5_tf75_pg0_h1_h64_l3_bi_do0.3_ep80_lr0.0005_wd1e-05_bs64_seed14,14,val_macro_f1,0.8427,0.795974,-1.0
gru,gru_weld_seam_windows_ws5_tf75_pg0_h1_h64_l3_uni_do0.1_ep80_lr0.0005_wd0.0005_bs128_seed42,ablation_experiments/h1/results/comparison_18d_baselines/gru/gru_weld_seam_windows_ws5_tf75_pg0_h1_h64_l3_uni_do0.1_ep80_lr0.0005_wd0.0005_bs128_seed42,42,val_macro_f1,0.8427,0.787375,-1.0
gru,gru_weld_seam_windows_ws5_tf75_pg0_h1_h64_l3_uni_do0.3_ep80_lr0.0005_wd1e-05_bs64_seed42,ablation_experiments/h1/results/comparison_18d_baselines/gru/gru_weld_seam_windows_ws5_tf75_pg0_h1_h64_l3_uni_do0.3_ep80_lr0.0005_wd1e-05_bs64_seed42,42,val_macro_f1,0.7781,0.701279,-1.0
gru,gru_weld_seam_windows_ws5_tf75_pg0_h1_h96_l1_bi_do0.1_ep80_lr0.0002_wd0.0001_bs64_seed100,ablation_experiments/h1/results/comparison_18d_baselines/gru/gru_weld_seam_windows_ws5_tf75_pg0_h1_h96_l1_bi_do0.1_ep80_lr0.0002_wd0.0001_bs64_seed100,100,val_macro_f1,0.8623999999999999,0.81138,-1.0
gru,gru_weld_seam_windows_ws5_tf75_pg0_h1_h96_l1_bi_do0.2_ep80_lr0.0001_wd0.0005_bs64_seed100,ablation_experiments/h1/results/comparison_18d_baselines/gru/gru_weld_seam_windows_ws5_tf75_pg0_h1_h96_l1_bi_do0.2_ep80_lr0.0001_wd0.0005_bs64_seed100,100,val_macro_f1,0.8595999999999999,0.808215,-1.0
gru,gru_weld_seam_windows_ws5_tf75_pg0_h1_h96_l1_bi_do0.3_ep80_lr0.0003_wd0.0002_bs64_seed77,ablation_experiments/h1/results/comparison_18d_baselines/gru/gru_weld_seam_windows_ws5_tf75_pg0_h1_h96_l1_bi_do0.3_ep80_lr0.0003_wd0.0002_bs64_seed77,77,val_macro_f1,0.8343,0.760303,-1.0
gru,gru_weld_seam_windows_ws5_tf75_pg0_h1_h96_l1_uni_do0.1_ep80_lr0.0002_wd1e-05_bs128_seed183,ablation_experiments/h1/results/comparison_18d_baselines/gru/gru_weld_seam_windows_ws5_tf75_pg0_h1_h96_l1_uni_do0.1_ep80_lr0.0002_wd1e-05_bs128_seed183,183,val_macro_f1,0.8567,0.800285,-1.0
gru,gru_weld_seam_windows_ws5_tf75_pg0_h1_h96_l1_uni_do0.1_ep80_lr0.0005_wd0.0005_bs128_seed183,ablation_experiments/h1/results/comparison_18d_baselines/gru/gru_weld_seam_windows_ws5_tf75_pg0_h1_h96_l1_uni_do0.1_ep80_lr0.0005_wd0.0005_bs128_seed183,183,val_macro_f1,0.7948999999999999,0.715172,-1.0
gru,gru_weld_seam_windows_ws5_tf75_pg0_h1_h96_l1_uni_do0.2_ep80_lr0.0005_wd0.0005_bs128_seed42,ablation_experiments/h1/results/comparison_18d_baselines/gru/gru_weld_seam_windows_ws5_tf75_pg0_h1_h96_l1_uni_do0.2_ep80_lr0.0005_wd0.0005_bs128_seed42,42,val_macro_f1,0.8454999999999999,0.79572,-1.0
gru,gru_weld_seam_windows_ws5_tf75_pg0_h1_h96_l2_bi_do0.1_ep80_lr0.0002_wd0.0005_bs128_seed42,ablation_experiments/h1/results/comparison_18d_baselines/gru/gru_weld_seam_windows_ws5_tf75_pg0_h1_h96_l2_bi_do0.1_ep80_lr0.0002_wd0.0005_bs128_seed42,42,val_macro_f1,0.8399,0.782674,-1.0
gru,gru_weld_seam_windows_ws5_tf75_pg0_h1_h96_l2_bi_do0.1_ep80_lr0.0005_wd0.0001_bs64_seed183,ablation_experiments/h1/results/comparison_18d_baselines/gru/gru_weld_seam_windows_ws5_tf75_pg0_h1_h96_l2_bi_do0.1_ep80_lr0.0005_wd0.0001_bs64_seed183,183,val_macro_f1,0.8315,0.779228,-1.0
gru,gru_weld_seam_windows_ws5_tf75_pg0_h1_h96_l2_bi_do0.3_ep80_lr0.0005_wd0.0001_bs64_seed77,ablation_experiments/h1/results/comparison_18d_baselines/gru/gru_weld_seam_windows_ws5_tf75_pg0_h1_h96_l2_bi_do0.3_ep80_lr0.0005_wd0.0001_bs64_seed77,77,val_macro_f1,0.8567,0.814437,-1.0
gru,gru_weld_seam_windows_ws5_tf75_pg0_h1_h96_l3_bi_do0.3_ep80_lr0.0002_wd0.0002_bs128_seed100,ablation_experiments/h1/results/comparison_18d_baselines/gru/gru_weld_seam_windows_ws5_tf75_pg0_h1_h96_l3_bi_do0.3_ep80_lr0.0002_wd0.0002_bs128_seed100,100,val_macro_f1,0.8623999999999999,0.814291,-1.0
gru,gru_weld_seam_windows_ws5_tf75_pg0_h1_h96_l3_bi_do0.3_ep80_lr0.0002_wd0.0002_bs64_seed122,ablation_experiments/h1/results/comparison_18d_baselines/gru/gru_weld_seam_windows_ws5_tf75_pg0_h1_h96_l3_bi_do0.3_ep80_lr0.0002_wd0.0002_bs64_seed122,122,val_macro_f1,0.8427,0.791191,-1.0
gru,gru_weld_seam_windows_ws5_tf75_pg0_h1_h96_l3_uni_do0.1_ep80_lr0.0003_wd0.0005_bs128_seed14,ablation_experiments/h1/results/comparison_18d_baselines/gru/gru_weld_seam_windows_ws5_tf75_pg0_h1_h96_l3_uni_do0.1_ep80_lr0.0003_wd0.0005_bs128_seed14,14,val_macro_f1,0.8146,0.753103,-1.0
transformer,transformer_weld_seam_windows_ws5_tf75_pg0_h1_dm128_nh4_l2_ff256_do0.3_ep80_lr0.0002_wd0.0005_bs128_seed122,ablation_experiments/h1/results/comparison_18d_baselines/transformer/transformer_weld_seam_windows_ws5_tf75_pg0_h1_dm128_nh4_l2_ff256_do0.3_ep80_lr0.0002_wd0.0005_bs128_seed122,122,val_macro_f1,0.8146,0.756463,-1.0
transformer,transformer_weld_seam_windows_ws5_tf75_pg0_h1_dm128_nh4_l4_ff128_do0.3_ep80_lr0.0001_wd0.0005_bs64_seed14,ablation_experiments/h1/results/comparison_18d_baselines/transformer/transformer_weld_seam_windows_ws5_tf75_pg0_h1_dm128_nh4_l4_ff128_do0.3_ep80_lr0.0001_wd0.0005_bs64_seed14,14,val_macro_f1,0.8173999999999999,0.771945,-1.0
transformer,transformer_weld_seam_windows_ws5_tf75_pg0_h1_dm128_nh4_l4_ff128_do0.3_ep80_lr0.0005_wd0.0005_bs64_seed100,ablation_experiments/h1/results/comparison_18d_baselines/transformer/transformer_weld_seam_windows_ws5_tf75_pg0_h1_dm128_nh4_l4_ff128_do0.3_ep80_lr0.0005_wd0.0005_bs64_seed100,100,val_macro_f1,0.8062,0.743084,-1.0
transformer,transformer_weld_seam_windows_ws5_tf75_pg0_h1_dm128_nh4_l4_ff256_do0.3_ep80_lr0.0003_wd0.0001_bs64_seed14,ablation_experiments/h1/results/comparison_18d_baselines/transformer/transformer_weld_seam_windows_ws5_tf75_pg0_h1_dm128_nh4_l4_ff256_do0.3_ep80_lr0.0003_wd0.0001_bs64_seed14,14,val_macro_f1,0.8399,0.800368,-1.0
transformer,transformer_weld_seam_windows_ws5_tf75_pg0_h1_dm128_nh8_l2_ff256_do0.1_ep80_lr0.0001_wd0.0002_bs128_seed100,ablation_experiments/h1/results/comparison_18d_baselines/transformer/transformer_weld_seam_windows_ws5_tf75_pg0_h1_dm128_nh8_l2_ff256_do0.1_ep80_lr0.0001_wd0.0002_bs128_seed100,100,val_macro_f1,0.8427,0.789998,-1.0
transformer,transformer_weld_seam_windows_ws5_tf75_pg0_h1_dm128_nh8_l3_ff128_do0.1_ep80_lr0.0005_wd0.0005_bs128_seed100,ablation_experiments/h1/results/comparison_18d_baselines/transformer/transformer_weld_seam_windows_ws5_tf75_pg0_h1_dm128_nh8_l3_ff128_do0.1_ep80_lr0.0005_wd0.0005_bs128_seed100,100,val_macro_f1,0.8287,0.773864,-1.0
transformer,transformer_weld_seam_windows_ws5_tf75_pg0_h1_dm128_nh8_l3_ff128_do0.2_ep80_lr0.0001_wd1e-05_bs128_seed14,ablation_experiments/h1/results/comparison_18d_baselines/transformer/transformer_weld_seam_windows_ws5_tf75_pg0_h1_dm128_nh8_l3_ff128_do0.2_ep80_lr0.0001_wd1e-05_bs128_seed14,14,val_macro_f1,0.7781,0.695279,-1.0
transformer,transformer_weld_seam_windows_ws5_tf75_pg0_h1_dm128_nh8_l3_ff128_do0.2_ep80_lr0.0003_wd0.0002_bs64_seed14,ablation_experiments/h1/results/comparison_18d_baselines/transformer/transformer_weld_seam_windows_ws5_tf75_pg0_h1_dm128_nh8_l3_ff128_do0.2_ep80_lr0.0003_wd0.0002_bs64_seed14,14,val_macro_f1,0.8006,0.742303,-1.0
transformer,transformer_weld_seam_windows_ws5_tf75_pg0_h1_dm128_nh8_l4_ff128_do0.2_ep80_lr0.0003_wd0.0001_bs64_seed14,ablation_experiments/h1/results/comparison_18d_baselines/transformer/transformer_weld_seam_windows_ws5_tf75_pg0_h1_dm128_nh8_l4_ff128_do0.2_ep80_lr0.0003_wd0.0001_bs64_seed14,14,val_macro_f1,0.7415999999999999,0.655463,-1.0
transformer,transformer_weld_seam_windows_ws5_tf75_pg0_h1_dm128_nh8_l4_ff128_do0.3_ep80_lr0.0005_wd0.0001_bs128_seed77,ablation_experiments/h1/results/comparison_18d_baselines/transformer/transformer_weld_seam_windows_ws5_tf75_pg0_h1_dm128_nh8_l4_ff128_do0.3_ep80_lr0.0005_wd0.0001_bs128_seed77,77,val_macro_f1,0.7781,0.691174,-1.0
transformer,transformer_weld_seam_windows_ws5_tf75_pg0_h1_dm128_nh8_l4_ff256_do0.2_ep80_lr0.0003_wd1e-05_bs128_seed100,ablation_experiments/h1/results/comparison_18d_baselines/transformer/transformer_weld_seam_windows_ws5_tf75_pg0_h1_dm128_nh8_l4_ff256_do0.2_ep80_lr0.0003_wd1e-05_bs128_seed100,100,val_macro_f1,0.8427,0.787375,-1.0
transformer,transformer_weld_seam_windows_ws5_tf75_pg0_h1_dm64_nh4_l3_ff128_do0.3_ep80_lr0.0003_wd0.0002_bs64_seed122,ablation_experiments/h1/results/comparison_18d_baselines/transformer/transformer_weld_seam_windows_ws5_tf75_pg0_h1_dm64_nh4_l3_ff128_do0.3_ep80_lr0.0003_wd0.0002_bs64_seed122,122,val_macro_f1,0.8201999999999999,0.76521,-1.0
transformer,transformer_weld_seam_windows_ws5_tf75_pg0_h1_dm64_nh4_l3_ff128_do0.3_ep80_lr0.0003_wd1e-05_bs64_seed100,ablation_experiments/h1/results/comparison_18d_baselines/transformer/transformer_weld_seam_windows_ws5_tf75_pg0_h1_dm64_nh4_l3_ff128_do0.3_ep80_lr0.0003_wd1e-05_bs64_seed100,100,val_macro_f1,0.8736,0.840795,-1.0
transformer,transformer_weld_seam_windows_ws5_tf75_pg0_h1_dm64_nh4_l4_ff128_do0.1_ep80_lr0.0003_wd0.0002_bs64_seed77,ablation_experiments/h1/results/comparison_18d_baselines/transformer/transformer_weld_seam_windows_ws5_tf75_pg0_h1_dm64_nh4_l4_ff128_do0.1_ep80_lr0.0003_wd0.0002_bs64_seed77,77,val_macro_f1,0.8146,0.76425,-1.0
transformer,transformer_weld_seam_windows_ws5_tf75_pg0_h1_dm64_nh4_l4_ff128_do0.1_ep80_lr0.0005_wd0.0002_bs128_seed77,ablation_experiments/h1/results/comparison_18d_baselines/transformer/transformer_weld_seam_windows_ws5_tf75_pg0_h1_dm64_nh4_l4_ff128_do0.1_ep80_lr0.0005_wd0.0002_bs128_seed77,77,val_macro_f1,0.7612000000000001,0.668594,-1.0
transformer,transformer_weld_seam_windows_ws5_tf75_pg0_h1_dm64_nh4_l4_ff256_do0.3_ep80_lr0.0003_wd0.0005_bs64_seed77,ablation_experiments/h1/results/comparison_18d_baselines/transformer/transformer_weld_seam_windows_ws5_tf75_pg0_h1_dm64_nh4_l4_ff256_do0.3_ep80_lr0.0003_wd0.0005_bs64_seed77,77,val_macro_f1,0.8173999999999999,0.75952,-1.0
transformer,transformer_weld_seam_windows_ws5_tf75_pg0_h1_dm64_nh8_l2_ff256_do0.2_ep80_lr0.0001_wd0.0001_bs64_seed77,ablation_experiments/h1/results/comparison_18d_baselines/transformer/transformer_weld_seam_windows_ws5_tf75_pg0_h1_dm64_nh8_l2_ff256_do0.2_ep80_lr0.0001_wd0.0001_bs64_seed77,77,val_macro_f1,0.809,0.746934,-1.0
transformer,transformer_weld_seam_windows_ws5_tf75_pg0_h1_dm64_nh8_l2_ff256_do0.3_ep80_lr0.0002_wd0.0002_bs64_seed14,ablation_experiments/h1/results/comparison_18d_baselines/transformer/transformer_weld_seam_windows_ws5_tf75_pg0_h1_dm64_nh8_l2_ff256_do0.3_ep80_lr0.0002_wd0.0002_bs64_seed14,14,val_macro_f1,0.8511,0.80468,-1.0
transformer,transformer_weld_seam_windows_ws5_tf75_pg0_h1_dm64_nh8_l2_ff256_do0.3_ep80_lr0.0003_wd0.0002_bs64_seed77,ablation_experiments/h1/results/comparison_18d_baselines/transformer/transformer_weld_seam_windows_ws5_tf75_pg0_h1_dm64_nh8_l2_ff256_do0.3_ep80_lr0.0003_wd0.0002_bs64_seed77,77,val_macro_f1,0.8118000000000001,0.755507,-1.0
transformer,transformer_weld_seam_windows_ws5_tf75_pg0_h1_dm64_nh8_l2_ff256_do0.3_ep80_lr0.0003_wd1e-05_bs64_seed14,ablation_experiments/h1/results/comparison_18d_baselines/transformer/transformer_weld_seam_windows_ws5_tf75_pg0_h1_dm64_nh8_l2_ff256_do0.3_ep80_lr0.0003_wd1e-05_bs64_seed14,14,val_macro_f1,0.8623999999999999,0.822242,-1.0
transformer,transformer_weld_seam_windows_ws5_tf75_pg0_h1_dm64_nh8_l2_ff256_do0.3_ep80_lr0.0003_wd1e-05_bs64_seed183,ablation_experiments/h1/results/comparison_18d_baselines/transformer/transformer_weld_seam_windows_ws5_tf75_pg0_h1_dm64_nh8_l2_ff256_do0.3_ep80_lr0.0003_wd1e-05_bs64_seed183,183,val_macro_f1,0.8201999999999999,0.766503,-1.0
transformer,transformer_weld_seam_windows_ws5_tf75_pg0_h1_dm64_nh8_l2_ff256_do0.3_ep80_lr0.0003_wd1e-05_bs64_seed42,ablation_experiments/h1/results/comparison_18d_baselines/transformer/transformer_weld_seam_windows_ws5_tf75_pg0_h1_dm64_nh8_l2_ff256_do0.3_ep80_lr0.0003_wd1e-05_bs64_seed42,42,val_macro_f1,0.7948999999999999,0.722738,-1.0
transformer,transformer_weld_seam_windows_ws5_tf75_pg0_h1_dm96_nh4_l2_ff256_do0.2_ep80_lr0.0005_wd0.0005_bs128_seed14,ablation_experiments/h1/results/comparison_18d_baselines/transformer/transformer_weld_seam_windows_ws5_tf75_pg0_h1_dm96_nh4_l2_ff256_do0.2_ep80_lr0.0005_wd0.0005_bs128_seed14,14,val_macro_f1,0.8371,0.788022,-1.0
transformer,transformer_weld_seam_windows_ws5_tf75_pg0_h1_dm96_nh4_l3_ff128_do0.3_ep80_lr0.0001_wd0.0005_bs64_seed122,ablation_experiments/h1/results/comparison_18d_baselines/transformer/transformer_weld_seam_windows_ws5_tf75_pg0_h1_dm96_nh4_l3_ff128_do0.3_ep80_lr0.0001_wd0.0005_bs64_seed122,122,val_macro_f1,0.8006,0.735405,-1.0
transformer,transformer_weld_seam_windows_ws5_tf75_pg0_h1_dm96_nh4_l4_ff256_do0.2_ep80_lr0.0002_wd0.0001_bs64_seed122,ablation_experiments/h1/results/comparison_18d_baselines/transformer/transformer_weld_seam_windows_ws5_tf75_pg0_h1_dm96_nh4_l4_ff256_do0.2_ep80_lr0.0002_wd0.0001_bs64_seed122,122,val_macro_f1,0.8062,0.753517,-1.0
transformer,transformer_weld_seam_windows_ws5_tf75_pg0_h1_dm96_nh8_l2_ff128_do0.1_ep80_lr0.0001_wd0.0005_bs64_seed100,ablation_experiments/h1/results/comparison_18d_baselines/transformer/transformer_weld_seam_windows_ws5_tf75_pg0_h1_dm96_nh8_l2_ff128_do0.1_ep80_lr0.0001_wd0.0005_bs64_seed100,100,val_macro_f1,0.8595999999999999,0.816935,-1.0
transformer,transformer_weld_seam_windows_ws5_tf75_pg0_h1_dm96_nh8_l2_ff128_do0.1_ep80_lr0.0001_wd0.0005_bs64_seed14,ablation_experiments/h1/results/comparison_18d_baselines/transformer/transformer_weld_seam_windows_ws5_tf75_pg0_h1_dm96_nh8_l2_ff128_do0.1_ep80_lr0.0001_wd0.0005_bs64_seed14,14,val_macro_f1,0.8427,0.800255,-1.0
transformer,transformer_weld_seam_windows_ws5_tf75_pg0_h1_dm96_nh8_l2_ff128_do0.1_ep80_lr0.0001_wd0.0005_bs64_seed183,ablation_experiments/h1/results/comparison_18d_baselines/transformer/transformer_weld_seam_windows_ws5_tf75_pg0_h1_dm96_nh8_l2_ff128_do0.1_ep80_lr0.0001_wd0.0005_bs64_seed183,183,val_macro_f1,0.8427,0.795974,-1.0
transformer,transformer_weld_seam_windows_ws5_tf75_pg0_h1_dm96_nh8_l2_ff128_do0.1_ep80_lr0.0001_wd0.0005_bs64_seed42,ablation_experiments/h1/results/comparison_18d_baselines/transformer/transformer_weld_seam_windows_ws5_tf75_pg0_h1_dm96_nh8_l2_ff128_do0.1_ep80_lr0.0001_wd0.0005_bs64_seed42,42,val_macro_f1,0.8034,0.720723,-1.0
transformer,transformer_weld_seam_windows_ws5_tf75_pg0_h1_dm96_nh8_l2_ff128_do0.2_ep80_lr0.0003_wd1e-05_bs64_seed100,ablation_experiments/h1/results/comparison_18d_baselines/transformer/transformer_weld_seam_windows_ws5_tf75_pg0_h1_dm96_nh8_l2_ff128_do0.2_ep80_lr0.0003_wd1e-05_bs64_seed100,100,val_macro_f1,0.8482999999999999,0.79666,-1.0
transformer,transformer_weld_seam_windows_ws5_tf75_pg0_h1_dm96_nh8_l2_ff256_do0.2_ep80_lr0.0003_wd0.0002_bs128_seed122,ablation_experiments/h1/results/comparison_18d_baselines/transformer/transformer_weld_seam_windows_ws5_tf75_pg0_h1_dm96_nh8_l2_ff256_do0.2_ep80_lr0.0003_wd0.0002_bs128_seed122,122,val_macro_f1,0.8454999999999999,0.805904,-1.0
transformer,transformer_weld_seam_windows_ws5_tf75_pg0_h1_dm96_nh8_l2_ff256_do0.3_ep80_lr0.0003_wd1e-05_bs128_seed14,ablation_experiments/h1/results/comparison_18d_baselines/transformer/transformer_weld_seam_windows_ws5_tf75_pg0_h1_dm96_nh8_l2_ff256_do0.3_ep80_lr0.0003_wd1e-05_bs128_seed14,14,val_macro_f1,0.8201999999999999,0.774565,-1.0
transformer,transformer_weld_seam_windows_ws5_tf75_pg0_h1_dm96_nh8_l3_ff128_do0.1_ep80_lr0.0002_wd0.0005_bs64_seed100,ablation_experiments/h1/results/comparison_18d_baselines/transformer/transformer_weld_seam_windows_ws5_tf75_pg0_h1_dm96_nh8_l3_ff128_do0.1_ep80_lr0.0002_wd0.0005_bs64_seed100,100,val_macro_f1,0.868,0.829079,-1.0
transformer,transformer_weld_seam_windows_ws5_tf75_pg0_h1_dm96_nh8_l3_ff128_do0.1_ep80_lr0.0005_wd0.0001_bs64_seed42,ablation_experiments/h1/results/comparison_18d_baselines/transformer/transformer_weld_seam_windows_ws5_tf75_pg0_h1_dm96_nh8_l3_ff128_do0.1_ep80_lr0.0005_wd0.0001_bs64_seed42,42,val_macro_f1,0.7837000000000001,0.70596,-1.0
transformer,transformer_weld_seam_windows_ws5_tf75_pg0_h1_dm96_nh8_l3_ff256_do0.1_ep80_lr0.0002_wd0.0005_bs64_seed100,ablation_experiments/h1/results/comparison_18d_baselines/transformer/transformer_weld_seam_windows_ws5_tf75_pg0_h1_dm96_nh8_l3_ff256_do0.1_ep80_lr0.0002_wd0.0005_bs64_seed100,100,val_macro_f1,0.8399,0.787784,-1.0
transformer,transformer_weld_seam_windows_ws5_tf75_pg0_h1_dm96_nh8_l3_ff256_do0.2_ep80_lr0.0003_wd0.0001_bs128_seed122,ablation_experiments/h1/results/comparison_18d_baselines/transformer/transformer_weld_seam_windows_ws5_tf75_pg0_h1_dm96_nh8_l3_ff256_do0.2_ep80_lr0.0003_wd0.0001_bs128_seed122,122,val_macro_f1,0.8034,0.752335,-1.0
transformer,transformer_weld_seam_windows_ws5_tf75_pg0_h1_dm96_nh8_l4_ff128_do0.2_ep80_lr0.0001_wd0.0005_bs128_seed122,ablation_experiments/h1/results/comparison_18d_baselines/transformer/transformer_weld_seam_windows_ws5_tf75_pg0_h1_dm96_nh8_l4_ff128_do0.2_ep80_lr0.0001_wd0.0005_bs128_seed122,122,val_macro_f1,0.809,0.740429,-1.0
inception,inception_weld_seam_windows_ws5_tf75_pg0_h1_oc16_blk3_bn16_do0.1_ep80_lr0.0001_wd0.0001_bs128_seed14,ablation_experiments/h1/results/comparison_18d_baselines/inception/inception_weld_seam_windows_ws5_tf75_pg0_h1_oc16_blk3_bn16_do0.1_ep80_lr0.0001_wd0.0001_bs128_seed14,14,val_macro_f1,0.8034,0.73824,-1.0
inception,inception_weld_seam_windows_ws5_tf75_pg0_h1_oc16_blk3_bn16_do0.1_ep80_lr0.0001_wd0.0001_bs128_seed183,ablation_experiments/h1/results/comparison_18d_baselines/inception/inception_weld_seam_windows_ws5_tf75_pg0_h1_oc16_blk3_bn16_do0.1_ep80_lr0.0001_wd0.0001_bs128_seed183,183,val_macro_f1,0.8736,0.825416,-1.0
inception,inception_weld_seam_windows_ws5_tf75_pg0_h1_oc16_blk3_bn16_do0.1_ep80_lr0.0001_wd0.0001_bs128_seed42,ablation_experiments/h1/results/comparison_18d_baselines/inception/inception_weld_seam_windows_ws5_tf75_pg0_h1_oc16_blk3_bn16_do0.1_ep80_lr0.0001_wd0.0001_bs128_seed42,42,val_macro_f1,0.8287,0.761753,-1.0
inception,inception_weld_seam_windows_ws5_tf75_pg0_h1_oc16_blk3_bn16_do0.1_ep80_lr0.0001_wd0.0001_bs128_seed77,ablation_experiments/h1/results/comparison_18d_baselines/inception/inception_weld_seam_windows_ws5_tf75_pg0_h1_oc16_blk3_bn16_do0.1_ep80_lr0.0001_wd0.0001_bs128_seed77,77,val_macro_f1,0.8736,0.823815,-1.0
inception,inception_weld_seam_windows_ws5_tf75_pg0_h1_oc16_blk3_bn16_do0.1_ep80_lr0.0003_wd0.0002_bs64_seed183,ablation_experiments/h1/results/comparison_18d_baselines/inception/inception_weld_seam_windows_ws5_tf75_pg0_h1_oc16_blk3_bn16_do0.1_ep80_lr0.0003_wd0.0002_bs64_seed183,183,val_macro_f1,0.8427,0.793155,-1.0
inception,inception_weld_seam_windows_ws5_tf75_pg0_h1_oc16_blk3_bn16_do0.1_ep80_lr0.0005_wd0.0002_bs128_seed42,ablation_experiments/h1/results/comparison_18d_baselines/inception/inception_weld_seam_windows_ws5_tf75_pg0_h1_oc16_blk3_bn16_do0.1_ep80_lr0.0005_wd0.0002_bs128_seed42,42,val_macro_f1,0.8287,0.764001,-1.0
inception,inception_weld_seam_windows_ws5_tf75_pg0_h1_oc16_blk3_bn16_do0.2_ep80_lr0.0002_wd0.0005_bs128_seed183,ablation_experiments/h1/results/comparison_18d_baselines/inception/inception_weld_seam_windows_ws5_tf75_pg0_h1_oc16_blk3_bn16_do0.2_ep80_lr0.0002_wd0.0005_bs128_seed183,183,val_macro_f1,0.8792,0.842699,-1.0
inception,inception_weld_seam_windows_ws5_tf75_pg0_h1_oc16_blk3_bn16_do0.2_ep80_lr0.0002_wd1e-05_bs128_seed122,ablation_experiments/h1/results/comparison_18d_baselines/inception/inception_weld_seam_windows_ws5_tf75_pg0_h1_oc16_blk3_bn16_do0.2_ep80_lr0.0002_wd1e-05_bs128_seed122,122,val_macro_f1,0.8146,0.730554,-1.0
inception,inception_weld_seam_windows_ws5_tf75_pg0_h1_oc16_blk3_bn16_do0.2_ep80_lr0.0005_wd1e-05_bs64_seed77,ablation_experiments/h1/results/comparison_18d_baselines/inception/inception_weld_seam_windows_ws5_tf75_pg0_h1_oc16_blk3_bn16_do0.2_ep80_lr0.0005_wd1e-05_bs64_seed77,77,val_macro_f1,0.8595999999999999,0.80163,-1.0
inception,inception_weld_seam_windows_ws5_tf75_pg0_h1_oc16_blk3_bn32_do0.2_ep80_lr0.0002_wd0.0005_bs128_seed14,ablation_experiments/h1/results/comparison_18d_baselines/inception/inception_weld_seam_windows_ws5_tf75_pg0_h1_oc16_blk3_bn32_do0.2_ep80_lr0.0002_wd0.0005_bs128_seed14,14,val_macro_f1,0.7920999999999999,0.708201,-1.0
inception,inception_weld_seam_windows_ws5_tf75_pg0_h1_oc16_blk3_bn32_do0.3_ep80_lr0.0003_wd0.0005_bs128_seed42,ablation_experiments/h1/results/comparison_18d_baselines/inception/inception_weld_seam_windows_ws5_tf75_pg0_h1_oc16_blk3_bn32_do0.3_ep80_lr0.0003_wd0.0005_bs128_seed42,42,val_macro_f1,0.8062,0.742193,-1.0
inception,inception_weld_seam_windows_ws5_tf75_pg0_h1_oc16_blk6_bn32_do0.1_ep80_lr0.0001_wd0.0005_bs128_seed122,ablation_experiments/h1/results/comparison_18d_baselines/inception/inception_weld_seam_windows_ws5_tf75_pg0_h1_oc16_blk6_bn32_do0.1_ep80_lr0.0001_wd0.0005_bs128_seed122,122,val_macro_f1,0.8595999999999999,0.826189,-1.0
inception,inception_weld_seam_windows_ws5_tf75_pg0_h1_oc16_blk6_bn32_do0.2_ep80_lr0.0002_wd0.0001_bs64_seed100,ablation_experiments/h1/results/comparison_18d_baselines/inception/inception_weld_seam_windows_ws5_tf75_pg0_h1_oc16_blk6_bn32_do0.2_ep80_lr0.0002_wd0.0001_bs64_seed100,100,val_macro_f1,0.8287,0.785179,-1.0
inception,inception_weld_seam_windows_ws5_tf75_pg0_h1_oc16_blk9_bn16_do0.2_ep80_lr0.0001_wd0.0002_bs128_seed14,ablation_experiments/h1/results/comparison_18d_baselines/inception/inception_weld_seam_windows_ws5_tf75_pg0_h1_oc16_blk9_bn16_do0.2_ep80_lr0.0001_wd0.0002_bs128_seed14,14,val_macro_f1,0.7584000000000001,0.668108,-1.0
inception,inception_weld_seam_windows_ws5_tf75_pg0_h1_oc16_blk9_bn16_do0.3_ep80_lr0.0002_wd1e-05_bs128_seed122,ablation_experiments/h1/results/comparison_18d_baselines/inception/inception_weld_seam_windows_ws5_tf75_pg0_h1_oc16_blk9_bn16_do0.3_ep80_lr0.0002_wd1e-05_bs128_seed122,122,val_macro_f1,0.8792,0.816409,-1.0
inception,inception_weld_seam_windows_ws5_tf75_pg0_h1_oc16_blk9_bn16_do0.3_ep80_lr0.0002_wd1e-05_bs128_seed14,ablation_experiments/h1/results/comparison_18d_baselines/inception/inception_weld_seam_windows_ws5_tf75_pg0_h1_oc16_blk9_bn16_do0.3_ep80_lr0.0002_wd1e-05_bs128_seed14,14,val_macro_f1,0.736,0.634264,-1.0
inception,inception_weld_seam_windows_ws5_tf75_pg0_h1_oc16_blk9_bn16_do0.3_ep80_lr0.0002_wd1e-05_bs128_seed183,ablation_experiments/h1/results/comparison_18d_baselines/inception/inception_weld_seam_windows_ws5_tf75_pg0_h1_oc16_blk9_bn16_do0.3_ep80_lr0.0002_wd1e-05_bs128_seed183,183,val_macro_f1,0.7809,0.69628,-1.0
inception,inception_weld_seam_windows_ws5_tf75_pg0_h1_oc16_blk9_bn16_do0.3_ep80_lr0.0002_wd1e-05_bs128_seed42,ablation_experiments/h1/results/comparison_18d_baselines/inception/inception_weld_seam_windows_ws5_tf75_pg0_h1_oc16_blk9_bn16_do0.3_ep80_lr0.0002_wd1e-05_bs128_seed42,42,val_macro_f1,0.7893000000000001,0.674696,-1.0
inception,inception_weld_seam_windows_ws5_tf75_pg0_h1_oc16_blk9_bn32_do0.3_ep80_lr0.0001_wd0.0002_bs128_seed100,ablation_experiments/h1/results/comparison_18d_baselines/inception/inception_weld_seam_windows_ws5_tf75_pg0_h1_oc16_blk9_bn32_do0.3_ep80_lr0.0001_wd0.0002_bs128_seed100,100,val_macro_f1,0.8708,0.83325,-1.0
inception,inception_weld_seam_windows_ws5_tf75_pg0_h1_oc16_blk9_bn32_do0.3_ep80_lr0.0003_wd1e-05_bs64_seed77,ablation_experiments/h1/results/comparison_18d_baselines/inception/inception_weld_seam_windows_ws5_tf75_pg0_h1_oc16_blk9_bn32_do0.3_ep80_lr0.0003_wd1e-05_bs64_seed77,77,val_macro_f1,0.7612000000000001,0.631916,-1.0
inception,inception_weld_seam_windows_ws5_tf75_pg0_h1_oc24_blk3_bn16_do0.2_ep80_lr0.0001_wd0.0002_bs128_seed122,ablation_experiments/h1/results/comparison_18d_baselines/inception/inception_weld_seam_windows_ws5_tf75_pg0_h1_oc24_blk3_bn16_do0.2_ep80_lr0.0001_wd0.0002_bs128_seed122,122,val_macro_f1,0.8343,0.770287,-1.0
inception,inception_weld_seam_windows_ws5_tf75_pg0_h1_oc24_blk3_bn16_do0.2_ep80_lr0.0002_wd0.0005_bs128_seed14,ablation_experiments/h1/results/comparison_18d_baselines/inception/inception_weld_seam_windows_ws5_tf75_pg0_h1_oc24_blk3_bn16_do0.2_ep80_lr0.0002_wd0.0005_bs128_seed14,14,val_macro_f1,0.7415999999999999,0.646928,-1.0
inception,inception_weld_seam_windows_ws5_tf75_pg0_h1_oc24_blk3_bn16_do0.3_ep80_lr0.0001_wd0.0005_bs128_seed183,ablation_experiments/h1/results/comparison_18d_baselines/inception/inception_weld_seam_windows_ws5_tf75_pg0_h1_oc24_blk3_bn16_do0.3_ep80_lr0.0001_wd0.0005_bs128_seed183,183,val_macro_f1,0.8764,0.833844,-1.0
inception,inception_weld_seam_windows_ws5_tf75_pg0_h1_oc24_blk3_bn16_do0.3_ep80_lr0.0005_wd0.0001_bs128_seed122,ablation_experiments/h1/results/comparison_18d_baselines/inception/inception_weld_seam_windows_ws5_tf75_pg0_h1_oc24_blk3_bn16_do0.3_ep80_lr0.0005_wd0.0001_bs128_seed122,122,val_macro_f1,0.8146,0.740824,-1.0
inception,inception_weld_seam_windows_ws5_tf75_pg0_h1_oc24_blk3_bn32_do0.2_ep80_lr0.0001_wd0.0002_bs128_seed77,ablation_experiments/h1/results/comparison_18d_baselines/inception/inception_weld_seam_windows_ws5_tf75_pg0_h1_oc24_blk3_bn32_do0.2_ep80_lr0.0001_wd0.0002_bs128_seed77,77,val_macro_f1,0.8595999999999999,0.808215,-1.0
inception,inception_weld_seam_windows_ws5_tf75_pg0_h1_oc24_blk3_bn32_do0.3_ep80_lr0.0001_wd0.0001_bs128_seed42,ablation_experiments/h1/results/comparison_18d_baselines/inception/inception_weld_seam_windows_ws5_tf75_pg0_h1_oc24_blk3_bn32_do0.3_ep80_lr0.0001_wd0.0001_bs128_seed42,42,val_macro_f1,0.8399,0.776273,-1.0
inception,inception_weld_seam_windows_ws5_tf75_pg0_h1_oc24_blk3_bn32_do0.3_ep80_lr0.0003_wd1e-05_bs128_seed14,ablation_experiments/h1/results/comparison_18d_baselines/inception/inception_weld_seam_windows_ws5_tf75_pg0_h1_oc24_blk3_bn32_do0.3_ep80_lr0.0003_wd1e-05_bs128_seed14,14,val_macro_f1,0.809,0.745412,-1.0
inception,inception_weld_seam_windows_ws5_tf75_pg0_h1_oc24_blk3_bn32_do0.3_ep80_lr0.0005_wd0.0005_bs64_seed14,ablation_experiments/h1/results/comparison_18d_baselines/inception/inception_weld_seam_windows_ws5_tf75_pg0_h1_oc24_blk3_bn32_do0.3_ep80_lr0.0005_wd0.0005_bs64_seed14,14,val_macro_f1,0.8006,0.729403,-1.0
inception,inception_weld_seam_windows_ws5_tf75_pg0_h1_oc24_blk6_bn32_do0.3_ep80_lr0.0003_wd0.0002_bs64_seed100,ablation_experiments/h1/results/comparison_18d_baselines/inception/inception_weld_seam_windows_ws5_tf75_pg0_h1_oc24_blk6_bn32_do0.3_ep80_lr0.0003_wd0.0002_bs64_seed100,100,val_macro_f1,0.8062,0.724643,-1.0
inception,inception_weld_seam_windows_ws5_tf75_pg0_h1_oc24_blk9_bn16_do0.2_ep80_lr0.0005_wd0.0001_bs128_seed42,ablation_experiments/h1/results/comparison_18d_baselines/inception/inception_weld_seam_windows_ws5_tf75_pg0_h1_oc24_blk9_bn16_do0.2_ep80_lr0.0005_wd0.0001_bs128_seed42,42,val_macro_f1,0.8118000000000001,0.751631,-1.0
inception,inception_weld_seam_windows_ws5_tf75_pg0_h1_oc24_blk9_bn32_do0.3_ep80_lr0.0001_wd0.0002_bs64_seed122,ablation_experiments/h1/results/comparison_18d_baselines/inception/inception_weld_seam_windows_ws5_tf75_pg0_h1_oc24_blk9_bn32_do0.3_ep80_lr0.0001_wd0.0002_bs64_seed122,122,val_macro_f1,0.8427,0.780339,-1.0
inception,inception_weld_seam_windows_ws5_tf75_pg0_h1_oc24_blk9_bn32_do0.3_ep80_lr0.0005_wd0.0002_bs64_seed42,ablation_experiments/h1/results/comparison_18d_baselines/inception/inception_weld_seam_windows_ws5_tf75_pg0_h1_oc24_blk9_bn32_do0.3_ep80_lr0.0005_wd0.0002_bs64_seed42,42,val_macro_f1,0.7781,0.69112,-1.0
inception,inception_weld_seam_windows_ws5_tf75_pg0_h1_oc32_blk3_bn32_do0.1_ep80_lr0.0002_wd0.0002_bs64_seed42,ablation_experiments/h1/results/comparison_18d_baselines/inception/inception_weld_seam_windows_ws5_tf75_pg0_h1_oc32_blk3_bn32_do0.1_ep80_lr0.0002_wd0.0002_bs64_seed42,42,val_macro_f1,0.8006,0.72364,-1.0
inception,inception_weld_seam_windows_ws5_tf75_pg0_h1_oc32_blk6_bn16_do0.1_ep80_lr0.0001_wd0.0002_bs64_seed42,ablation_experiments/h1/results/comparison_18d_baselines/inception/inception_weld_seam_windows_ws5_tf75_pg0_h1_oc32_blk6_bn16_do0.1_ep80_lr0.0001_wd0.0002_bs64_seed42,42,val_macro_f1,0.7865000000000001,0.691018,-1.0
inception,inception_weld_seam_windows_ws5_tf75_pg0_h1_oc32_blk6_bn16_do0.1_ep80_lr0.0001_wd1e-05_bs64_seed122,ablation_experiments/h1/results/comparison_18d_baselines/inception/inception_weld_seam_windows_ws5_tf75_pg0_h1_oc32_blk6_bn16_do0.1_ep80_lr0.0001_wd1e-05_bs64_seed122,122,val_macro_f1,0.809,0.729031,-1.0
inception,inception_weld_seam_windows_ws5_tf75_pg0_h1_oc32_blk6_bn32_do0.2_ep80_lr0.0005_wd0.0001_bs64_seed183,ablation_experiments/h1/results/comparison_18d_baselines/inception/inception_weld_seam_windows_ws5_tf75_pg0_h1_oc32_blk6_bn32_do0.2_ep80_lr0.0005_wd0.0001_bs64_seed183,183,val_macro_f1,0.8539,0.813502,-1.0
inception,inception_weld_seam_windows_ws5_tf75_pg0_h1_oc32_blk9_bn16_do0.3_ep80_lr0.0005_wd0.0002_bs64_seed122,ablation_experiments/h1/results/comparison_18d_baselines/inception/inception_weld_seam_windows_ws5_tf75_pg0_h1_oc32_blk9_bn16_do0.3_ep80_lr0.0005_wd0.0002_bs64_seed122,122,val_macro_f1,0.8258,0.769669,-1.0
inception,inception_weld_seam_windows_ws5_tf75_pg0_h1_oc32_blk9_bn32_do0.2_ep80_lr0.0001_wd0.0001_bs128_seed122,ablation_experiments/h1/results/comparison_18d_baselines/inception/inception_weld_seam_windows_ws5_tf75_pg0_h1_oc32_blk9_bn32_do0.2_ep80_lr0.0001_wd0.0001_bs128_seed122,122,val_macro_f1,0.7669,0.66506,-1.0
